"../../../Engine/Content/EditorResources/S_Actor.ubulk" 0
"../../../Engine/Content/EditorResources/S_Actor.uasset" 1
"../../../Engine/Content/EditorResources/S_Actor.uexp" 2
"../../../Engine/Content/EditorResources/S_BoxReflectionCapture.uasset" 3
"../../../Engine/Content/EditorResources/S_BoxReflectionCapture.uexp" 4
"../../../Engine/Content/EngineResources/DefaultTexture.ubulk" 5
"../../../Engine/Content/EngineResources/DefaultTexture.uasset" 6
"../../../Engine/Content/EngineResources/DefaultTexture.uexp" 7
"../../../Engine/Content/EngineResources/DefaultTextureCube.uasset" 8
"../../../Engine/Content/EngineResources/DefaultTextureCube.uexp" 9
"../../../Engine/Content/EngineResources/DefaultVolumeTexture2D.uasset" 10
"../../../Engine/Content/EngineResources/DefaultVolumeTexture2D.uexp" 11
"../../../Engine/Content/EngineResources/DefaultVolumeTexture.uasset" 12
"../../../Engine/Content/EngineResources/DefaultVolumeTexture.uexp" 13
"../../../Engine/Content/EditorResources/S_Trigger.ubulk" 14
"../../../Engine/Content/EditorResources/S_Trigger.uasset" 15
"../../../Engine/Content/EditorResources/S_Trigger.uexp" 16
"../../../Engine/Content/EditorResources/S_TriggerBox.uasset" 17
"../../../Engine/Content/EditorResources/S_TriggerBox.uexp" 18
"../../../Engine/Content/EditorResources/S_TriggerCapsule.uasset" 19
"../../../Engine/Content/EditorResources/S_TriggerCapsule.uexp" 20
"../../../Engine/Content/EditorResources/S_TriggerSphere.uasset" 21
"../../../Engine/Content/EditorResources/S_TriggerSphere.uexp" 22
"../../../Engine/Content/EngineMeshes/Sphere.ubulk" 23
"../../../Engine/Content/EngineMeshes/Sphere.uasset" 24
"../../../Engine/Content/EngineMeshes/Sphere.uexp" 25
"../../../Engine/Content/EngineResources/GradientTexture0.uasset" 26
"../../../Engine/Content/EngineResources/GradientTexture0.uexp" 27
"../../../Engine/Content/EngineResources/Black.uasset" 28
"../../../Engine/Content/EngineResources/Black.uexp" 29
"../../../Engine/Content/VREditor/LaserPointer/VR_LaserPower_01.ubulk" 30
"../../../Engine/Content/VREditor/LaserPointer/VR_LaserPower_01.uasset" 31
"../../../Engine/Content/VREditor/LaserPointer/VR_LaserPower_01.uexp" 32
"../../../Engine/Content/VREditor/TransformGizmo/TransformGizmoMaterial.uasset" 33
"../../../Engine/Content/VREditor/TransformGizmo/TransformGizmoMaterial.uexp" 34
"../../../Engine/Content/VREditor/TransformGizmo/TranslucentTransformGizmoMaterial.uasset" 35
"../../../Engine/Content/VREditor/TransformGizmo/TranslucentTransformGizmoMaterial.uexp" 36
"../../../Engine/Content/VREditor/TransformGizmo/PlaneTranslationHandle.ubulk" 37
"../../../Engine/Content/VREditor/TransformGizmo/PlaneTranslationHandle.uasset" 38
"../../../Engine/Content/VREditor/TransformGizmo/PlaneTranslationHandle.uexp" 39
"../../../Engine/Content/VREditor/TransformGizmo/BoundingBoxCorner.ubulk" 40
"../../../Engine/Content/VREditor/TransformGizmo/BoundingBoxCorner.uasset" 41
"../../../Engine/Content/VREditor/TransformGizmo/BoundingBoxCorner.uexp" 42
"../../../Engine/Content/VREditor/TransformGizmo/BoundingBoxEdge.ubulk" 43
"../../../Engine/Content/VREditor/TransformGizmo/BoundingBoxEdge.uasset" 44
"../../../Engine/Content/VREditor/TransformGizmo/BoundingBoxEdge.uexp" 45
"../../../Engine/Content/VREditor/TransformGizmo/Main.uasset" 46
"../../../Engine/Content/VREditor/TransformGizmo/Main.uexp" 47
"../../../Engine/Content/VREditor/TransformGizmo/Xray.uasset" 48
"../../../Engine/Content/VREditor/TransformGizmo/Xray.uexp" 49
"../../../Engine/Content/VREditor/TransformGizmo/SM_Sequencer_Node.ubulk" 50
"../../../Engine/Content/VREditor/TransformGizmo/SM_Sequencer_Node.uasset" 51
"../../../Engine/Content/VREditor/TransformGizmo/SM_Sequencer_Node.uexp" 52
"../../../Engine/Content/EditorMaterials/Camera/CineMat.uasset" 53
"../../../Engine/Content/EditorMaterials/Camera/CineMat.uexp" 54
"../../../Engine/Content/EditorMaterials/Camera/MI_CineMat_Rig.uasset" 55
"../../../Engine/Content/EditorMaterials/Camera/MI_CineMat_Rig.uexp" 56
"../../../Engine/Content/EditorMeshes/Camera/SM_CraneRig_Base.ubulk" 57
"../../../Engine/Content/EditorMeshes/Camera/SM_CraneRig_Base.uasset" 58
"../../../Engine/Content/EditorMeshes/Camera/SM_CraneRig_Base.uexp" 59
"../../../Engine/Content/EditorMeshes/Camera/SM_CraneRig_Arm.ubulk" 60
"../../../Engine/Content/EditorMeshes/Camera/SM_CraneRig_Arm.uasset" 61
"../../../Engine/Content/EditorMeshes/Camera/SM_CraneRig_Arm.uexp" 62
"../../../Engine/Content/EditorMeshes/Camera/SM_CraneRig_Mount.ubulk" 63
"../../../Engine/Content/EditorMeshes/Camera/SM_CraneRig_Mount.uasset" 64
"../../../Engine/Content/EditorMeshes/Camera/SM_CraneRig_Mount.uexp" 65
"../../../Engine/Content/EditorMeshes/Camera/SM_CraneRig_Body.ubulk" 66
"../../../Engine/Content/EditorMeshes/Camera/SM_CraneRig_Body.uasset" 67
"../../../Engine/Content/EditorMeshes/Camera/SM_CraneRig_Body.uexp" 68
"../../../Engine/Content/EditorMeshes/Camera/SM_RailRig_Track.ubulk" 69
"../../../Engine/Content/EditorMeshes/Camera/SM_RailRig_Track.uasset" 70
"../../../Engine/Content/EditorMeshes/Camera/SM_RailRig_Track.uexp" 71
"../../../Engine/Content/EditorMeshes/Camera/SM_RailRig_Mount.ubulk" 72
"../../../Engine/Content/EditorMeshes/Camera/SM_RailRig_Mount.uasset" 73
"../../../Engine/Content/EditorMeshes/Camera/SM_RailRig_Mount.uexp" 74
"../../../Engine/Content/EngineMaterials/T_Default_Material_Grid_M.ubulk" 75
"../../../Engine/Content/EngineMaterials/T_Default_Material_Grid_M.uasset" 76
"../../../Engine/Content/EngineMaterials/T_Default_Material_Grid_M.uexp" 77
"../../../Engine/Content/EngineMaterials/T_Default_Material_Grid_N.ubulk" 78
"../../../Engine/Content/EngineMaterials/T_Default_Material_Grid_N.uasset" 79
"../../../Engine/Content/EngineMaterials/T_Default_Material_Grid_N.uexp" 80
"../../../Engine/Content/Functions/Engine_MaterialFunctions01/Opacity/CameraDepthFade.uasset" 81
"../../../Engine/Content/Functions/Engine_MaterialFunctions01/Opacity/CameraDepthFade.uexp" 82
"../../../Engine/Content/EngineMaterials/WorldGridMaterial.uasset" 83
"../../../Engine/Content/EngineMaterials/WorldGridMaterial.uexp" 84
"../../../Engine/Content/ArtTools/RenderToTexture/Meshes/S_1_Unit_Plane.ubulk" 85
"../../../Engine/Content/ArtTools/RenderToTexture/Meshes/S_1_Unit_Plane.uasset" 86
"../../../Engine/Content/ArtTools/RenderToTexture/Meshes/S_1_Unit_Plane.uexp" 87
"../../../Engine/Content/EditorMaterials/ParticleSystems/PSysThumbnail_NoImage.ubulk" 88
"../../../Engine/Content/EditorMaterials/ParticleSystems/PSysThumbnail_NoImage.uasset" 89
"../../../Engine/Content/EditorMaterials/ParticleSystems/PSysThumbnail_NoImage.uexp" 90
"../../../Engine/Content/EditorMaterials/ParticleSystems/PSysThumbnail_OOD.ubulk" 91
"../../../Engine/Content/EditorMaterials/ParticleSystems/PSysThumbnail_OOD.uasset" 92
"../../../Engine/Content/EditorMaterials/ParticleSystems/PSysThumbnail_OOD.uexp" 93
"../../../Engine/Content/EditorLandscapeResources/SplineEditorMeshMat.uasset" 94
"../../../Engine/Content/EditorLandscapeResources/SplineEditorMeshMat.uexp" 95
"../../../Engine/Content/EditorLandscapeResources/SplineEditorMesh.ubulk" 96
"../../../Engine/Content/EditorLandscapeResources/SplineEditorMesh.uasset" 97
"../../../Engine/Content/EditorLandscapeResources/SplineEditorMesh.uexp" 98
"../../../Engine/Content/EditorResources/S_Solver.ubulk" 99
"../../../Engine/Content/EditorResources/S_Solver.uasset" 100
"../../../Engine/Content/EditorResources/S_Solver.uexp" 101
"../../../Engine/Plugins/Media/MediaPlate/Content/SM_MediaPlateScreen.ubulk" 102
"../../../Engine/Plugins/Media/MediaPlate/Content/SM_MediaPlateScreen.uasset" 103
"../../../Engine/Plugins/Media/MediaPlate/Content/SM_MediaPlateScreen.uexp" 104
"../../../Engine/Content/EngineMaterials/Good64x64TilingNoiseHighFreq.uasset" 105
"../../../Engine/Content/EngineMaterials/Good64x64TilingNoiseHighFreq.uexp" 106
"../../../Engine/Content/EngineMaterials/DefaultBokeh.uasset" 107
"../../../Engine/Content/EngineMaterials/DefaultBokeh.uexp" 108
"../../../Engine/Content/EngineMaterials/PreintegratedSkinBRDF.uasset" 109
"../../../Engine/Content/EngineMaterials/PreintegratedSkinBRDF.uexp" 110
"../../../Engine/Content/EngineMaterials/MiniFont.uasset" 111
"../../../Engine/Content/EngineMaterials/MiniFont.uexp" 112
"../../../Engine/Content/EngineMaterials/WeightMapPlaceholderTexture.uasset" 113
"../../../Engine/Content/EngineMaterials/WeightMapPlaceholderTexture.uexp" 114
"../../../Engine/Content/EngineMaterials/DefaultWhiteGrid.ubulk" 115
"../../../Engine/Content/EngineMaterials/DefaultWhiteGrid.uasset" 116
"../../../Engine/Content/EngineMaterials/DefaultWhiteGrid.uexp" 117
"../../../Engine/Plugins/2D/Paper2D/Content/PlaceholderTextures/DummySpriteTexture.ubulk" 118
"../../../Engine/Plugins/2D/Paper2D/Content/PlaceholderTextures/DummySpriteTexture.uasset" 119
"../../../Engine/Plugins/2D/Paper2D/Content/PlaceholderTextures/DummySpriteTexture.uexp" 120
"../../../Engine/Plugins/2D/Paper2D/Content/DefaultSpriteMaterial.uasset" 121
"../../../Engine/Plugins/2D/Paper2D/Content/DefaultSpriteMaterial.uexp" 122
"../../../Engine/Plugins/2D/Paper2D/Content/OpaqueUnlitSpriteMaterial.uasset" 123
"../../../Engine/Plugins/2D/Paper2D/Content/OpaqueUnlitSpriteMaterial.uexp" 124
"../../../Engine/Plugins/2D/Paper2D/Content/MaskedUnlitSpriteMaterial.uasset" 125
"../../../Engine/Plugins/2D/Paper2D/Content/MaskedUnlitSpriteMaterial.uexp" 126
"../../../Engine/Plugins/2D/Paper2D/Content/DummySprite.uasset" 127
"../../../Engine/Plugins/2D/Paper2D/Content/DummySprite.uexp" 128
"../../../Engine/Plugins/2D/Paper2D/Content/DefaultPaperTerrainMaterial.uasset" 129
"../../../Engine/Plugins/2D/Paper2D/Content/DefaultPaperTerrainMaterial.uexp" 130
"../../../Engine/Content/Functions/Engine_MaterialFunctions02/WorldPositionOffset/CameraOffset.uasset" 131
"../../../Engine/Content/Functions/Engine_MaterialFunctions02/WorldPositionOffset/CameraOffset.uexp" 132
"../../../Engine/Plugins/Animation/ControlRig/Content/M_Manip.uasset" 133
"../../../Engine/Plugins/Animation/ControlRig/Content/M_Manip.uexp" 134
"../../../Engine/Content/EditorLandscapeResources/DefaultAlphaTexture.uasset" 135
"../../../Engine/Content/EditorLandscapeResources/DefaultAlphaTexture.uexp" 136
"../../../Engine/Content/EditorLandscapeResources/DataLayer.uasset" 137
"../../../Engine/Content/EditorLandscapeResources/DataLayer.uexp" 138
"../../../Engine/Plugins/Editor/SpeedTreeImporter/Content/SpeedTree9/game_wind_noise.ubulk" 139
"../../../Engine/Plugins/Editor/SpeedTreeImporter/Content/SpeedTree9/game_wind_noise.uasset" 140
"../../../Engine/Plugins/Editor/SpeedTreeImporter/Content/SpeedTree9/game_wind_noise.uexp" 141
"../../../Engine/Plugins/Editor/SpeedTreeImporter/Content/SpeedTree9/UnpackDirection.uasset" 142
"../../../Engine/Plugins/Editor/SpeedTreeImporter/Content/SpeedTree9/UnpackDirection.uexp" 143
"../../../Engine/Content/Functions/Engine_MaterialFunctions02/ObjectLocalBounds.uasset" 144
"../../../Engine/Content/Functions/Engine_MaterialFunctions02/ObjectLocalBounds.uexp" 145
"../../../Engine/Content/Functions/Engine_MaterialFunctions02/Utility/BreakOutFloat3Components.uasset" 146
"../../../Engine/Content/Functions/Engine_MaterialFunctions02/Utility/BreakOutFloat3Components.uexp" 147
"../../../Engine/Content/Functions/Engine_MaterialFunctions02/UVs/BoundingBoxBased_0-1_UVW.uasset" 148
"../../../Engine/Content/Functions/Engine_MaterialFunctions02/UVs/BoundingBoxBased_0-1_UVW.uexp" 149
"../../../Engine/Content/Functions/Engine_MaterialFunctions02/Utility/VectorLength.uasset" 150
"../../../Engine/Content/Functions/Engine_MaterialFunctions02/Utility/VectorLength.uexp" 151
"../../../Engine/Plugins/Editor/SpeedTreeImporter/Content/SpeedTree9/UnpackInteger3.uasset" 152
"../../../Engine/Plugins/Editor/SpeedTreeImporter/Content/SpeedTree9/UnpackInteger3.uexp" 153
"../../../Engine/Plugins/Editor/SpeedTreeImporter/Content/SpeedTree9/SpeedTreeCameraFacing.uasset" 154
"../../../Engine/Plugins/Editor/SpeedTreeImporter/Content/SpeedTree9/SpeedTreeCameraFacing.uexp" 155
"../../../Engine/Content/Functions/Engine_MaterialFunctions02/WorldPositionOffset/ObjectScale.uasset" 156
"../../../Engine/Content/Functions/Engine_MaterialFunctions02/WorldPositionOffset/ObjectScale.uexp" 157
"../../../Engine/Content/Functions/Engine_MaterialFunctions02/SafeNormalize.uasset" 158
"../../../Engine/Content/Functions/Engine_MaterialFunctions02/SafeNormalize.uexp" 159
"../../../Engine/Plugins/Editor/SpeedTreeImporter/Content/SpeedTree9/SpeedTreeWindMotion.uasset" 160
"../../../Engine/Plugins/Editor/SpeedTreeImporter/Content/SpeedTree9/SpeedTreeWindMotion.uexp" 161
"../../../Engine/Plugins/Editor/SpeedTreeImporter/Content/SpeedTree9/SpeedTreeBranchMotion.uasset" 162
"../../../Engine/Plugins/Editor/SpeedTreeImporter/Content/SpeedTree9/SpeedTreeBranchMotion.uexp" 163
"../../../Engine/Plugins/Editor/SpeedTreeImporter/Content/SpeedTree9/SpeedTreeWind.uasset" 164
"../../../Engine/Plugins/Editor/SpeedTreeImporter/Content/SpeedTree9/SpeedTreeWind.uexp" 165
"../../../Engine/Plugins/Editor/SpeedTreeImporter/Content/SpeedTree9/EmptyNormal.uasset" 166
"../../../Engine/Plugins/Editor/SpeedTreeImporter/Content/SpeedTree9/EmptyNormal.uexp" 167
"../../../Engine/Plugins/Editor/SpeedTreeImporter/Content/SpeedTree9/Empty.uasset" 168
"../../../Engine/Plugins/Editor/SpeedTreeImporter/Content/SpeedTree9/Empty.uexp" 169
"../../../Engine/Plugins/Editor/SpeedTreeImporter/Content/SpeedTree9/SpeedTreeMaster.uasset" 170
"../../../Engine/Plugins/Editor/SpeedTreeImporter/Content/SpeedTree9/SpeedTreeMaster.uexp" 171
"../../../Engine/Plugins/Editor/SpeedTreeImporter/Content/SpeedTree9/SpeedTreeBillboard.uasset" 172
"../../../Engine/Plugins/Editor/SpeedTreeImporter/Content/SpeedTree9/SpeedTreeBillboard.uexp" 173
"../../../Engine/Plugins/Editor/SpeedTreeImporter/Content/SpeedTree9/SpeedTreeBillboardMaster.uasset" 174
"../../../Engine/Plugins/Editor/SpeedTreeImporter/Content/SpeedTree9/SpeedTreeBillboardMaster.uexp" 175
"../../../Engine/Plugins/Animation/ControlRig/Content/Controls/DefaultGizmoLibraryNormalized.uasset" 176
"../../../Engine/Plugins/Animation/ControlRig/Content/Controls/DefaultGizmoLibraryNormalized.uexp" 177
"../../../Engine/Plugins/Animation/ControlRig/Content/Controls/ControlRig_Wedge_solid.ubulk" 178
"../../../Engine/Plugins/Animation/ControlRig/Content/Controls/ControlRig_Wedge_solid.uasset" 179
"../../../Engine/Plugins/Animation/ControlRig/Content/Controls/ControlRig_Wedge_solid.uexp" 180
"../../../Engine/Plugins/Animation/ControlRig/Content/Controls/ControlRig_Wedge_3mm.ubulk" 181
"../../../Engine/Plugins/Animation/ControlRig/Content/Controls/ControlRig_Wedge_3mm.uasset" 182
"../../../Engine/Plugins/Animation/ControlRig/Content/Controls/ControlRig_Wedge_3mm.uexp" 183
"../../../Engine/Plugins/Animation/ControlRig/Content/Controls/ControlRig_Wedge_1mm.ubulk" 184
"../../../Engine/Plugins/Animation/ControlRig/Content/Controls/ControlRig_Wedge_1mm.uasset" 185
"../../../Engine/Plugins/Animation/ControlRig/Content/Controls/ControlRig_Wedge_1mm.uexp" 186
"../../../Engine/Plugins/Animation/ControlRig/Content/Controls/ControlRig_Triangle_solid.ubulk" 187
"../../../Engine/Plugins/Animation/ControlRig/Content/Controls/ControlRig_Triangle_solid.uasset" 188
"../../../Engine/Plugins/Animation/ControlRig/Content/Controls/ControlRig_Triangle_solid.uexp" 189
"../../../Engine/Plugins/Animation/ControlRig/Content/Controls/ControlRig_Triangle_3mm.ubulk" 190
"../../../Engine/Plugins/Animation/ControlRig/Content/Controls/ControlRig_Triangle_3mm.uasset" 191
"../../../Engine/Plugins/Animation/ControlRig/Content/Controls/ControlRig_Triangle_3mm.uexp" 192
"../../../Engine/Plugins/Animation/ControlRig/Content/Controls/ControlRig_Triangle_1mm.ubulk" 193
"../../../Engine/Plugins/Animation/ControlRig/Content/Controls/ControlRig_Triangle_1mm.uasset" 194
"../../../Engine/Plugins/Animation/ControlRig/Content/Controls/ControlRig_Triangle_1mm.uexp" 195
"../../../Engine/Plugins/Animation/ControlRig/Content/Controls/ControlRig_Star4_solid.ubulk" 196
"../../../Engine/Plugins/Animation/ControlRig/Content/Controls/ControlRig_Star4_solid.uasset" 197
"../../../Engine/Plugins/Animation/ControlRig/Content/Controls/ControlRig_Star4_solid.uexp" 198
"../../../Engine/Plugins/Animation/ControlRig/Content/Controls/ControlRig_Star4_3mm.ubulk" 199
"../../../Engine/Plugins/Animation/ControlRig/Content/Controls/ControlRig_Star4_3mm.uasset" 200
"../../../Engine/Plugins/Animation/ControlRig/Content/Controls/ControlRig_Star4_3mm.uexp" 201
"../../../Engine/Plugins/Animation/ControlRig/Content/Controls/ControlRig_Star4_1mm.ubulk" 202
"../../../Engine/Plugins/Animation/ControlRig/Content/Controls/ControlRig_Star4_1mm.uasset" 203
"../../../Engine/Plugins/Animation/ControlRig/Content/Controls/ControlRig_Star4_1mm.uexp" 204
"../../../Engine/Plugins/Animation/ControlRig/Content/Controls/ControlRig_Square_solid.ubulk" 205
"../../../Engine/Plugins/Animation/ControlRig/Content/Controls/ControlRig_Square_solid.uasset" 206
"../../../Engine/Plugins/Animation/ControlRig/Content/Controls/ControlRig_Square_solid.uexp" 207
"../../../Engine/Plugins/Animation/ControlRig/Content/Controls/ControlRig_Square_3mm.ubulk" 208
"../../../Engine/Plugins/Animation/ControlRig/Content/Controls/ControlRig_Square_3mm.uasset" 209
"../../../Engine/Plugins/Animation/ControlRig/Content/Controls/ControlRig_Square_3mm.uexp" 210
"../../../Engine/Plugins/Animation/ControlRig/Content/Controls/ControlRig_Square_1mm.ubulk" 211
"../../../Engine/Plugins/Animation/ControlRig/Content/Controls/ControlRig_Square_1mm.uasset" 212
"../../../Engine/Plugins/Animation/ControlRig/Content/Controls/ControlRig_Square_1mm.uexp" 213
"../../../Engine/Plugins/Animation/ControlRig/Content/Controls/ControlRig_Sphere_solid.ubulk" 214
"../../../Engine/Plugins/Animation/ControlRig/Content/Controls/ControlRig_Sphere_solid.uasset" 215
"../../../Engine/Plugins/Animation/ControlRig/Content/Controls/ControlRig_Sphere_solid.uexp" 216
"../../../Engine/Plugins/Animation/ControlRig/Content/Controls/ControlRig_Sphere_3mm.ubulk" 217
"../../../Engine/Plugins/Animation/ControlRig/Content/Controls/ControlRig_Sphere_3mm.uasset" 218
"../../../Engine/Plugins/Animation/ControlRig/Content/Controls/ControlRig_Sphere_3mm.uexp" 219
"../../../Engine/Plugins/Animation/ControlRig/Content/Controls/ControlRig_Sphere_1mm.ubulk" 220
"../../../Engine/Plugins/Animation/ControlRig/Content/Controls/ControlRig_Sphere_1mm.uasset" 221
"../../../Engine/Plugins/Animation/ControlRig/Content/Controls/ControlRig_Sphere_1mm.uexp" 222
"../../../Engine/Plugins/Animation/ControlRig/Content/Controls/ControlRig_RoundedTriangle_solid.ubulk" 223
"../../../Engine/Plugins/Animation/ControlRig/Content/Controls/ControlRig_RoundedTriangle_solid.uasset" 224
"../../../Engine/Plugins/Animation/ControlRig/Content/Controls/ControlRig_RoundedTriangle_solid.uexp" 225
"../../../Engine/Plugins/Animation/ControlRig/Content/Controls/ControlRig_RoundedTriangle_3mm.ubulk" 226
"../../../Engine/Plugins/Animation/ControlRig/Content/Controls/ControlRig_RoundedTriangle_3mm.uasset" 227
"../../../Engine/Plugins/Animation/ControlRig/Content/Controls/ControlRig_RoundedTriangle_3mm.uexp" 228
"../../../Engine/Plugins/Animation/ControlRig/Content/Controls/ControlRig_RoundedTriangle_1mm.ubulk" 229
"../../../Engine/Plugins/Animation/ControlRig/Content/Controls/ControlRig_RoundedTriangle_1mm.uasset" 230
"../../../Engine/Plugins/Animation/ControlRig/Content/Controls/ControlRig_RoundedTriangle_1mm.uexp" 231
"../../../Engine/Plugins/Animation/ControlRig/Content/Controls/ControlRig_RoundedSquare_solid.ubulk" 232
"../../../Engine/Plugins/Animation/ControlRig/Content/Controls/ControlRig_RoundedSquare_solid.uasset" 233
"../../../Engine/Plugins/Animation/ControlRig/Content/Controls/ControlRig_RoundedSquare_solid.uexp" 234
"../../../Engine/Plugins/Animation/ControlRig/Content/Controls/ControlRig_RoundedSquare_3mm.ubulk" 235
"../../../Engine/Plugins/Animation/ControlRig/Content/Controls/ControlRig_RoundedSquare_3mm.uasset" 236
"../../../Engine/Plugins/Animation/ControlRig/Content/Controls/ControlRig_RoundedSquare_3mm.uexp" 237
"../../../Engine/Plugins/Animation/ControlRig/Content/Controls/ControlRig_RoundedSquare_1mm.ubulk" 238
"../../../Engine/Plugins/Animation/ControlRig/Content/Controls/ControlRig_RoundedSquare_1mm.uasset" 239
"../../../Engine/Plugins/Animation/ControlRig/Content/Controls/ControlRig_RoundedSquare_1mm.uexp" 240
"../../../Engine/Plugins/Animation/ControlRig/Content/Controls/ControlRig_QuarterCircle_solid.ubulk" 241
"../../../Engine/Plugins/Animation/ControlRig/Content/Controls/ControlRig_QuarterCircle_solid.uasset" 242
"../../../Engine/Plugins/Animation/ControlRig/Content/Controls/ControlRig_QuarterCircle_solid.uexp" 243
"../../../Engine/Plugins/Animation/ControlRig/Content/Controls/ControlRig_QuarterCircle_3mm.ubulk" 244
"../../../Engine/Plugins/Animation/ControlRig/Content/Controls/ControlRig_QuarterCircle_3mm.uasset" 245
"../../../Engine/Plugins/Animation/ControlRig/Content/Controls/ControlRig_QuarterCircle_3mm.uexp" 246
"../../../Engine/Plugins/Animation/ControlRig/Content/Controls/ControlRig_QuarterCircle_1mm.ubulk" 247
"../../../Engine/Plugins/Animation/ControlRig/Content/Controls/ControlRig_QuarterCircle_1mm.uasset" 248
"../../../Engine/Plugins/Animation/ControlRig/Content/Controls/ControlRig_QuarterCircle_1mm.uexp" 249
"../../../Engine/Plugins/Animation/ControlRig/Content/Controls/ControlRig_Pyramid_solid.ubulk" 250
"../../../Engine/Plugins/Animation/ControlRig/Content/Controls/ControlRig_Pyramid_solid.uasset" 251
"../../../Engine/Plugins/Animation/ControlRig/Content/Controls/ControlRig_Pyramid_solid.uexp" 252
"../../../Engine/Plugins/Animation/ControlRig/Content/Controls/ControlRig_Pyramid_3mm.ubulk" 253
"../../../Engine/Plugins/Animation/ControlRig/Content/Controls/ControlRig_Pyramid_3mm.uasset" 254
"../../../Engine/Plugins/Animation/ControlRig/Content/Controls/ControlRig_Pyramid_3mm.uexp" 255
"../../../Engine/Plugins/Animation/ControlRig/Content/Controls/ControlRig_Pyramid_1mm.ubulk" 256
"../../../Engine/Plugins/Animation/ControlRig/Content/Controls/ControlRig_Pyramid_1mm.uasset" 257
"../../../Engine/Plugins/Animation/ControlRig/Content/Controls/ControlRig_Pyramid_1mm.uexp" 258
"../../../Engine/Plugins/Animation/ControlRig/Content/Controls/ControlRig_Octagon_solid.ubulk" 259
"../../../Engine/Plugins/Animation/ControlRig/Content/Controls/ControlRig_Octagon_solid.uasset" 260
"../../../Engine/Plugins/Animation/ControlRig/Content/Controls/ControlRig_Octagon_solid.uexp" 261
"../../../Engine/Plugins/Animation/ControlRig/Content/Controls/ControlRig_Octagon_3mm.ubulk" 262
"../../../Engine/Plugins/Animation/ControlRig/Content/Controls/ControlRig_Octagon_3mm.uasset" 263
"../../../Engine/Plugins/Animation/ControlRig/Content/Controls/ControlRig_Octagon_3mm.uexp" 264
"../../../Engine/Plugins/Animation/ControlRig/Content/Controls/ControlRig_Octagon_1mm.ubulk" 265
"../../../Engine/Plugins/Animation/ControlRig/Content/Controls/ControlRig_Octagon_1mm.uasset" 266
"../../../Engine/Plugins/Animation/ControlRig/Content/Controls/ControlRig_Octagon_1mm.uexp" 267
"../../../Engine/Plugins/Animation/ControlRig/Content/Controls/ControlRig_Hexagon_solid.ubulk" 268
"../../../Engine/Plugins/Animation/ControlRig/Content/Controls/ControlRig_Hexagon_solid.uasset" 269
"../../../Engine/Plugins/Animation/ControlRig/Content/Controls/ControlRig_Hexagon_solid.uexp" 270
"../../../Engine/Plugins/Animation/ControlRig/Content/Controls/ControlRig_Hexagon_3mm.ubulk" 271
"../../../Engine/Plugins/Animation/ControlRig/Content/Controls/ControlRig_Hexagon_3mm.uasset" 272
"../../../Engine/Plugins/Animation/ControlRig/Content/Controls/ControlRig_Hexagon_3mm.uexp" 273
"../../../Engine/Plugins/Animation/ControlRig/Content/Controls/ControlRig_Hexagon_1mm.ubulk" 274
"../../../Engine/Plugins/Animation/ControlRig/Content/Controls/ControlRig_Hexagon_1mm.uasset" 275
"../../../Engine/Plugins/Animation/ControlRig/Content/Controls/ControlRig_Hexagon_1mm.uexp" 276
"../../../Engine/Plugins/Animation/ControlRig/Content/Controls/ControlRig_HalfCircle_solid.ubulk" 277
"../../../Engine/Plugins/Animation/ControlRig/Content/Controls/ControlRig_HalfCircle_solid.uasset" 278
"../../../Engine/Plugins/Animation/ControlRig/Content/Controls/ControlRig_HalfCircle_solid.uexp" 279
"../../../Engine/Plugins/Animation/ControlRig/Content/Controls/ControlRig_HalfCircle_3mm.ubulk" 280
"../../../Engine/Plugins/Animation/ControlRig/Content/Controls/ControlRig_HalfCircle_3mm.uasset" 281
"../../../Engine/Plugins/Animation/ControlRig/Content/Controls/ControlRig_HalfCircle_3mm.uexp" 282
"../../../Engine/Plugins/Animation/ControlRig/Content/Controls/ControlRig_HalfCircle_1mm.ubulk" 283
"../../../Engine/Plugins/Animation/ControlRig/Content/Controls/ControlRig_HalfCircle_1mm.uasset" 284
"../../../Engine/Plugins/Animation/ControlRig/Content/Controls/ControlRig_HalfCircle_1mm.uexp" 285
"../../../Engine/Plugins/Animation/ControlRig/Content/Controls/ControlRig_Diamond_solid.ubulk" 286
"../../../Engine/Plugins/Animation/ControlRig/Content/Controls/ControlRig_Diamond_solid.uasset" 287
"../../../Engine/Plugins/Animation/ControlRig/Content/Controls/ControlRig_Diamond_solid.uexp" 288
"../../../Engine/Plugins/Animation/ControlRig/Content/Controls/ControlRig_Diamond_3mm.ubulk" 289
"../../../Engine/Plugins/Animation/ControlRig/Content/Controls/ControlRig_Diamond_3mm.uasset" 290
"../../../Engine/Plugins/Animation/ControlRig/Content/Controls/ControlRig_Diamond_3mm.uexp" 291
"../../../Engine/Plugins/Animation/ControlRig/Content/Controls/ControlRig_Diamond_1mm.ubulk" 292
"../../../Engine/Plugins/Animation/ControlRig/Content/Controls/ControlRig_Diamond_1mm.uasset" 293
"../../../Engine/Plugins/Animation/ControlRig/Content/Controls/ControlRig_Diamond_1mm.uexp" 294
"../../../Engine/Plugins/Animation/ControlRig/Content/Controls/ControlRig_Circle_solid.ubulk" 295
"../../../Engine/Plugins/Animation/ControlRig/Content/Controls/ControlRig_Circle_solid.uasset" 296
"../../../Engine/Plugins/Animation/ControlRig/Content/Controls/ControlRig_Circle_solid.uexp" 297
"../../../Engine/Plugins/Animation/ControlRig/Content/Controls/ControlRig_Circle_3mm.ubulk" 298
"../../../Engine/Plugins/Animation/ControlRig/Content/Controls/ControlRig_Circle_3mm.uasset" 299
"../../../Engine/Plugins/Animation/ControlRig/Content/Controls/ControlRig_Circle_3mm.uexp" 300
"F:/DANE/Project_2024/Content/Widgets/WB_ComponentDisplay.uasset" 301
"F:/DANE/Project_2024/Content/Widgets/WB_ComponentDisplay.uexp" 302
"../../../Engine/Content/BasicShapes/Cube.ubulk" 303
"../../../Engine/Content/BasicShapes/Cube.uasset" 304
"../../../Engine/Content/BasicShapes/Cube.uexp" 305
"../../../Engine/Content/EngineMaterials/DefaultMaterial.uasset" 306
"../../../Engine/Content/EngineMaterials/DefaultMaterial.uexp" 307
"../../../Engine/Content/BasicShapes/Sphere.ubulk" 308
"../../../Engine/Content/BasicShapes/Sphere.uasset" 309
"../../../Engine/Content/BasicShapes/Sphere.uexp" 310
"F:/DANE/Project_2024/Content/Blueprints/BP_Enemy.uasset" 311
"F:/DANE/Project_2024/Content/Blueprints/BP_Enemy.uexp" 312
"F:/DANE/Project_2024/Content/StarterContent/Textures/T_Frame_M.ubulk" 313
"F:/DANE/Project_2024/Content/StarterContent/Textures/T_Frame_M.uasset" 314
"F:/DANE/Project_2024/Content/StarterContent/Textures/T_Frame_M.uexp" 315
"F:/DANE/Project_2024/Content/StarterContent/Textures/T_Frame_N.ubulk" 316
"F:/DANE/Project_2024/Content/StarterContent/Textures/T_Frame_N.uasset" 317
"F:/DANE/Project_2024/Content/StarterContent/Textures/T_Frame_N.uexp" 318
"F:/DANE/Project_2024/Content/StarterContent/Props/Materials/M_Frame.uasset" 319
"F:/DANE/Project_2024/Content/StarterContent/Props/Materials/M_Frame.uexp" 320
"F:/DANE/Project_2024/Content/StarterContent/Props/SM_DoorFrame.ubulk" 321
"F:/DANE/Project_2024/Content/StarterContent/Props/SM_DoorFrame.uasset" 322
"F:/DANE/Project_2024/Content/StarterContent/Props/SM_DoorFrame.uexp" 323
"F:/DANE/Project_2024/Content/Blueprints/InteractionInterface.uasset" 324
"F:/DANE/Project_2024/Content/Blueprints/InteractionInterface.uexp" 325
"F:/DANE/Project_2024/Content/LevelPrototyping/Materials/M_Solid.uasset" 326
"F:/DANE/Project_2024/Content/LevelPrototyping/Materials/M_Solid.uexp" 327
"F:/DANE/Project_2024/Content/LevelPrototyping/Materials/MI_Solid_Blue.uasset" 328
"F:/DANE/Project_2024/Content/LevelPrototyping/Materials/MI_Solid_Blue.uexp" 329
"F:/DANE/Project_2024/Content/StarterContent/Materials/M_Glass.uasset" 330
"F:/DANE/Project_2024/Content/StarterContent/Materials/M_Glass.uexp" 331
"F:/DANE/Project_2024/Content/StarterContent/Textures/T_Door_N.ubulk" 332
"F:/DANE/Project_2024/Content/StarterContent/Textures/T_Door_N.uasset" 333
"F:/DANE/Project_2024/Content/StarterContent/Textures/T_Door_N.uexp" 334
"F:/DANE/Project_2024/Content/StarterContent/Textures/T_Door_M.ubulk" 335
"F:/DANE/Project_2024/Content/StarterContent/Textures/T_Door_M.uasset" 336
"F:/DANE/Project_2024/Content/StarterContent/Textures/T_Door_M.uexp" 337
"F:/DANE/Project_2024/Content/StarterContent/Props/Materials/M_Door.uasset" 338
"F:/DANE/Project_2024/Content/StarterContent/Props/Materials/M_Door.uexp" 339
"F:/DANE/Project_2024/Content/StarterContent/Props/SM_Door.ubulk" 340
"F:/DANE/Project_2024/Content/StarterContent/Props/SM_Door.uasset" 341
"F:/DANE/Project_2024/Content/StarterContent/Props/SM_Door.uexp" 342
"F:/DANE/Project_2024/Content/FirstPerson/Input/Actions/IA_Interaction.uasset" 343
"F:/DANE/Project_2024/Content/FirstPerson/Input/Actions/IA_Interaction.uexp" 344
"F:/DANE/Project_2024/Content/FPWeapon/Mesh/SK_FPGun_Skeleton.uasset" 345
"F:/DANE/Project_2024/Content/FPWeapon/Mesh/SK_FPGun_Skeleton.uexp" 346
"F:/DANE/Project_2024/Content/FPWeapon/Materials/MaterialLayers/T_ML_Rubber_Blue_01_D.ubulk" 347
"F:/DANE/Project_2024/Content/FPWeapon/Materials/MaterialLayers/T_ML_Rubber_Blue_01_D.uasset" 348
"F:/DANE/Project_2024/Content/FPWeapon/Materials/MaterialLayers/T_ML_Rubber_Blue_01_D.uexp" 349
"F:/DANE/Project_2024/Content/FPWeapon/Textures/T_FPGun_N.ubulk" 350
"F:/DANE/Project_2024/Content/FPWeapon/Textures/T_FPGun_N.uasset" 351
"F:/DANE/Project_2024/Content/FPWeapon/Textures/T_FPGun_N.uexp" 352
"../../../Engine/Content/Functions/Engine_MaterialFunctions02/Utility/BlendAngleCorrectedNormals.uasset" 353
"../../../Engine/Content/Functions/Engine_MaterialFunctions02/Utility/BlendAngleCorrectedNormals.uexp" 354
"../../../Engine/Content/Functions/MaterialLayerFunctions/MatLayerBlend_NormalBlend.uasset" 355
"../../../Engine/Content/Functions/MaterialLayerFunctions/MatLayerBlend_NormalBlend.uexp" 356
"F:/DANE/Project_2024/Content/FPWeapon/Materials/MaterialLayers/T_ML_Rubber_Blue_01_N.ubulk" 357
"F:/DANE/Project_2024/Content/FPWeapon/Materials/MaterialLayers/T_ML_Rubber_Blue_01_N.uasset" 358
"F:/DANE/Project_2024/Content/FPWeapon/Materials/MaterialLayers/T_ML_Rubber_Blue_01_N.uexp" 359
"F:/DANE/Project_2024/Content/FPWeapon/Materials/MaterialLayers/ML_Screen.uasset" 360
"F:/DANE/Project_2024/Content/FPWeapon/Materials/MaterialLayers/ML_Screen.uexp" 361
"F:/DANE/Project_2024/Content/FPWeapon/Materials/MaterialLayers/T_ML_Aluminum01_N.ubulk" 362
"F:/DANE/Project_2024/Content/FPWeapon/Materials/MaterialLayers/T_ML_Aluminum01_N.uasset" 363
"F:/DANE/Project_2024/Content/FPWeapon/Materials/MaterialLayers/T_ML_Aluminum01_N.uexp" 364
"F:/DANE/Project_2024/Content/FPWeapon/Materials/MaterialLayers/T_ML_Aluminum01.ubulk" 365
"F:/DANE/Project_2024/Content/FPWeapon/Materials/MaterialLayers/T_ML_Aluminum01.uasset" 366
"F:/DANE/Project_2024/Content/FPWeapon/Materials/MaterialLayers/T_ML_Aluminum01.uexp" 367
"F:/DANE/Project_2024/Content/FPWeapon/Materials/MaterialLayers/ML_SoftMetal_UE4.uasset" 368
"F:/DANE/Project_2024/Content/FPWeapon/Materials/MaterialLayers/ML_SoftMetal_UE4.uexp" 369
"../../../Engine/Content/Functions/MaterialLayerFunctions/MatLayerBlend_Simple.uasset" 370
"../../../Engine/Content/Functions/MaterialLayerFunctions/MatLayerBlend_Simple.uexp" 371
"F:/DANE/Project_2024/Content/FPWeapon/Textures/T_FPGun_M.ubulk" 372
"F:/DANE/Project_2024/Content/FPWeapon/Textures/T_FPGun_M.uasset" 373
"F:/DANE/Project_2024/Content/FPWeapon/Textures/T_FPGun_M.uexp" 374
"F:/DANE/Project_2024/Content/FPWeapon/Materials/MaterialLayers/ML_Plastic_Shiny_Beige.uasset" 375
"F:/DANE/Project_2024/Content/FPWeapon/Materials/MaterialLayers/ML_Plastic_Shiny_Beige.uexp" 376
"F:/DANE/Project_2024/Content/FPWeapon/Materials/MaterialLayers/ML_GlossyBlack_Latex_UE4.uasset" 377
"F:/DANE/Project_2024/Content/FPWeapon/Materials/MaterialLayers/ML_GlossyBlack_Latex_UE4.uexp" 378
"F:/DANE/Project_2024/Content/FPWeapon/Materials/M_FPGun.uasset" 379
"F:/DANE/Project_2024/Content/FPWeapon/Materials/M_FPGun.uexp" 380
"F:/DANE/Project_2024/Content/FPWeapon/Mesh/SK_FPGun_Physics.uasset" 381
"F:/DANE/Project_2024/Content/FPWeapon/Mesh/SK_FPGun_Physics.uexp" 382
"F:/DANE/Project_2024/Content/FPWeapon/Mesh/SK_FPGun.uasset" 383
"F:/DANE/Project_2024/Content/FPWeapon/Mesh/SK_FPGun.uexp" 384
"F:/DANE/Project_2024/Content/FirstPerson/Blueprints/FlashLight.uasset" 385
"F:/DANE/Project_2024/Content/FirstPerson/Blueprints/FlashLight.uexp" 386
"F:/DANE/Project_2024/Content/FirstPerson/Input/Actions/IA_Shoot.uasset" 387
"F:/DANE/Project_2024/Content/FirstPerson/Input/Actions/IA_Shoot.uexp" 388
"F:/DANE/Project_2024/Content/FirstPerson/Input/IMC_Weapons.uasset" 389
"F:/DANE/Project_2024/Content/FirstPerson/Input/IMC_Weapons.uexp" 390
"F:/DANE/Project_2024/Content/FirstPerson/Input/Actions/IA_Look.uasset" 391
"F:/DANE/Project_2024/Content/FirstPerson/Input/Actions/IA_Look.uexp" 392
"F:/DANE/Project_2024/Content/StarterContent/Textures/T_Water_N.ubulk" 393
"F:/DANE/Project_2024/Content/StarterContent/Textures/T_Water_N.uasset" 394
"F:/DANE/Project_2024/Content/StarterContent/Textures/T_Water_N.uexp" 395
"F:/DANE/Project_2024/Content/StarterContent/Textures/T_Perlin_Noise_M.ubulk" 396
"F:/DANE/Project_2024/Content/StarterContent/Textures/T_Perlin_Noise_M.uasset" 397
"F:/DANE/Project_2024/Content/StarterContent/Textures/T_Perlin_Noise_M.uexp" 398
"F:/DANE/Project_2024/Content/StarterContent/Materials/M_Water_Lake.uasset" 399
"F:/DANE/Project_2024/Content/StarterContent/Materials/M_Water_Lake.uexp" 400
"F:/DANE/Project_2024/Content/FirstPersonArms/Character/Materials/MaterialLayers/T_ML_Rubber_Blue_01_N.ubulk" 401
"F:/DANE/Project_2024/Content/FirstPersonArms/Character/Materials/MaterialLayers/T_ML_Rubber_Blue_01_N.uasset" 402
"F:/DANE/Project_2024/Content/FirstPersonArms/Character/Materials/MaterialLayers/T_ML_Rubber_Blue_01_N.uexp" 403
"F:/DANE/Project_2024/Content/FirstPersonArms/Character/Materials/MaterialLayers/T_ML_Rubber_Blue_01_D.ubulk" 404
"F:/DANE/Project_2024/Content/FirstPersonArms/Character/Materials/MaterialLayers/T_ML_Rubber_Blue_01_D.uasset" 405
"F:/DANE/Project_2024/Content/FirstPersonArms/Character/Materials/MaterialLayers/T_ML_Rubber_Blue_01_D.uexp" 406
"F:/DANE/Project_2024/Content/FirstPersonArms/Character/Materials/MaterialLayers/ML_GlossyBlack_Latex_UE4.uasset" 407
"F:/DANE/Project_2024/Content/FirstPersonArms/Character/Materials/MaterialLayers/ML_GlossyBlack_Latex_UE4.uexp" 408
"F:/DANE/Project_2024/Content/FirstPersonArms/Character/Textures/UE4_Mannequin_MAT_MASKA.ubulk" 409
"F:/DANE/Project_2024/Content/FirstPersonArms/Character/Textures/UE4_Mannequin_MAT_MASKA.uasset" 410
"F:/DANE/Project_2024/Content/FirstPersonArms/Character/Textures/UE4_Mannequin_MAT_MASKA.uexp" 411
"F:/DANE/Project_2024/Content/FirstPersonArms/Character/Textures/UE4_LOGO_CARD.ubulk" 412
"F:/DANE/Project_2024/Content/FirstPersonArms/Character/Textures/UE4_LOGO_CARD.uasset" 413
"F:/DANE/Project_2024/Content/FirstPersonArms/Character/Textures/UE4_LOGO_CARD.uexp" 414
"F:/DANE/Project_2024/Content/FirstPersonArms/Character/Materials/MaterialLayers/ML_Plastic_Shiny_Beige_LOGO.uasset" 415
"F:/DANE/Project_2024/Content/FirstPersonArms/Character/Materials/MaterialLayers/ML_Plastic_Shiny_Beige_LOGO.uexp" 416
"F:/DANE/Project_2024/Content/FirstPersonArms/Character/Materials/MaterialLayers/T_ML_Aluminum01.ubulk" 417
"F:/DANE/Project_2024/Content/FirstPersonArms/Character/Materials/MaterialLayers/T_ML_Aluminum01.uasset" 418
"F:/DANE/Project_2024/Content/FirstPersonArms/Character/Materials/MaterialLayers/T_ML_Aluminum01.uexp" 419
"F:/DANE/Project_2024/Content/FirstPersonArms/Character/Materials/MaterialLayers/T_ML_Aluminum01_N.ubulk" 420
"F:/DANE/Project_2024/Content/FirstPersonArms/Character/Materials/MaterialLayers/T_ML_Aluminum01_N.uasset" 421
"F:/DANE/Project_2024/Content/FirstPersonArms/Character/Materials/MaterialLayers/T_ML_Aluminum01_N.uexp" 422
"F:/DANE/Project_2024/Content/FirstPersonArms/Character/Materials/MaterialLayers/ML_SoftMetal_UE4.uasset" 423
"F:/DANE/Project_2024/Content/FirstPersonArms/Character/Materials/MaterialLayers/ML_SoftMetal_UE4.uexp" 424
"F:/DANE/Project_2024/Content/FirstPersonArms/Character/Materials/MaterialLayers/ML_Plastic_Shiny_Beige.uasset" 425
"F:/DANE/Project_2024/Content/FirstPersonArms/Character/Materials/MaterialLayers/ML_Plastic_Shiny_Beige.uexp" 426
"F:/DANE/Project_2024/Content/FirstPersonArms/Character/Textures/UE4_Mannequin__normals.ubulk" 427
"F:/DANE/Project_2024/Content/FirstPersonArms/Character/Textures/UE4_Mannequin__normals.uasset" 428
"F:/DANE/Project_2024/Content/FirstPersonArms/Character/Textures/UE4_Mannequin__normals.uexp" 429
"F:/DANE/Project_2024/Content/FirstPersonArms/Character/Materials/M_UE4Man_Body.uasset" 430
"F:/DANE/Project_2024/Content/FirstPersonArms/Character/Materials/M_UE4Man_Body.uexp" 431
"F:/DANE/Project_2024/Content/FirstPersonArms/Character/Mesh/SK_Mannequin_Arms_PhysicsAsset.uasset" 432
"F:/DANE/Project_2024/Content/FirstPersonArms/Character/Mesh/SK_Mannequin_Arms_PhysicsAsset.uexp" 433
"F:/DANE/Project_2024/Content/FirstPersonArms/Character/Mesh/SK_Mannequin_Arms_Skeleton.uasset" 434
"F:/DANE/Project_2024/Content/FirstPersonArms/Character/Mesh/SK_Mannequin_Arms_Skeleton.uexp" 435
"F:/DANE/Project_2024/Content/FirstPersonArms/Character/Mesh/SK_Mannequin_Arms.uasset" 436
"F:/DANE/Project_2024/Content/FirstPersonArms/Character/Mesh/SK_Mannequin_Arms.uexp" 437
"F:/DANE/Project_2024/Content/FirstPerson/Input/Actions/IA_Move.uasset" 438
"F:/DANE/Project_2024/Content/FirstPerson/Input/Actions/IA_Move.uexp" 439
"F:/DANE/Project_2024/Content/FirstPerson/Input/Actions/IA_Jump.uasset" 440
"F:/DANE/Project_2024/Content/FirstPerson/Input/Actions/IA_Jump.uexp" 441
"F:/DANE/Project_2024/Content/FirstPerson/Input/IMC_Default.uasset" 442
"F:/DANE/Project_2024/Content/FirstPerson/Input/IMC_Default.uexp" 443
"../../../Engine/Content/Animation/DefaultAnimCurveCompressionSettings.uasset" 444
"../../../Engine/Content/Animation/DefaultAnimCurveCompressionSettings.uexp" 445
"../../../Engine/Content/Animation/DefaultAnimBoneCompressionSettings.uasset" 446
"../../../Engine/Content/Animation/DefaultAnimBoneCompressionSettings.uexp" 447
"F:/DANE/Project_2024/Content/FirstPersonArms/Animations/FP_Rifle_Idle.uasset" 448
"F:/DANE/Project_2024/Content/FirstPersonArms/Animations/FP_Rifle_Idle.uexp" 449
"F:/DANE/Project_2024/Content/FirstPersonArms/Animations/FP_Rifle_Land.uasset" 450
"F:/DANE/Project_2024/Content/FirstPersonArms/Animations/FP_Rifle_Land.uexp" 451
"F:/DANE/Project_2024/Content/FirstPersonArms/Animations/FP_Rifle_Run.uasset" 452
"F:/DANE/Project_2024/Content/FirstPersonArms/Animations/FP_Rifle_Run.uexp" 453
"F:/DANE/Project_2024/Content/FirstPersonArms/Animations/FP_Rifle_Falling.uasset" 454
"F:/DANE/Project_2024/Content/FirstPersonArms/Animations/FP_Rifle_Falling.uexp" 455
"../../../Engine/Content/Animation/DefaultRecorderBoneCompression.uasset" 456
"../../../Engine/Content/Animation/DefaultRecorderBoneCompression.uexp" 457
"F:/DANE/Project_2024/Content/FirstPersonArms/Animations/FP_Idle.uasset" 458
"F:/DANE/Project_2024/Content/FirstPersonArms/Animations/FP_Idle.uexp" 459
"F:/DANE/Project_2024/Content/FirstPersonArms/Animations/FP_Jump.uasset" 460
"F:/DANE/Project_2024/Content/FirstPersonArms/Animations/FP_Jump.uexp" 461
"F:/DANE/Project_2024/Content/FirstPersonArms/Animations/FP_Run_Fwd.uasset" 462
"F:/DANE/Project_2024/Content/FirstPersonArms/Animations/FP_Run_Fwd.uexp" 463
"F:/DANE/Project_2024/Content/FirstPersonArms/Animations/FP_Land.uasset" 464
"F:/DANE/Project_2024/Content/FirstPersonArms/Animations/FP_Land.uexp" 465
"F:/DANE/Project_2024/Content/FirstPersonArms/Animations/FP_Falling.uasset" 466
"F:/DANE/Project_2024/Content/FirstPersonArms/Animations/FP_Falling.uexp" 467
"F:/DANE/Project_2024/Content/FirstPersonArms/Animations/FP_Rifle_Jump.uasset" 468
"F:/DANE/Project_2024/Content/FirstPersonArms/Animations/FP_Rifle_Jump.uexp" 469
"../../../Engine/Content/EditorBlueprintResources/StandardMacros.uasset" 470
"../../../Engine/Content/EditorBlueprintResources/StandardMacros.uexp" 471
"F:/DANE/Project_2024/Content/FirstPersonArms/Animations/FirstPerson_AnimBP.uasset" 472
"F:/DANE/Project_2024/Content/FirstPersonArms/Animations/FirstPerson_AnimBP.uexp" 473
"F:/DANE/Project_2024/Content/FirstPerson/Blueprints/BP_FirstPersonCharacter.uasset" 474
"F:/DANE/Project_2024/Content/FirstPerson/Blueprints/BP_FirstPersonCharacter.uexp" 475
"F:/DANE/Project_2024/Content/Blueprints/BP_Door01.uasset" 476
"F:/DANE/Project_2024/Content/Blueprints/BP_Door01.uexp" 477
"../../../Engine/Content/BasicShapes/BasicShapeMaterial.uasset" 478
"../../../Engine/Content/BasicShapes/BasicShapeMaterial.uexp" 479
"F:/DANE/Project_2024/Content/Blueprints/BP_Enemy_01.uasset" 480
"F:/DANE/Project_2024/Content/Blueprints/BP_Enemy_01.uexp" 481
"F:/DANE/Project_2024/Content/Blueprints/BP_Minion.uasset" 482
"F:/DANE/Project_2024/Content/Blueprints/BP_Minion.uexp" 483
"F:/DANE/Project_2024/Content/FPWeapon/Materials/BaseMaterial.uasset" 484
"F:/DANE/Project_2024/Content/FPWeapon/Materials/BaseMaterial.uexp" 485
"F:/DANE/Project_2024/Content/FPWeapon/Materials/FirstPersonProjectileMaterial.uasset" 486
"F:/DANE/Project_2024/Content/FPWeapon/Materials/FirstPersonProjectileMaterial.uexp" 487
"F:/DANE/Project_2024/Content/Blueprints/BP_CamEnemy01.uasset" 488
"F:/DANE/Project_2024/Content/Blueprints/BP_CamEnemy01.uexp" 489
"../../../Engine/Content/BasicShapes/Cylinder.ubulk" 490
"../../../Engine/Content/BasicShapes/Cylinder.uasset" 491
"../../../Engine/Content/BasicShapes/Cylinder.uexp" 492
"F:/DANE/Project_2024/Content/Blueprints/BP_Chest.uasset" 493
"F:/DANE/Project_2024/Content/Blueprints/BP_Chest.uexp" 494
"F:/DANE/Project_2024/Content/Blueprints/Rooms/BP_RoomParent.uasset" 495
"F:/DANE/Project_2024/Content/Blueprints/Rooms/BP_RoomParent.uexp" 496
"../../../Engine/Content/BasicShapes/Plane.ubulk" 497
"../../../Engine/Content/BasicShapes/Plane.uasset" 498
"../../../Engine/Content/BasicShapes/Plane.uexp" 499
"F:/DANE/Project_2024/Content/LevelPrototyping/Textures/T_GridChecker_A.ubulk" 500
"F:/DANE/Project_2024/Content/LevelPrototyping/Textures/T_GridChecker_A.uasset" 501
"F:/DANE/Project_2024/Content/LevelPrototyping/Textures/T_GridChecker_A.uexp" 502
"../../../Engine/Content/Functions/Engine_MaterialFunctions02/Utility/MakeFloat3.uasset" 503
"../../../Engine/Content/Functions/Engine_MaterialFunctions02/Utility/MakeFloat3.uexp" 504
"../../../Engine/Content/Functions/Engine_MaterialFunctions01/Gradient/LinearGradient.uasset" 505
"../../../Engine/Content/Functions/Engine_MaterialFunctions01/Gradient/LinearGradient.uexp" 506
"../../../Engine/Content/Functions/Engine_MaterialFunctions01/ImageAdjustment/CheapContrast.uasset" 507
"../../../Engine/Content/Functions/Engine_MaterialFunctions01/ImageAdjustment/CheapContrast.uexp" 508
"F:/DANE/Project_2024/Content/LevelPrototyping/Materials/MF_ProcGrid.uasset" 509
"F:/DANE/Project_2024/Content/LevelPrototyping/Materials/MF_ProcGrid.uexp" 510
"F:/DANE/Project_2024/Content/LevelPrototyping/Materials/M_PrototypeGrid.uasset" 511
"F:/DANE/Project_2024/Content/LevelPrototyping/Materials/M_PrototypeGrid.uexp" 512
"F:/DANE/Project_2024/Content/LevelPrototyping/Materials/MI_PrototypeGrid_Gray.uasset" 513
"F:/DANE/Project_2024/Content/LevelPrototyping/Materials/MI_PrototypeGrid_Gray.uexp" 514
"F:/DANE/Project_2024/Content/Blueprints/Rooms/BP_ExitRoom.uasset" 515
"F:/DANE/Project_2024/Content/Blueprints/Rooms/BP_ExitRoom.uexp" 516
"F:/DANE/Project_2024/Content/Blueprints/Rooms/BP_Room3.uasset" 517
"F:/DANE/Project_2024/Content/Blueprints/Rooms/BP_Room3.uexp" 518
"F:/DANE/Project_2024/Content/Blueprints/Rooms/BP_Room1.uasset" 519
"F:/DANE/Project_2024/Content/Blueprints/Rooms/BP_Room1.uexp" 520
"F:/DANE/Project_2024/Content/Blueprints/Rooms/BP_Room2.uasset" 521
"F:/DANE/Project_2024/Content/Blueprints/Rooms/BP_Room2.uexp" 522
"F:/DANE/Project_2024/Content/FirstPerson/Blueprints/BP_FirstPersonGameMode.uasset" 523
"F:/DANE/Project_2024/Content/FirstPerson/Blueprints/BP_FirstPersonGameMode.uexp" 524
"F:/DANE/Project_2024/Content/Widgets/WB_MapWidget.uasset" 525
"F:/DANE/Project_2024/Content/Widgets/WB_MapWidget.uexp" 526
"F:/DANE/Project_2024/Content/StarterContent/Textures/T_TableRound_N.ubulk" 527
"F:/DANE/Project_2024/Content/StarterContent/Textures/T_TableRound_N.uasset" 528
"F:/DANE/Project_2024/Content/StarterContent/Textures/T_TableRound_N.uexp" 529
"F:/DANE/Project_2024/Content/StarterContent/Textures/T_TableRound_M.ubulk" 530
"F:/DANE/Project_2024/Content/StarterContent/Textures/T_TableRound_M.uasset" 531
"F:/DANE/Project_2024/Content/StarterContent/Textures/T_TableRound_M.uexp" 532
"F:/DANE/Project_2024/Content/StarterContent/Props/Materials/M_TableRound.uasset" 533
"F:/DANE/Project_2024/Content/StarterContent/Props/Materials/M_TableRound.uexp" 534
"F:/DANE/Project_2024/Content/StarterContent/Props/SM_TableRound.ubulk" 535
"F:/DANE/Project_2024/Content/StarterContent/Props/SM_TableRound.uasset" 536
"F:/DANE/Project_2024/Content/StarterContent/Props/SM_TableRound.uexp" 537
"F:/DANE/Project_2024/Content/Widgets/WB_TurnWait.uasset" 538
"F:/DANE/Project_2024/Content/Widgets/WB_TurnWait.uexp" 539
"F:/DANE/Project_2024/Content/Widgets/WB_LogWidget.uasset" 540
"F:/DANE/Project_2024/Content/Widgets/WB_LogWidget.uexp" 541
"F:/DANE/Project_2024/Content/Widgets/WB_CameraUI.uasset" 542
"F:/DANE/Project_2024/Content/Widgets/WB_CameraUI.uexp" 543
"F:/DANE/Project_2024/Content/Widgets/WB_ChatWidget.uasset" 544
"F:/DANE/Project_2024/Content/Widgets/WB_ChatWidget.uexp" 545
"F:/DANE/Project_2024/Content/StarterContent/Textures/T_Chair_N.ubulk" 546
"F:/DANE/Project_2024/Content/StarterContent/Textures/T_Chair_N.uasset" 547
"F:/DANE/Project_2024/Content/StarterContent/Textures/T_Chair_N.uexp" 548
"F:/DANE/Project_2024/Content/StarterContent/Textures/T_Chair_M.ubulk" 549
"F:/DANE/Project_2024/Content/StarterContent/Textures/T_Chair_M.uasset" 550
"F:/DANE/Project_2024/Content/StarterContent/Textures/T_Chair_M.uexp" 551
"F:/DANE/Project_2024/Content/StarterContent/Props/Materials/M_Chair.uasset" 552
"F:/DANE/Project_2024/Content/StarterContent/Props/Materials/M_Chair.uexp" 553
"F:/DANE/Project_2024/Content/StarterContent/Props/SM_Chair.ubulk" 554
"F:/DANE/Project_2024/Content/StarterContent/Props/SM_Chair.uasset" 555
"F:/DANE/Project_2024/Content/StarterContent/Props/SM_Chair.uexp" 556
"F:/DANE/Project_2024/Content/Blueprints/BP_Station.uasset" 557
"F:/DANE/Project_2024/Content/Blueprints/BP_Station.uexp" 558
"F:/DANE/Project_2024/Content/Widgets/WB_CameraCheck.uasset" 559
"F:/DANE/Project_2024/Content/Widgets/WB_CameraCheck.uexp" 560
"F:/DANE/Project_2024/Content/Materials/TEX_CameraShot.uasset" 561
"F:/DANE/Project_2024/Content/Materials/TEX_CameraShot.uexp" 562
"F:/DANE/Project_2024/Content/Materials/MAT_Camera.uasset" 563
"F:/DANE/Project_2024/Content/Materials/MAT_Camera.uexp" 564
"F:/DANE/Project_2024/Content/Blueprints/BP_RoomCamera.uasset" 565
"F:/DANE/Project_2024/Content/Blueprints/BP_RoomCamera.uexp" 566
"F:/DANE/Project_2024/Content/Blueprints/BP_Enemy_02.uasset" 567
"F:/DANE/Project_2024/Content/Blueprints/BP_Enemy_02.uexp" 568
"F:/DANE/Project_2024/Content/Blueprints/BP_Enemy_04.uasset" 569
"F:/DANE/Project_2024/Content/Blueprints/BP_Enemy_04.uexp" 570
"F:/DANE/Project_2024/Content/Blueprints/BP_Button03.uasset" 571
"F:/DANE/Project_2024/Content/Blueprints/BP_Button03.uexp" 572
"F:/DANE/Project_2024/Content/Blueprints/BP_Enemy_03.uasset" 573
"F:/DANE/Project_2024/Content/Blueprints/BP_Enemy_03.uexp" 574
"F:/DANE/Project_2024/Content/Blueprints/BP_Button02.uasset" 575
"F:/DANE/Project_2024/Content/Blueprints/BP_Button02.uexp" 576
"F:/DANE/Project_2024/Content/Blueprints/BP_Button01.uasset" 577
"F:/DANE/Project_2024/Content/Blueprints/BP_Button01.uexp" 578
"../../../Engine/Plugins/Runtime/MeshModelingToolset/Content/Materials/M_DynamicMeshComponentVtxColor.uasset" 579
"../../../Engine/Plugins/Runtime/MeshModelingToolset/Content/Materials/M_DynamicMeshComponentVtxColor.uexp" 580
"../../../Engine/Plugins/Interchange/Runtime/Content/Pipelines/DefaultTexturePipeline.uasset" 581
"../../../Engine/Plugins/Interchange/Runtime/Content/Pipelines/DefaultTexturePipeline.uexp" 582
"../../../Engine/Plugins/Interchange/Runtime/Content/Pipelines/DefaultSceneLevelPipeline.uasset" 583
"../../../Engine/Plugins/Interchange/Runtime/Content/Pipelines/DefaultSceneLevelPipeline.uexp" 584
"../../../Engine/Plugins/Interchange/Runtime/Content/Pipelines/DefaultSceneAssetsPipeline.uasset" 585
"../../../Engine/Plugins/Interchange/Runtime/Content/Pipelines/DefaultSceneAssetsPipeline.uexp" 586
"../../../Engine/Plugins/Interchange/Runtime/Content/Pipelines/DefaultMaterialPipeline.uasset" 587
"../../../Engine/Plugins/Interchange/Runtime/Content/Pipelines/DefaultMaterialPipeline.uexp" 588
"../../../Engine/Plugins/Interchange/Runtime/Content/Pipelines/DefaultAssetsPipeline.uasset" 589
"../../../Engine/Plugins/Interchange/Runtime/Content/Pipelines/DefaultAssetsPipeline.uexp" 590
"../../../Engine/Plugins/Animation/ControlRig/Content/Controls/ControlRig_Circle_1mm.ubulk" 591
"../../../Engine/Plugins/Animation/ControlRig/Content/Controls/ControlRig_Circle_1mm.uasset" 592
"../../../Engine/Plugins/Animation/ControlRig/Content/Controls/ControlRig_Circle_1mm.uexp" 593
"../../../Engine/Plugins/Animation/ControlRig/Content/Controls/ControlRig_Box_solid.ubulk" 594
"../../../Engine/Plugins/Animation/ControlRig/Content/Controls/ControlRig_Box_solid.uasset" 595
"../../../Engine/Plugins/Animation/ControlRig/Content/Controls/ControlRig_Box_solid.uexp" 596
"../../../Engine/Plugins/Animation/ControlRig/Content/Controls/ControlRig_Box_3mm.ubulk" 597
"../../../Engine/Plugins/Animation/ControlRig/Content/Controls/ControlRig_Box_3mm.uasset" 598
"../../../Engine/Plugins/Animation/ControlRig/Content/Controls/ControlRig_Box_3mm.uexp" 599
"../../../Engine/Plugins/Animation/ControlRig/Content/Controls/ControlRig_Box_1mm.ubulk" 600
"../../../Engine/Plugins/Animation/ControlRig/Content/Controls/ControlRig_Box_1mm.uasset" 601
"../../../Engine/Plugins/Animation/ControlRig/Content/Controls/ControlRig_Box_1mm.uexp" 602
"../../../Engine/Plugins/Animation/ControlRig/Content/Controls/ControlRig_Arrow_solid.ubulk" 603
"../../../Engine/Plugins/Animation/ControlRig/Content/Controls/ControlRig_Arrow_solid.uasset" 604
"../../../Engine/Plugins/Animation/ControlRig/Content/Controls/ControlRig_Arrow_solid.uexp" 605
"../../../Engine/Plugins/Animation/ControlRig/Content/Controls/ControlRig_Arrow_3mm.ubulk" 606
"../../../Engine/Plugins/Animation/ControlRig/Content/Controls/ControlRig_Arrow_3mm.uasset" 607
"../../../Engine/Plugins/Animation/ControlRig/Content/Controls/ControlRig_Arrow_3mm.uexp" 608
"../../../Engine/Plugins/Animation/ControlRig/Content/Controls/ControlRig_Arrow_1mm.ubulk" 609
"../../../Engine/Plugins/Animation/ControlRig/Content/Controls/ControlRig_Arrow_1mm.uasset" 610
"../../../Engine/Plugins/Animation/ControlRig/Content/Controls/ControlRig_Arrow_1mm.uexp" 611
"../../../Engine/Plugins/Animation/ControlRig/Content/Controls/ControlRig_Arrow4_solid.ubulk" 612
"../../../Engine/Plugins/Animation/ControlRig/Content/Controls/ControlRig_Arrow4_solid.uasset" 613
"../../../Engine/Plugins/Animation/ControlRig/Content/Controls/ControlRig_Arrow4_solid.uexp" 614
"../../../Engine/Plugins/Animation/ControlRig/Content/Controls/ControlRig_Arrow4_3mm.ubulk" 615
"../../../Engine/Plugins/Animation/ControlRig/Content/Controls/ControlRig_Arrow4_3mm.uasset" 616
"../../../Engine/Plugins/Animation/ControlRig/Content/Controls/ControlRig_Arrow4_3mm.uexp" 617
"../../../Engine/Plugins/Animation/ControlRig/Content/Controls/ControlRig_Arrow4_1mm.ubulk" 618
"../../../Engine/Plugins/Animation/ControlRig/Content/Controls/ControlRig_Arrow4_1mm.uasset" 619
"../../../Engine/Plugins/Animation/ControlRig/Content/Controls/ControlRig_Arrow4_1mm.uexp" 620
"../../../Engine/Plugins/Animation/ControlRig/Content/Controls/ControlRig_Arrow2_solid.ubulk" 621
"../../../Engine/Plugins/Animation/ControlRig/Content/Controls/ControlRig_Arrow2_solid.uasset" 622
"../../../Engine/Plugins/Animation/ControlRig/Content/Controls/ControlRig_Arrow2_solid.uexp" 623
"../../../Engine/Plugins/Animation/ControlRig/Content/Controls/ControlRig_Arrow2_3mm.ubulk" 624
"../../../Engine/Plugins/Animation/ControlRig/Content/Controls/ControlRig_Arrow2_3mm.uasset" 625
"../../../Engine/Plugins/Animation/ControlRig/Content/Controls/ControlRig_Arrow2_3mm.uexp" 626
"../../../Engine/Plugins/Animation/ControlRig/Content/Controls/ControlRig_Arrow2_1mm.ubulk" 627
"../../../Engine/Plugins/Animation/ControlRig/Content/Controls/ControlRig_Arrow2_1mm.uasset" 628
"../../../Engine/Plugins/Animation/ControlRig/Content/Controls/ControlRig_Arrow2_1mm.uexp" 629
"../../../Engine/Plugins/Animation/ControlRig/Content/Controls/ControlRigXRayMaterial.uasset" 630
"../../../Engine/Plugins/Animation/ControlRig/Content/Controls/ControlRigXRayMaterial.uexp" 631
"../../../Engine/Plugins/Animation/ControlRig/Content/Controls/ControlRigGizmoMaterial.uasset" 632
"../../../Engine/Plugins/Animation/ControlRig/Content/Controls/ControlRigGizmoMaterial.uexp" 633
"../../../Engine/Content/EngineSounds/Master.uasset" 634
"../../../Engine/Content/EngineSounds/Master.uexp" 635
"../../../Engine/Content/EngineResources/WhiteSquareTexture.uasset" 636
"../../../Engine/Content/EngineResources/WhiteSquareTexture.uexp" 637
"../../../Engine/Content/EngineMaterials/Widget3DPassThrough.uasset" 638
"../../../Engine/Content/EngineMaterials/Widget3DPassThrough.uexp" 639
"../../../Engine/Content/EngineMaterials/Widget3DPassThrough_Translucent.uasset" 640
"../../../Engine/Content/EngineMaterials/Widget3DPassThrough_Translucent.uexp" 641
"../../../Engine/Content/EngineMaterials/Widget3DPassThrough_Translucent_OneSided.uasset" 642
"../../../Engine/Content/EngineMaterials/Widget3DPassThrough_Translucent_OneSided.uexp" 643
"../../../Engine/Content/EngineMaterials/Widget3DPassThrough_Opaque.uasset" 644
"../../../Engine/Content/EngineMaterials/Widget3DPassThrough_Opaque.uexp" 645
"../../../Engine/Content/EngineMaterials/Widget3DPassThrough_Opaque_OneSided.uasset" 646
"../../../Engine/Content/EngineMaterials/Widget3DPassThrough_Opaque_OneSided.uexp" 647
"../../../Engine/Content/EngineMaterials/Widget3DPassThrough_Masked_OneSided.uasset" 648
"../../../Engine/Content/EngineMaterials/Widget3DPassThrough_Masked_OneSided.uexp" 649
"../../../Engine/Content/EngineMaterials/Widget3DPassThrough_Masked.uasset" 650
"../../../Engine/Content/EngineMaterials/Widget3DPassThrough_Masked.uexp" 651
"../../../Engine/Content/EngineMaterials/STBlueNoise_vec2_128x128x64.uasset" 652
"../../../Engine/Content/EngineMaterials/STBlueNoise_vec2_128x128x64.uexp" 653
"../../../Engine/Content/EngineMaterials/STBlueNoise_scalar_128x128x64.uasset" 654
"../../../Engine/Content/EngineMaterials/STBlueNoise_scalar_128x128x64.uexp" 655
"../../../Engine/Content/EngineMaterials/RemoveSurfaceMaterial.uasset" 656
"../../../Engine/Content/EngineMaterials/RemoveSurfaceMaterial.uexp" 657
"../../../Engine/Content/EngineMaterials/DefaultCalibrationGrayscale.uasset" 658
"../../../Engine/Content/EngineMaterials/DefaultCalibrationGrayscale.uexp" 659
"../../../Engine/Content/EngineMaterials/PPM_DefaultCalibrationGrayscale.uasset" 660
"../../../Engine/Content/EngineMaterials/PPM_DefaultCalibrationGrayscale.uexp" 661
"../../../Engine/Content/EngineMaterials/DefaultCalibrationColor.uasset" 662
"../../../Engine/Content/EngineMaterials/DefaultCalibrationColor.uexp" 663
"../../../Engine/Content/EngineMaterials/PPM_DefaultCalibrationColor.uasset" 664
"../../../Engine/Content/EngineMaterials/PPM_DefaultCalibrationColor.uexp" 665
"../../../Engine/Content/EngineMaterials/PhAT_JointLimitMaterial.uasset" 666
"../../../Engine/Content/EngineMaterials/PhAT_JointLimitMaterial.uexp" 667
"../../../Engine/Content/EngineMaterials/NaniteHiddenSectionMaterial.uasset" 668
"../../../Engine/Content/EngineMaterials/NaniteHiddenSectionMaterial.uexp" 669
"../../../Engine/Content/EngineMaterials/InvalidLightmapSettings.ubulk" 670
"../../../Engine/Content/EngineMaterials/InvalidLightmapSettings.uasset" 671
"../../../Engine/Content/EngineMaterials/InvalidLightmapSettings.uexp" 672
"../../../Engine/Content/EngineMaterials/M_InvalidLightmapSettings.uasset" 673
"../../../Engine/Content/EngineMaterials/M_InvalidLightmapSettings.uexp" 674
"../../../Engine/Content/EngineMaterials/GizmoMaterial.uasset" 675
"../../../Engine/Content/EngineMaterials/GizmoMaterial.uexp" 676
"../../../Engine/Content/EngineMaterials/BaseFlattenEmissiveMap_VT.uasset" 677
"../../../Engine/Content/EngineMaterials/BaseFlattenEmissiveMap_VT.uexp" 678
"../../../Engine/Content/EngineMaterials/BaseFlattenGrayscaleMap_VT.uasset" 679
"../../../Engine/Content/EngineMaterials/BaseFlattenGrayscaleMap_VT.uexp" 680
"../../../Engine/Content/EngineMaterials/BaseFlattenLinearColor_VT.uasset" 681
"../../../Engine/Content/EngineMaterials/BaseFlattenLinearColor_VT.uexp" 682
"../../../Engine/Content/EngineMaterials/Black_1x1_EXR_Texture_VT.uasset" 683
"../../../Engine/Content/EngineMaterials/Black_1x1_EXR_Texture_VT.uexp" 684
"../../../Engine/Content/EngineMaterials/BaseFlattenDiffuseMap_VT.uasset" 685
"../../../Engine/Content/EngineMaterials/BaseFlattenDiffuseMap_VT.uexp" 686
"../../../Engine/Content/EngineMaterials/BaseFlattenNormalMap_VT.uasset" 687
"../../../Engine/Content/EngineMaterials/BaseFlattenNormalMap_VT.uexp" 688
"../../../Engine/Content/EngineMaterials/FlattenMaterial_WS_Normal_VT.uasset" 689
"../../../Engine/Content/EngineMaterials/FlattenMaterial_WS_Normal_VT.uexp" 690
"../../../Engine/Content/EngineMaterials/FlattenMaterial_VT.uasset" 691
"../../../Engine/Content/EngineMaterials/FlattenMaterial_VT.uexp" 692
"../../../Engine/Content/EngineMaterials/BaseFlattenNormalMap.uasset" 693
"../../../Engine/Content/EngineMaterials/BaseFlattenNormalMap.uexp" 694
"../../../Engine/Content/EngineMaterials/BaseFlattenGrayscaleMap.uasset" 695
"../../../Engine/Content/EngineMaterials/BaseFlattenGrayscaleMap.uexp" 696
"../../../Engine/Content/EngineMaterials/BaseFlattenDiffuseMap.uasset" 697
"../../../Engine/Content/EngineMaterials/BaseFlattenDiffuseMap.uexp" 698
"../../../Engine/Content/Functions/Engine_MaterialFunctions02/PivotPainter2/Black_1x1_EXR_Texture.uasset" 699
"../../../Engine/Content/Functions/Engine_MaterialFunctions02/PivotPainter2/Black_1x1_EXR_Texture.uexp" 700
"../../../Engine/Content/EngineMaterials/BaseFlattenEmissiveMap.uasset" 701
"../../../Engine/Content/EngineMaterials/BaseFlattenEmissiveMap.uexp" 702
"../../../Engine/Content/EngineMaterials/BaseFlattenLinearColor.uasset" 703
"../../../Engine/Content/EngineMaterials/BaseFlattenLinearColor.uexp" 704
"../../../Engine/Content/EngineMaterials/FlattenMaterial.uasset" 705
"../../../Engine/Content/EngineMaterials/FlattenMaterial.uexp" 706
"../../../Engine/Content/EngineMaterials/DefaultWhiteGrid_Low.uasset" 707
"../../../Engine/Content/EngineMaterials/DefaultWhiteGrid_Low.uexp" 708
"../../../Engine/Content/EngineMaterials/EmissiveMeshMaterial.uasset" 709
"../../../Engine/Content/EngineMaterials/EmissiveMeshMaterial.uexp" 710
"../../../Engine/Content/EngineFonts/RobotoDistanceField.uasset" 711
"../../../Engine/Content/EngineFonts/RobotoDistanceField.uexp" 712
"../../../Engine/Content/EngineMaterials/DefaultTextMaterialOpaque.uasset" 713
"../../../Engine/Content/EngineMaterials/DefaultTextMaterialOpaque.uexp" 714
"../../../Engine/Content/EngineMaterials/DefaultDiffuse.ubulk" 715
"../../../Engine/Content/EngineMaterials/DefaultDiffuse.uasset" 716
"../../../Engine/Content/EngineMaterials/DefaultDiffuse.uexp" 717
"../../../Engine/Content/Functions/Engine_MaterialFunctions02/Utility/BreakOutFloat2Components.uasset" 718
"../../../Engine/Content/Functions/Engine_MaterialFunctions02/Utility/BreakOutFloat2Components.uexp" 719
"../../../Engine/Content/EngineMaterials/DefaultPostProcessMaterial.uasset" 720
"../../../Engine/Content/EngineMaterials/DefaultPostProcessMaterial.uexp" 721
"../../../Engine/Content/EngineMaterials/DefaultPhysicalMaterial.uasset" 722
"../../../Engine/Content/EngineMaterials/DefaultPhysicalMaterial.uexp" 723
"../../../Engine/Content/EngineMaterials/DefaultLightFunctionMaterial.uasset" 724
"../../../Engine/Content/EngineMaterials/DefaultLightFunctionMaterial.uexp" 725
"../../../Engine/Content/EngineMaterials/DefaultDestructiblePhysicalMaterial.uasset" 726
"../../../Engine/Content/EngineMaterials/DefaultDestructiblePhysicalMaterial.uexp" 727
"../../../Engine/Content/EngineMaterials/DefaultDeferredDecalMaterial.uasset" 728
"../../../Engine/Content/EngineMaterials/DefaultDeferredDecalMaterial.uexp" 729
"../../../Engine/Content/EngineMaterials/DefaultBloomKernel.uasset" 730
"../../../Engine/Content/EngineMaterials/DefaultBloomKernel.uexp" 731
"../../../Engine/Content/MobileResources/HUD/VirtualJoystick_Background.uasset" 732
"../../../Engine/Content/MobileResources/HUD/VirtualJoystick_Background.uexp" 733
"../../../Engine/Content/MobileResources/HUD/VirtualJoystick_Thumb.uasset" 734
"../../../Engine/Content/MobileResources/HUD/VirtualJoystick_Thumb.uexp" 735
"../../../Engine/Content/MobileResources/HUD/DefaultVirtualJoysticks.uasset" 736
"../../../Engine/Content/MobileResources/HUD/DefaultVirtualJoysticks.uexp" 737
"F:/DANE/Project_2024/Content/StarterContent/Textures/T_Smoke_SubUV.ubulk" 738
"F:/DANE/Project_2024/Content/StarterContent/Textures/T_Smoke_SubUV.uasset" 739
"F:/DANE/Project_2024/Content/StarterContent/Textures/T_Smoke_SubUV.uexp" 740
"F:/DANE/Project_2024/Content/StarterContent/Textures/T_Smoke_Tiled_D.ubulk" 741
"F:/DANE/Project_2024/Content/StarterContent/Textures/T_Smoke_Tiled_D.uasset" 742
"F:/DANE/Project_2024/Content/StarterContent/Textures/T_Smoke_Tiled_D.uexp" 743
"F:/DANE/Project_2024/Content/StarterContent/Particles/Materials/M_smoke_subUV.uasset" 744
"F:/DANE/Project_2024/Content/StarterContent/Particles/Materials/M_smoke_subUV.uexp" 745
"F:/DANE/Project_2024/Content/StarterContent/Textures/T_Burst_M.ubulk" 746
"F:/DANE/Project_2024/Content/StarterContent/Textures/T_Burst_M.uasset" 747
"F:/DANE/Project_2024/Content/StarterContent/Textures/T_Burst_M.uexp" 748
"F:/DANE/Project_2024/Content/StarterContent/Particles/Materials/M_Burst.uasset" 749
"F:/DANE/Project_2024/Content/StarterContent/Particles/Materials/M_Burst.uexp" 750
"F:/DANE/Project_2024/Content/StarterContent/Particles/Materials/m_flare_01.uasset" 751
"F:/DANE/Project_2024/Content/StarterContent/Particles/Materials/m_flare_01.uexp" 752
"F:/DANE/Project_2024/Content/StarterContent/Textures/T_Explosion_SubUV.ubulk" 753
"F:/DANE/Project_2024/Content/StarterContent/Textures/T_Explosion_SubUV.uasset" 754
"F:/DANE/Project_2024/Content/StarterContent/Textures/T_Explosion_SubUV.uexp" 755
"F:/DANE/Project_2024/Content/StarterContent/Particles/Materials/M_explosion_subUV.uasset" 756
"F:/DANE/Project_2024/Content/StarterContent/Particles/Materials/M_explosion_subUV.uexp" 757
"../../../Engine/Content/Functions/Engine_MaterialFunctions01/Gradient/RadialGradient.uasset" 758
"../../../Engine/Content/Functions/Engine_MaterialFunctions01/Gradient/RadialGradient.uexp" 759
"F:/DANE/Project_2024/Content/StarterContent/Particles/Materials/M_radial_ramp.uasset" 760
"F:/DANE/Project_2024/Content/StarterContent/Particles/Materials/M_radial_ramp.uexp" 761
"F:/DANE/Project_2024/Content/StarterContent/Particles/P_Explosion.uasset" 762
"F:/DANE/Project_2024/Content/StarterContent/Particles/P_Explosion.uexp" 763
"F:/DANE/Project_2024/Content/StarterContent/Audio/Explosion_Cue.uasset" 764
"F:/DANE/Project_2024/Content/StarterContent/Audio/Explosion_Cue.uexp" 765
"F:/DANE/Project_2024/Content/StarterContent/Blueprints/Blueprint_Effect_Explosion.uasset" 766
"F:/DANE/Project_2024/Content/StarterContent/Blueprints/Blueprint_Effect_Explosion.uexp" 767
"F:/DANE/Project_2024/Content/StarterContent/Audio/Steam01.ubulk" 768
"F:/DANE/Project_2024/Content/StarterContent/Audio/Steam01.uasset" 769
"F:/DANE/Project_2024/Content/StarterContent/Audio/Steam01.uexp" 770
"F:/DANE/Project_2024/Content/StarterContent/Audio/Starter_Wind06.ubulk" 771
"F:/DANE/Project_2024/Content/StarterContent/Audio/Starter_Wind06.uasset" 772
"F:/DANE/Project_2024/Content/StarterContent/Audio/Starter_Wind06.uexp" 773
"F:/DANE/Project_2024/Content/StarterContent/Audio/Starter_Wind05.ubulk" 774
"F:/DANE/Project_2024/Content/StarterContent/Audio/Starter_Wind05.uasset" 775
"F:/DANE/Project_2024/Content/StarterContent/Audio/Starter_Wind05.uexp" 776
"F:/DANE/Project_2024/Content/StarterContent/Audio/Starter_Music01.ubulk" 777
"F:/DANE/Project_2024/Content/StarterContent/Audio/Starter_Music01.uasset" 778
"F:/DANE/Project_2024/Content/StarterContent/Audio/Starter_Music01.uexp" 779
"F:/DANE/Project_2024/Content/StarterContent/Audio/Starter_Birds01.ubulk" 780
"F:/DANE/Project_2024/Content/StarterContent/Audio/Starter_Birds01.uasset" 781
"F:/DANE/Project_2024/Content/StarterContent/Audio/Starter_Birds01.uexp" 782
"F:/DANE/Project_2024/Content/StarterContent/Audio/Smoke01.ubulk" 783
"F:/DANE/Project_2024/Content/StarterContent/Audio/Smoke01.uasset" 784
"F:/DANE/Project_2024/Content/StarterContent/Audio/Smoke01.uexp" 785
"F:/DANE/Project_2024/Content/StarterContent/Audio/Light02_Cue.uasset" 786
"F:/DANE/Project_2024/Content/StarterContent/Audio/Light02_Cue.uexp" 787
"F:/DANE/Project_2024/Content/StarterContent/Audio/Light02.ubulk" 788
"F:/DANE/Project_2024/Content/StarterContent/Audio/Light02.uasset" 789
"F:/DANE/Project_2024/Content/StarterContent/Audio/Light02.uexp" 790
"F:/DANE/Project_2024/Content/StarterContent/Audio/Light01_Cue.uasset" 791
"F:/DANE/Project_2024/Content/StarterContent/Audio/Light01_Cue.uexp" 792
"F:/DANE/Project_2024/Content/StarterContent/Audio/Light01.ubulk" 793
"F:/DANE/Project_2024/Content/StarterContent/Audio/Light01.uasset" 794
"F:/DANE/Project_2024/Content/StarterContent/Audio/Light01.uexp" 795
"F:/DANE/Project_2024/Content/StarterContent/Audio/Fire_Sparks01.ubulk" 796
"F:/DANE/Project_2024/Content/StarterContent/Audio/Fire_Sparks01.uasset" 797
"F:/DANE/Project_2024/Content/StarterContent/Audio/Fire_Sparks01.uexp" 798
"F:/DANE/Project_2024/Content/StarterContent/Audio/Fire01.ubulk" 799
"F:/DANE/Project_2024/Content/StarterContent/Audio/Fire01.uasset" 800
"F:/DANE/Project_2024/Content/StarterContent/Audio/Fire01.uexp" 801
"F:/DANE/Project_2024/Content/StarterContent/Audio/Explosion02.ubulk" 802
"F:/DANE/Project_2024/Content/StarterContent/Audio/Explosion02.uasset" 803
"F:/DANE/Project_2024/Content/StarterContent/Audio/Explosion02.uexp" 804
"F:/DANE/Project_2024/Content/StarterContent/Audio/Explosion01.ubulk" 805
"F:/DANE/Project_2024/Content/StarterContent/Audio/Explosion01.uasset" 806
"F:/DANE/Project_2024/Content/StarterContent/Audio/Explosion01.uexp" 807
"F:/DANE/Project_2024/Content/StarterContent/Audio/Collapse02.ubulk" 808
"F:/DANE/Project_2024/Content/StarterContent/Audio/Collapse02.uasset" 809
"F:/DANE/Project_2024/Content/StarterContent/Audio/Collapse02.uexp" 810
"F:/DANE/Project_2024/Content/StarterContent/Audio/Collapse01.ubulk" 811
"F:/DANE/Project_2024/Content/StarterContent/Audio/Collapse01.uasset" 812
"F:/DANE/Project_2024/Content/StarterContent/Audio/Collapse01.uexp" 813
"F:/DANE/Project_2024/Content/StarterContent/Materials/M_Basic_Wall.uasset" 814
"F:/DANE/Project_2024/Content/StarterContent/Materials/M_Basic_Wall.uexp" 815
"F:/DANE/Project_2024/Content/StarterContent/Architecture/Wall_Window_400x400.ubulk" 816
"F:/DANE/Project_2024/Content/StarterContent/Architecture/Wall_Window_400x400.uasset" 817
"F:/DANE/Project_2024/Content/StarterContent/Architecture/Wall_Window_400x400.uexp" 818
"F:/DANE/Project_2024/Content/StarterContent/Architecture/Wall_500x500.ubulk" 819
"F:/DANE/Project_2024/Content/StarterContent/Architecture/Wall_500x500.uasset" 820
"F:/DANE/Project_2024/Content/StarterContent/Architecture/Wall_500x500.uexp" 821
"F:/DANE/Project_2024/Content/StarterContent/Architecture/Wall_400x300.ubulk" 822
"F:/DANE/Project_2024/Content/StarterContent/Architecture/Wall_400x300.uasset" 823
"F:/DANE/Project_2024/Content/StarterContent/Architecture/Wall_400x300.uexp" 824
"F:/DANE/Project_2024/Content/StarterContent/Architecture/Pillar_50x500.ubulk" 825
"F:/DANE/Project_2024/Content/StarterContent/Architecture/Pillar_50x500.uasset" 826
"F:/DANE/Project_2024/Content/StarterContent/Architecture/Pillar_50x500.uexp" 827
"F:/DANE/Project_2024/Content/LevelPrototyping/Meshes/SM_Ramp.ubulk" 828
"F:/DANE/Project_2024/Content/LevelPrototyping/Meshes/SM_Ramp.uasset" 829
"F:/DANE/Project_2024/Content/LevelPrototyping/Meshes/SM_Ramp.uexp" 830
"F:/DANE/Project_2024/Content/LevelPrototyping/Meshes/SM_QuarterCylinder.ubulk" 831
"F:/DANE/Project_2024/Content/LevelPrototyping/Meshes/SM_QuarterCylinder.uasset" 832
"F:/DANE/Project_2024/Content/LevelPrototyping/Meshes/SM_QuarterCylinder.uexp" 833
"F:/DANE/Project_2024/Content/LevelPrototyping/Meshes/SM_Cylinder.ubulk" 834
"F:/DANE/Project_2024/Content/LevelPrototyping/Meshes/SM_Cylinder.uasset" 835
"F:/DANE/Project_2024/Content/LevelPrototyping/Meshes/SM_Cylinder.uexp" 836
"F:/DANE/Project_2024/Content/LevelPrototyping/Meshes/SM_Cube.ubulk" 837
"F:/DANE/Project_2024/Content/LevelPrototyping/Meshes/SM_Cube.uasset" 838
"F:/DANE/Project_2024/Content/LevelPrototyping/Meshes/SM_Cube.uexp" 839
"F:/DANE/Project_2024/Content/LevelPrototyping/Meshes/SM_ChamferCube.ubulk" 840
"F:/DANE/Project_2024/Content/LevelPrototyping/Meshes/SM_ChamferCube.uasset" 841
"F:/DANE/Project_2024/Content/LevelPrototyping/Meshes/SM_ChamferCube.uexp" 842
"F:/DANE/Project_2024/Content/LevelPrototyping/Materials/MI_PrototypeGrid_TopDark.uasset" 843
"F:/DANE/Project_2024/Content/LevelPrototyping/Materials/MI_PrototypeGrid_TopDark.uexp" 844
"F:/DANE/Project_2024/Content/LevelPrototyping/Materials/MI_PrototypeGrid_Gray_02.uasset" 845
"F:/DANE/Project_2024/Content/LevelPrototyping/Materials/MI_PrototypeGrid_Gray_02.uexp" 846
"F:/DANE/Project_2024/Content/FPWeapon/Mesh/SK_FPGun_PhysicsAsset.uasset" 847
"F:/DANE/Project_2024/Content/FPWeapon/Mesh/SK_FPGun_PhysicsAsset.uexp" 848
"F:/DANE/Project_2024/Content/StarterContent/Shapes/Shape_WideCapsule.ubulk" 849
"F:/DANE/Project_2024/Content/StarterContent/Shapes/Shape_WideCapsule.uasset" 850
"F:/DANE/Project_2024/Content/StarterContent/Shapes/Shape_WideCapsule.uexp" 851
"F:/DANE/Project_2024/Content/StarterContent/Shapes/Shape_Wedge_B.ubulk" 852
"F:/DANE/Project_2024/Content/StarterContent/Shapes/Shape_Wedge_B.uasset" 853
"F:/DANE/Project_2024/Content/StarterContent/Shapes/Shape_Wedge_B.uexp" 854
"F:/DANE/Project_2024/Content/StarterContent/Shapes/Shape_Wedge_A.ubulk" 855
"F:/DANE/Project_2024/Content/StarterContent/Shapes/Shape_Wedge_A.uasset" 856
"F:/DANE/Project_2024/Content/StarterContent/Shapes/Shape_Wedge_A.uexp" 857
"F:/DANE/Project_2024/Content/StarterContent/Shapes/Shape_Tube.ubulk" 858
"F:/DANE/Project_2024/Content/StarterContent/Shapes/Shape_Tube.uasset" 859
"F:/DANE/Project_2024/Content/StarterContent/Shapes/Shape_Tube.uexp" 860
"F:/DANE/Project_2024/Content/StarterContent/Shapes/Shape_TriPyramid.ubulk" 861
"F:/DANE/Project_2024/Content/StarterContent/Shapes/Shape_TriPyramid.uasset" 862
"F:/DANE/Project_2024/Content/StarterContent/Shapes/Shape_TriPyramid.uexp" 863
"F:/DANE/Project_2024/Content/StarterContent/Shapes/Shape_Trim_90_Out.ubulk" 864
"F:/DANE/Project_2024/Content/StarterContent/Shapes/Shape_Trim_90_Out.uasset" 865
"F:/DANE/Project_2024/Content/StarterContent/Shapes/Shape_Trim_90_Out.uexp" 866
"F:/DANE/Project_2024/Content/StarterContent/Shapes/Shape_Trim_90_In.ubulk" 867
"F:/DANE/Project_2024/Content/StarterContent/Shapes/Shape_Trim_90_In.uasset" 868
"F:/DANE/Project_2024/Content/StarterContent/Shapes/Shape_Trim_90_In.uexp" 869
"F:/DANE/Project_2024/Content/StarterContent/Shapes/Shape_Trim.ubulk" 870
"F:/DANE/Project_2024/Content/StarterContent/Shapes/Shape_Trim.uasset" 871
"F:/DANE/Project_2024/Content/StarterContent/Shapes/Shape_Trim.uexp" 872
"F:/DANE/Project_2024/Content/StarterContent/Shapes/Shape_Torus.ubulk" 873
"F:/DANE/Project_2024/Content/StarterContent/Shapes/Shape_Torus.uasset" 874
"F:/DANE/Project_2024/Content/StarterContent/Shapes/Shape_Torus.uexp" 875
"F:/DANE/Project_2024/Content/StarterContent/Shapes/Shape_Plane.ubulk" 876
"F:/DANE/Project_2024/Content/StarterContent/Shapes/Shape_Plane.uasset" 877
"F:/DANE/Project_2024/Content/StarterContent/Shapes/Shape_Plane.uexp" 878
"F:/DANE/Project_2024/Content/StarterContent/Shapes/Shape_Pipe_90.ubulk" 879
"F:/DANE/Project_2024/Content/StarterContent/Shapes/Shape_Pipe_90.uasset" 880
"F:/DANE/Project_2024/Content/StarterContent/Shapes/Shape_Pipe_90.uexp" 881
"F:/DANE/Project_2024/Content/StarterContent/Shapes/Shape_Pipe_180.ubulk" 882
"F:/DANE/Project_2024/Content/StarterContent/Shapes/Shape_Pipe_180.uasset" 883
"F:/DANE/Project_2024/Content/StarterContent/Shapes/Shape_Pipe_180.uexp" 884
"F:/DANE/Project_2024/Content/StarterContent/Shapes/Shape_Pipe.ubulk" 885
"F:/DANE/Project_2024/Content/StarterContent/Shapes/Shape_Pipe.uasset" 886
"F:/DANE/Project_2024/Content/StarterContent/Shapes/Shape_Pipe.uexp" 887
"F:/DANE/Project_2024/Content/StarterContent/Shapes/Shape_NarrowCapsule.ubulk" 888
"F:/DANE/Project_2024/Content/StarterContent/Shapes/Shape_NarrowCapsule.uasset" 889
"F:/DANE/Project_2024/Content/StarterContent/Shapes/Shape_NarrowCapsule.uexp" 890
"F:/DANE/Project_2024/Content/StarterContent/Shapes/Shape_Cylinder.ubulk" 891
"F:/DANE/Project_2024/Content/StarterContent/Shapes/Shape_Cylinder.uasset" 892
"F:/DANE/Project_2024/Content/StarterContent/Shapes/Shape_Cylinder.uexp" 893
"F:/DANE/Project_2024/Content/StarterContent/Shapes/Shape_Cone.ubulk" 894
"F:/DANE/Project_2024/Content/StarterContent/Shapes/Shape_Cone.uasset" 895
"F:/DANE/Project_2024/Content/StarterContent/Shapes/Shape_Cone.uexp" 896
"F:/DANE/Project_2024/Content/StarterContent/Materials/M_Basic_Floor.uasset" 897
"F:/DANE/Project_2024/Content/StarterContent/Materials/M_Basic_Floor.uexp" 898
"F:/DANE/Project_2024/Content/StarterContent/Props/SM_Stairs.ubulk" 899
"F:/DANE/Project_2024/Content/StarterContent/Props/SM_Stairs.uasset" 900
"F:/DANE/Project_2024/Content/StarterContent/Props/SM_Stairs.uexp" 901
"F:/DANE/Project_2024/Content/StarterContent/Textures/T_Detail_Rocky_N.ubulk" 902
"F:/DANE/Project_2024/Content/StarterContent/Textures/T_Detail_Rocky_N.uasset" 903
"F:/DANE/Project_2024/Content/StarterContent/Textures/T_Detail_Rocky_N.uexp" 904
"F:/DANE/Project_2024/Content/StarterContent/Textures/T_Rock_Basalt_D.ubulk" 905
"F:/DANE/Project_2024/Content/StarterContent/Textures/T_Rock_Basalt_D.uasset" 906
"F:/DANE/Project_2024/Content/StarterContent/Textures/T_Rock_Basalt_D.uexp" 907
"F:/DANE/Project_2024/Content/StarterContent/Textures/T_RockMesh_N.ubulk" 908
"F:/DANE/Project_2024/Content/StarterContent/Textures/T_RockMesh_N.uasset" 909
"F:/DANE/Project_2024/Content/StarterContent/Textures/T_RockMesh_N.uexp" 910
"F:/DANE/Project_2024/Content/StarterContent/Textures/T_RockMesh_M.ubulk" 911
"F:/DANE/Project_2024/Content/StarterContent/Textures/T_RockMesh_M.uasset" 912
"F:/DANE/Project_2024/Content/StarterContent/Textures/T_RockMesh_M.uexp" 913
"F:/DANE/Project_2024/Content/StarterContent/Props/Materials/M_Rock.uasset" 914
"F:/DANE/Project_2024/Content/StarterContent/Props/Materials/M_Rock.uexp" 915
"F:/DANE/Project_2024/Content/StarterContent/Props/SM_Rock.ubulk" 916
"F:/DANE/Project_2024/Content/StarterContent/Props/SM_Rock.uasset" 917
"F:/DANE/Project_2024/Content/StarterContent/Props/SM_Rock.uexp" 918
"F:/DANE/Project_2024/Content/StarterContent/Textures/T_Bush_N.ubulk" 919
"F:/DANE/Project_2024/Content/StarterContent/Textures/T_Bush_N.uasset" 920
"F:/DANE/Project_2024/Content/StarterContent/Textures/T_Bush_N.uexp" 921
"F:/DANE/Project_2024/Content/StarterContent/Textures/T_Bush_D.ubulk" 922
"F:/DANE/Project_2024/Content/StarterContent/Textures/T_Bush_D.uasset" 923
"F:/DANE/Project_2024/Content/StarterContent/Textures/T_Bush_D.uexp" 924
"F:/DANE/Project_2024/Content/StarterContent/Props/Materials/M_Bush.uasset" 925
"F:/DANE/Project_2024/Content/StarterContent/Props/Materials/M_Bush.uexp" 926
"F:/DANE/Project_2024/Content/StarterContent/Props/SM_Bush.ubulk" 927
"F:/DANE/Project_2024/Content/StarterContent/Props/SM_Bush.uasset" 928
"F:/DANE/Project_2024/Content/StarterContent/Props/SM_Bush.uexp" 929
"../../../Engine/Content/EditorMeshes/ColorCalibrator/T_ColorGrid.ubulk" 930
"../../../Engine/Content/EditorMeshes/ColorCalibrator/T_ColorGrid.uasset" 931
"../../../Engine/Content/EditorMeshes/ColorCalibrator/T_ColorGrid.uexp" 932
"F:/DANE/Project_2024/Content/StarterContent/Materials/M_ColorGrid_LowSpec.uasset" 933
"F:/DANE/Project_2024/Content/StarterContent/Materials/M_ColorGrid_LowSpec.uexp" 934
"F:/DANE/Project_2024/Content/FPWeapon/Audio/FirstPersonTemplateWeaponFire02.ubulk" 935
"F:/DANE/Project_2024/Content/FPWeapon/Audio/FirstPersonTemplateWeaponFire02.uasset" 936
"F:/DANE/Project_2024/Content/FPWeapon/Audio/FirstPersonTemplateWeaponFire02.uexp" 937
"F:/DANE/Project_2024/Content/FirstPersonArms/Animations/FP_Walk_Fwd.uasset" 938
"F:/DANE/Project_2024/Content/FirstPersonArms/Animations/FP_Walk_Fwd.uexp" 939
"F:/DANE/Project_2024/Content/FirstPersonArms/Animations/FP_Rifle_Fire.uasset" 940
"F:/DANE/Project_2024/Content/FirstPersonArms/Animations/FP_Rifle_Fire.uexp" 941
"F:/DANE/Project_2024/Content/FirstPersonArms/Animations/FP_Rifle_Shoot_Montage.uasset" 942
"F:/DANE/Project_2024/Content/FirstPersonArms/Animations/FP_Rifle_Shoot_Montage.uexp" 943
"F:/DANE/Project_2024/Content/FirstPerson/Maps/FirstPersonMap_BuiltData.ubulk" 944
"F:/DANE/Project_2024/Content/FirstPerson/Maps/FirstPersonMap_BuiltData.uasset" 945
"F:/DANE/Project_2024/Content/FirstPerson/Maps/FirstPersonMap_BuiltData.uexp" 946
"F:/DANE/Project_2024/Content/FirstPerson/Blueprints/BP_Weapon_Component.uasset" 947
"F:/DANE/Project_2024/Content/FirstPerson/Blueprints/BP_Weapon_Component.uexp" 948
"F:/DANE/Project_2024/Content/FPWeapon/Mesh/FirstPersonProjectileMesh.ubulk" 949
"F:/DANE/Project_2024/Content/FPWeapon/Mesh/FirstPersonProjectileMesh.uasset" 950
"F:/DANE/Project_2024/Content/FPWeapon/Mesh/FirstPersonProjectileMesh.uexp" 951
"F:/DANE/Project_2024/Content/FirstPerson/Blueprints/BP_FirstPersonProjectile.uasset" 952
"F:/DANE/Project_2024/Content/FirstPerson/Blueprints/BP_FirstPersonProjectile.uexp" 953
"F:/DANE/Project_2024/Content/Maps/_GENERATED/GlitchedGuest/Path_FC43F753.ubulk" 954
"F:/DANE/Project_2024/Content/Maps/_GENERATED/GlitchedGuest/Path_FC43F753.uasset" 955
"F:/DANE/Project_2024/Content/Maps/_GENERATED/GlitchedGuest/Path_FC43F753.uexp" 956
"F:/DANE/Project_2024/Content/Maps/_GENERATED/GlitchedGuest/Path_F59A3A6A.ubulk" 957
"F:/DANE/Project_2024/Content/Maps/_GENERATED/GlitchedGuest/Path_F59A3A6A.uasset" 958
"F:/DANE/Project_2024/Content/Maps/_GENERATED/GlitchedGuest/Path_F59A3A6A.uexp" 959
"F:/DANE/Project_2024/Content/Maps/_GENERATED/GlitchedGuest/Path_E3AE8689.ubulk" 960
"F:/DANE/Project_2024/Content/Maps/_GENERATED/GlitchedGuest/Path_E3AE8689.uasset" 961
"F:/DANE/Project_2024/Content/Maps/_GENERATED/GlitchedGuest/Path_E3AE8689.uexp" 962
"F:/DANE/Project_2024/Content/Maps/_GENERATED/GlitchedGuest/Path_C5B3DA9B.ubulk" 963
"F:/DANE/Project_2024/Content/Maps/_GENERATED/GlitchedGuest/Path_C5B3DA9B.uasset" 964
"F:/DANE/Project_2024/Content/Maps/_GENERATED/GlitchedGuest/Path_C5B3DA9B.uexp" 965
"F:/DANE/Project_2024/Content/Maps/_GENERATED/GlitchedGuest/Path_C4B74BF1.ubulk" 966
"F:/DANE/Project_2024/Content/Maps/_GENERATED/GlitchedGuest/Path_C4B74BF1.uasset" 967
"F:/DANE/Project_2024/Content/Maps/_GENERATED/GlitchedGuest/Path_C4B74BF1.uexp" 968
"F:/DANE/Project_2024/Content/Maps/_GENERATED/GlitchedGuest/Path_BF90E5DB.ubulk" 969
"F:/DANE/Project_2024/Content/Maps/_GENERATED/GlitchedGuest/Path_BF90E5DB.uasset" 970
"F:/DANE/Project_2024/Content/Maps/_GENERATED/GlitchedGuest/Path_BF90E5DB.uexp" 971
"F:/DANE/Project_2024/Content/Maps/_GENERATED/GlitchedGuest/Path_BC00028C.ubulk" 972
"F:/DANE/Project_2024/Content/Maps/_GENERATED/GlitchedGuest/Path_BC00028C.uasset" 973
"F:/DANE/Project_2024/Content/Maps/_GENERATED/GlitchedGuest/Path_BC00028C.uexp" 974
"F:/DANE/Project_2024/Content/Maps/_GENERATED/GlitchedGuest/Path_B68A550F.ubulk" 975
"F:/DANE/Project_2024/Content/Maps/_GENERATED/GlitchedGuest/Path_B68A550F.uasset" 976
"F:/DANE/Project_2024/Content/Maps/_GENERATED/GlitchedGuest/Path_B68A550F.uexp" 977
"F:/DANE/Project_2024/Content/Maps/_GENERATED/GlitchedGuest/Path_B5BB8E25.ubulk" 978
"F:/DANE/Project_2024/Content/Maps/_GENERATED/GlitchedGuest/Path_B5BB8E25.uasset" 979
"F:/DANE/Project_2024/Content/Maps/_GENERATED/GlitchedGuest/Path_B5BB8E25.uexp" 980
"F:/DANE/Project_2024/Content/Maps/_GENERATED/GlitchedGuest/Path_AFB97988.ubulk" 981
"F:/DANE/Project_2024/Content/Maps/_GENERATED/GlitchedGuest/Path_AFB97988.uasset" 982
"F:/DANE/Project_2024/Content/Maps/_GENERATED/GlitchedGuest/Path_AFB97988.uexp" 983
"F:/DANE/Project_2024/Content/Maps/_GENERATED/GlitchedGuest/Path_A8EA82FE.ubulk" 984
"F:/DANE/Project_2024/Content/Maps/_GENERATED/GlitchedGuest/Path_A8EA82FE.uasset" 985
"F:/DANE/Project_2024/Content/Maps/_GENERATED/GlitchedGuest/Path_A8EA82FE.uexp" 986
"F:/DANE/Project_2024/Content/Maps/_GENERATED/GlitchedGuest/Path_A32F4F7C.ubulk" 987
"F:/DANE/Project_2024/Content/Maps/_GENERATED/GlitchedGuest/Path_A32F4F7C.uasset" 988
"F:/DANE/Project_2024/Content/Maps/_GENERATED/GlitchedGuest/Path_A32F4F7C.uexp" 989
"F:/DANE/Project_2024/Content/Maps/_GENERATED/GlitchedGuest/Path_94074F5D.ubulk" 990
"F:/DANE/Project_2024/Content/Maps/_GENERATED/GlitchedGuest/Path_94074F5D.uasset" 991
"F:/DANE/Project_2024/Content/Maps/_GENERATED/GlitchedGuest/Path_94074F5D.uexp" 992
"F:/DANE/Project_2024/Content/Maps/_GENERATED/GlitchedGuest/Path_90B30A24.ubulk" 993
"F:/DANE/Project_2024/Content/Maps/_GENERATED/GlitchedGuest/Path_90B30A24.uasset" 994
"F:/DANE/Project_2024/Content/Maps/_GENERATED/GlitchedGuest/Path_90B30A24.uexp" 995
"F:/DANE/Project_2024/Content/Maps/_GENERATED/GlitchedGuest/Path_8E5C60DB.ubulk" 996
"F:/DANE/Project_2024/Content/Maps/_GENERATED/GlitchedGuest/Path_8E5C60DB.uasset" 997
"F:/DANE/Project_2024/Content/Maps/_GENERATED/GlitchedGuest/Path_8E5C60DB.uexp" 998
"F:/DANE/Project_2024/Content/Maps/_GENERATED/GlitchedGuest/Path_8B4B6058.ubulk" 999
"F:/DANE/Project_2024/Content/Maps/_GENERATED/GlitchedGuest/Path_8B4B6058.uasset" 1000
"F:/DANE/Project_2024/Content/Maps/_GENERATED/GlitchedGuest/Path_8B4B6058.uexp" 1001
"F:/DANE/Project_2024/Content/Maps/_GENERATED/GlitchedGuest/Path_763373A0.ubulk" 1002
"F:/DANE/Project_2024/Content/Maps/_GENERATED/GlitchedGuest/Path_763373A0.uasset" 1003
"F:/DANE/Project_2024/Content/Maps/_GENERATED/GlitchedGuest/Path_763373A0.uexp" 1004
"F:/DANE/Project_2024/Content/Maps/_GENERATED/GlitchedGuest/Path_736CDCE8.ubulk" 1005
"F:/DANE/Project_2024/Content/Maps/_GENERATED/GlitchedGuest/Path_736CDCE8.uasset" 1006
"F:/DANE/Project_2024/Content/Maps/_GENERATED/GlitchedGuest/Path_736CDCE8.uexp" 1007
"F:/DANE/Project_2024/Content/Maps/_GENERATED/GlitchedGuest/Path_7236C2DF.ubulk" 1008
"F:/DANE/Project_2024/Content/Maps/_GENERATED/GlitchedGuest/Path_7236C2DF.uasset" 1009
"F:/DANE/Project_2024/Content/Maps/_GENERATED/GlitchedGuest/Path_7236C2DF.uexp" 1010
"F:/DANE/Project_2024/Content/Maps/_GENERATED/GlitchedGuest/Path_713B3BE9.ubulk" 1011
"F:/DANE/Project_2024/Content/Maps/_GENERATED/GlitchedGuest/Path_713B3BE9.uasset" 1012
"F:/DANE/Project_2024/Content/Maps/_GENERATED/GlitchedGuest/Path_713B3BE9.uexp" 1013
"F:/DANE/Project_2024/Content/Maps/_GENERATED/GlitchedGuest/Path_701FC074.ubulk" 1014
"F:/DANE/Project_2024/Content/Maps/_GENERATED/GlitchedGuest/Path_701FC074.uasset" 1015
"F:/DANE/Project_2024/Content/Maps/_GENERATED/GlitchedGuest/Path_701FC074.uexp" 1016
"F:/DANE/Project_2024/Content/Maps/_GENERATED/GlitchedGuest/Path_6F2718A2.ubulk" 1017
"F:/DANE/Project_2024/Content/Maps/_GENERATED/GlitchedGuest/Path_6F2718A2.uasset" 1018
"F:/DANE/Project_2024/Content/Maps/_GENERATED/GlitchedGuest/Path_6F2718A2.uexp" 1019
"F:/DANE/Project_2024/Content/Maps/_GENERATED/GlitchedGuest/Path_6DD60455.ubulk" 1020
"F:/DANE/Project_2024/Content/Maps/_GENERATED/GlitchedGuest/Path_6DD60455.uasset" 1021
"F:/DANE/Project_2024/Content/Maps/_GENERATED/GlitchedGuest/Path_6DD60455.uexp" 1022
"F:/DANE/Project_2024/Content/Maps/_GENERATED/GlitchedGuest/Path_6B0BB1EE.ubulk" 1023
"F:/DANE/Project_2024/Content/Maps/_GENERATED/GlitchedGuest/Path_6B0BB1EE.uasset" 1024
"F:/DANE/Project_2024/Content/Maps/_GENERATED/GlitchedGuest/Path_6B0BB1EE.uexp" 1025
"F:/DANE/Project_2024/Content/Maps/_GENERATED/GlitchedGuest/Path_672D0E29.ubulk" 1026
"F:/DANE/Project_2024/Content/Maps/_GENERATED/GlitchedGuest/Path_672D0E29.uasset" 1027
"F:/DANE/Project_2024/Content/Maps/_GENERATED/GlitchedGuest/Path_672D0E29.uexp" 1028
"F:/DANE/Project_2024/Content/Maps/_GENERATED/GlitchedGuest/Path_5D65D750.ubulk" 1029
"F:/DANE/Project_2024/Content/Maps/_GENERATED/GlitchedGuest/Path_5D65D750.uasset" 1030
"F:/DANE/Project_2024/Content/Maps/_GENERATED/GlitchedGuest/Path_5D65D750.uexp" 1031
"F:/DANE/Project_2024/Content/Maps/_GENERATED/GlitchedGuest/Path_57A1178B.ubulk" 1032
"F:/DANE/Project_2024/Content/Maps/_GENERATED/GlitchedGuest/Path_57A1178B.uasset" 1033
"F:/DANE/Project_2024/Content/Maps/_GENERATED/GlitchedGuest/Path_57A1178B.uexp" 1034
"F:/DANE/Project_2024/Content/Maps/_GENERATED/GlitchedGuest/Path_527C4956.ubulk" 1035
"F:/DANE/Project_2024/Content/Maps/_GENERATED/GlitchedGuest/Path_527C4956.uasset" 1036
"F:/DANE/Project_2024/Content/Maps/_GENERATED/GlitchedGuest/Path_527C4956.uexp" 1037
"F:/DANE/Project_2024/Content/Maps/_GENERATED/GlitchedGuest/Path_4B881E3A.ubulk" 1038
"F:/DANE/Project_2024/Content/Maps/_GENERATED/GlitchedGuest/Path_4B881E3A.uasset" 1039
"F:/DANE/Project_2024/Content/Maps/_GENERATED/GlitchedGuest/Path_4B881E3A.uexp" 1040
"F:/DANE/Project_2024/Content/Maps/_GENERATED/GlitchedGuest/Path_447CE832.ubulk" 1041
"F:/DANE/Project_2024/Content/Maps/_GENERATED/GlitchedGuest/Path_447CE832.uasset" 1042
"F:/DANE/Project_2024/Content/Maps/_GENERATED/GlitchedGuest/Path_447CE832.uexp" 1043
"F:/DANE/Project_2024/Content/Maps/_GENERATED/GlitchedGuest/Path_38560F60.ubulk" 1044
"F:/DANE/Project_2024/Content/Maps/_GENERATED/GlitchedGuest/Path_38560F60.uasset" 1045
"F:/DANE/Project_2024/Content/Maps/_GENERATED/GlitchedGuest/Path_38560F60.uexp" 1046
"F:/DANE/Project_2024/Content/Maps/_GENERATED/GlitchedGuest/Path_3513212E.ubulk" 1047
"F:/DANE/Project_2024/Content/Maps/_GENERATED/GlitchedGuest/Path_3513212E.uasset" 1048
"F:/DANE/Project_2024/Content/Maps/_GENERATED/GlitchedGuest/Path_3513212E.uexp" 1049
"F:/DANE/Project_2024/Content/Maps/_GENERATED/GlitchedGuest/Path_30E10ED5.ubulk" 1050
"F:/DANE/Project_2024/Content/Maps/_GENERATED/GlitchedGuest/Path_30E10ED5.uasset" 1051
"F:/DANE/Project_2024/Content/Maps/_GENERATED/GlitchedGuest/Path_30E10ED5.uexp" 1052
"F:/DANE/Project_2024/Content/Maps/_GENERATED/GlitchedGuest/Path_2C64AAC8.ubulk" 1053
"F:/DANE/Project_2024/Content/Maps/_GENERATED/GlitchedGuest/Path_2C64AAC8.uasset" 1054
"F:/DANE/Project_2024/Content/Maps/_GENERATED/GlitchedGuest/Path_2C64AAC8.uexp" 1055
"F:/DANE/Project_2024/Content/Maps/_GENERATED/GlitchedGuest/Path_27678A88.ubulk" 1056
"F:/DANE/Project_2024/Content/Maps/_GENERATED/GlitchedGuest/Path_27678A88.uasset" 1057
"F:/DANE/Project_2024/Content/Maps/_GENERATED/GlitchedGuest/Path_27678A88.uexp" 1058
"F:/DANE/Project_2024/Content/Maps/_GENERATED/GlitchedGuest/Path_1D5216F9.ubulk" 1059
"F:/DANE/Project_2024/Content/Maps/_GENERATED/GlitchedGuest/Path_1D5216F9.uasset" 1060
"F:/DANE/Project_2024/Content/Maps/_GENERATED/GlitchedGuest/Path_1D5216F9.uexp" 1061
"F:/DANE/Project_2024/Content/Maps/_GENERATED/GlitchedGuest/Path_0C286B95.ubulk" 1062
"F:/DANE/Project_2024/Content/Maps/_GENERATED/GlitchedGuest/Path_0C286B95.uasset" 1063
"F:/DANE/Project_2024/Content/Maps/_GENERATED/GlitchedGuest/Path_0C286B95.uexp" 1064
"F:/DANE/Project_2024/Content/Maps/_GENERATED/GlitchedGuest/Path_067DA48C.ubulk" 1065
"F:/DANE/Project_2024/Content/Maps/_GENERATED/GlitchedGuest/Path_067DA48C.uasset" 1066
"F:/DANE/Project_2024/Content/Maps/_GENERATED/GlitchedGuest/Path_067DA48C.uexp" 1067
"F:/DANE/Project_2024/Content/Maps/_GENERATED/GlitchedGuest/Combined_D3C82651.ubulk" 1068
"F:/DANE/Project_2024/Content/Maps/_GENERATED/GlitchedGuest/Combined_D3C82651.uasset" 1069
"F:/DANE/Project_2024/Content/Maps/_GENERATED/GlitchedGuest/Combined_D3C82651.uexp" 1070
"F:/DANE/Project_2024/Content/FPWeapon/Materials/MaterialLayers/T_ML_FineRubber.ubulk" 1071
"F:/DANE/Project_2024/Content/FPWeapon/Materials/MaterialLayers/T_ML_FineRubber.uasset" 1072
"F:/DANE/Project_2024/Content/FPWeapon/Materials/MaterialLayers/T_ML_FineRubber.uexp" 1073
"../../../Engine/Content/Maps/Templates/HLODs/HLODLayer_Merged.uasset" 1074
"../../../Engine/Content/Maps/Templates/HLODs/HLODLayer_Merged.uexp" 1075
"../../../Engine/Content/Functions/Engine_MaterialFunctions01/Shading/PowerToRoughness.uasset" 1076
"../../../Engine/Content/Functions/Engine_MaterialFunctions01/Shading/PowerToRoughness.uexp" 1077
"../../../Engine/Content/Functions/Engine_MaterialFunctions01/Shading/ConvertFromDiffSpec.uasset" 1078
"../../../Engine/Content/Functions/Engine_MaterialFunctions01/Shading/ConvertFromDiffSpec.uexp" 1079
"../../../Engine/Content/EngineSky/VolumetricClouds/CloudWeatherTexture.uasset" 1080
"../../../Engine/Content/EngineSky/VolumetricClouds/CloudWeatherTexture.uexp" 1081
"../../../Engine/Content/Functions/Engine_MaterialFunctions02/Utility/MakeFloat2.uasset" 1082
"../../../Engine/Content/Functions/Engine_MaterialFunctions02/Utility/MakeFloat2.uexp" 1083
"../../../Engine/Content/EngineSky/VolumetricClouds/CloudGradientTexture.uasset" 1084
"../../../Engine/Content/EngineSky/VolumetricClouds/CloudGradientTexture.uexp" 1085
"../../../Engine/Content/EngineSky/VolumetricClouds/T_NoiseShape64.ubulk" 1086
"../../../Engine/Content/EngineSky/VolumetricClouds/T_NoiseShape64.uasset" 1087
"../../../Engine/Content/EngineSky/VolumetricClouds/T_NoiseShape64.uexp" 1088
"../../../Engine/Content/EngineSky/VolumetricClouds/T_VolumeNoiseShape64.uasset" 1089
"../../../Engine/Content/EngineSky/VolumetricClouds/T_VolumeNoiseShape64.uexp" 1090
"../../../Engine/Content/EngineSky/VolumetricClouds/T_NoiseErosion.ubulk" 1091
"../../../Engine/Content/EngineSky/VolumetricClouds/T_NoiseErosion.uasset" 1092
"../../../Engine/Content/EngineSky/VolumetricClouds/T_NoiseErosion.uexp" 1093
"../../../Engine/Content/EngineSky/VolumetricClouds/T_VolumeNoiseErosion32.uasset" 1094
"../../../Engine/Content/EngineSky/VolumetricClouds/T_VolumeNoiseErosion32.uexp" 1095
"../../../Engine/Content/EngineSky/VolumetricClouds/m_SimpleVolumetricCloud.uasset" 1096
"../../../Engine/Content/EngineSky/VolumetricClouds/m_SimpleVolumetricCloud.uexp" 1097
"../../../Engine/Content/EngineSky/VolumetricClouds/m_SimpleVolumetricCloud_Inst.uasset" 1098
"../../../Engine/Content/EngineSky/VolumetricClouds/m_SimpleVolumetricCloud_Inst.uexp" 1099
"../../../Engine/Content/EngineResources/FilmGrains/Marcie_Grain_v3_128_M2_000.uasset" 1100
"../../../Engine/Content/EngineResources/FilmGrains/Marcie_Grain_v3_128_M2_000.uexp" 1101
"../../../Engine/Content/EngineFonts/Faces/RobotoLight.uexp" 1102
"../../../Engine/Content/EngineFonts/Faces/RobotoLight.uasset" 1103
"../../../Engine/Content/EngineFonts/Faces/RobotoLight.ufont" 1104
"../../../Engine/Content/EngineFonts/Faces/RobotoBold.uexp" 1105
"../../../Engine/Content/EngineFonts/Faces/RobotoBold.uasset" 1106
"../../../Engine/Content/EngineFonts/Faces/RobotoBold.ufont" 1107
"../../../Engine/Content/EngineFonts/Faces/RobotoRegular.uexp" 1108
"../../../Engine/Content/EngineFonts/Faces/RobotoRegular.uasset" 1109
"../../../Engine/Content/EngineFonts/Faces/RobotoRegular.ufont" 1110
"../../../Engine/Content/EngineFonts/Faces/DroidSansFallback.uexp" 1111
"../../../Engine/Content/EngineFonts/Faces/DroidSansFallback.uasset" 1112
"../../../Engine/Content/EngineFonts/Faces/DroidSansFallback.ufont" 1113
"../../../Engine/Content/EngineFonts/Faces/RobotoItalic.uexp" 1114
"../../../Engine/Content/EngineFonts/Faces/RobotoItalic.uasset" 1115
"../../../Engine/Content/EngineFonts/Faces/RobotoItalic.ufont" 1116
"../../../Engine/Content/EngineFonts/Faces/RobotoBoldItalic.uexp" 1117
"../../../Engine/Content/EngineFonts/Faces/RobotoBoldItalic.uasset" 1118
"../../../Engine/Content/EngineFonts/Faces/RobotoBoldItalic.ufont" 1119
"../../../Engine/Content/EngineFonts/Roboto.uasset" 1120
"../../../Engine/Content/EngineFonts/Roboto.uexp" 1121
"../../../Engine/Content/Functions/Engine_MaterialFunctions02/Utility/CameraDirectionVector.uasset" 1122
"../../../Engine/Content/Functions/Engine_MaterialFunctions02/Utility/CameraDirectionVector.uexp" 1123
"../../../Engine/Content/EngineDebugMaterials/VolumeToRender.uasset" 1124
"../../../Engine/Content/EngineDebugMaterials/VolumeToRender.uexp" 1125
"../../../Engine/Content/EngineDebugMaterials/M_VolumeRenderSphereTracePP.uasset" 1126
"../../../Engine/Content/EngineDebugMaterials/M_VolumeRenderSphereTracePP.uexp" 1127
"../../../Engine/Content/EngineDebugMaterials/M_SimpleUnlitTranslucent.uasset" 1128
"../../../Engine/Content/EngineDebugMaterials/M_SimpleUnlitTranslucent.uexp" 1129
"../../../Engine/Content/EngineDebugMaterials/DebugMeshMaterial.uasset" 1130
"../../../Engine/Content/EngineDebugMaterials/DebugMeshMaterial.uexp" 1131
"../../../Engine/Content/EngineDebugMaterials/DebugEditorMaterial.uasset" 1132
"../../../Engine/Content/EngineDebugMaterials/DebugEditorMaterial.uexp" 1133
"../../../Engine/Content/EngineDamageTypes/DmgTypeBP_Environmental.uasset" 1134
"../../../Engine/Content/EngineDamageTypes/DmgTypeBP_Environmental.uexp" 1135
"../../../Engine/Content/EditorResources/S_Terrain.ubulk" 1136
"../../../Engine/Content/EditorResources/S_Terrain.uasset" 1137
"../../../Engine/Content/EditorResources/S_Terrain.uexp" 1138
"../../../Engine/Content/EditorResources/EmptyActor.uasset" 1139
"../../../Engine/Content/EditorResources/EmptyActor.uexp" 1140
"../../../Engine/Content/EditorResources/BSPVertex.uasset" 1141
"../../../Engine/Content/EditorResources/BSPVertex.uexp" 1142
"../../../Engine/Content/EditorResources/SequenceRecorder/RecordingIndicator.uasset" 1143
"../../../Engine/Content/EditorResources/SequenceRecorder/RecordingIndicator.uexp" 1144
"../../../Engine/Content/EditorResources/SequenceRecorder/Countdown.uasset" 1145
"../../../Engine/Content/EditorResources/SequenceRecorder/Countdown.uexp" 1146
"../../../Engine/Content/EditorResources/LightIcons/S_LightError.uasset" 1147
"../../../Engine/Content/EditorResources/LightIcons/S_LightError.uexp" 1148
"../../../Engine/Content/EditorResources/AudioIcons/S_AudioComponent_AutoActivate.uasset" 1149
"../../../Engine/Content/EditorResources/AudioIcons/S_AudioComponent_AutoActivate.uexp" 1150
"../../../Engine/Content/EditorResources/AudioIcons/S_AudioComponent.uasset" 1151
"../../../Engine/Content/EditorResources/AudioIcons/S_AudioComponent.uexp" 1152
"../../../Engine/Content/EditorMaterials/PreviewShadowIndicator.ubulk" 1153
"../../../Engine/Content/EditorMaterials/PreviewShadowIndicator.uasset" 1154
"../../../Engine/Content/EditorMaterials/PreviewShadowIndicator.uexp" 1155
"../../../Engine/Content/EditorMaterials/PreviewShadowIndicatorMaterial.uasset" 1156
"../../../Engine/Content/EditorMaterials/PreviewShadowIndicatorMaterial.uexp" 1157
"../../../Engine/Content/EditorMaterials/PhAT_UnselectedMaterial.uasset" 1158
"../../../Engine/Content/EditorMaterials/PhAT_UnselectedMaterial.uexp" 1159
"../../../Engine/Content/EditorMaterials/PhAT_NoCollisionMaterial.uasset" 1160
"../../../Engine/Content/EditorMaterials/PhAT_NoCollisionMaterial.uexp" 1161
"../../../Engine/Content/BasicShapes/Cone.ubulk" 1162
"../../../Engine/Content/BasicShapes/Cone.uasset" 1163
"../../../Engine/Content/BasicShapes/Cone.uexp" 1164
"F:/DANE/Project_2024/Content/Widgets/WB_YouWin.uasset" 1165
"F:/DANE/Project_2024/Content/Widgets/WB_YouWin.uexp" 1166
"F:/DANE/Project_2024/Content/Blueprints/MainMenuBase.uasset" 1167
"F:/DANE/Project_2024/Content/Blueprints/MainMenuBase.uexp" 1168
"F:/DANE/Project_2024/Content/Maps/WinMap.uexp" 1169
"F:/DANE/Project_2024/Content/Maps/WinMap.umap" 1170
"F:/DANE/Project_2024/Content/Widgets/WB_MainMenu.uasset" 1171
"F:/DANE/Project_2024/Content/Widgets/WB_MainMenu.uexp" 1172
"F:/DANE/Project_2024/Content/Maps/MainMenuMap.uexp" 1173
"F:/DANE/Project_2024/Content/Maps/MainMenuMap.umap" 1174
"F:/DANE/Project_2024/Content/Maps/_GENERATED/GlitchedGuest/Path_6A889A53.ubulk" 1175
"F:/DANE/Project_2024/Content/Maps/_GENERATED/GlitchedGuest/Path_6A889A53.uasset" 1176
"F:/DANE/Project_2024/Content/Maps/_GENERATED/GlitchedGuest/Path_6A889A53.uexp" 1177
"F:/DANE/Project_2024/Content/Maps/_GENERATED/GlitchedGuest/Rectangle_223133F4.ubulk" 1178
"F:/DANE/Project_2024/Content/Maps/_GENERATED/GlitchedGuest/Rectangle_223133F4.uasset" 1179
"F:/DANE/Project_2024/Content/Maps/_GENERATED/GlitchedGuest/Rectangle_223133F4.uexp" 1180
"F:/DANE/Project_2024/Content/StarterContent/Textures/T_Shelf_N.ubulk" 1181
"F:/DANE/Project_2024/Content/StarterContent/Textures/T_Shelf_N.uasset" 1182
"F:/DANE/Project_2024/Content/StarterContent/Textures/T_Shelf_N.uexp" 1183
"F:/DANE/Project_2024/Content/StarterContent/Textures/T_Shelf_M.ubulk" 1184
"F:/DANE/Project_2024/Content/StarterContent/Textures/T_Shelf_M.uasset" 1185
"F:/DANE/Project_2024/Content/StarterContent/Textures/T_Shelf_M.uexp" 1186
"F:/DANE/Project_2024/Content/StarterContent/Props/Materials/M_Shelf.uasset" 1187
"F:/DANE/Project_2024/Content/StarterContent/Props/Materials/M_Shelf.uexp" 1188
"F:/DANE/Project_2024/Content/StarterContent/Props/SM_Shelf.ubulk" 1189
"F:/DANE/Project_2024/Content/StarterContent/Props/SM_Shelf.uasset" 1190
"F:/DANE/Project_2024/Content/StarterContent/Props/SM_Shelf.uexp" 1191
"F:/DANE/Project_2024/Content/StarterContent/Architecture/Wall_400x400.ubulk" 1192
"F:/DANE/Project_2024/Content/StarterContent/Architecture/Wall_400x400.uasset" 1193
"F:/DANE/Project_2024/Content/StarterContent/Architecture/Wall_400x400.uexp" 1194
"F:/DANE/Project_2024/Content/Maps/_GENERATED/GlitchedGuest/Path_BFFF9E1D.ubulk" 1195
"F:/DANE/Project_2024/Content/Maps/_GENERATED/GlitchedGuest/Path_BFFF9E1D.uasset" 1196
"F:/DANE/Project_2024/Content/Maps/_GENERATED/GlitchedGuest/Path_BFFF9E1D.uexp" 1197
"F:/DANE/Project_2024/Content/Maps/_GENERATED/GlitchedGuest/Path_31424EEC.ubulk" 1198
"F:/DANE/Project_2024/Content/Maps/_GENERATED/GlitchedGuest/Path_31424EEC.uasset" 1199
"F:/DANE/Project_2024/Content/Maps/_GENERATED/GlitchedGuest/Path_31424EEC.uexp" 1200
"F:/DANE/Project_2024/Content/Maps/_GENERATED/GlitchedGuest/Path_5529C242.ubulk" 1201
"F:/DANE/Project_2024/Content/Maps/_GENERATED/GlitchedGuest/Path_5529C242.uasset" 1202
"F:/DANE/Project_2024/Content/Maps/_GENERATED/GlitchedGuest/Path_5529C242.uexp" 1203
"F:/DANE/Project_2024/Content/Maps/_GENERATED/GlitchedGuest/Path_E52352C4.ubulk" 1204
"F:/DANE/Project_2024/Content/Maps/_GENERATED/GlitchedGuest/Path_E52352C4.uasset" 1205
"F:/DANE/Project_2024/Content/Maps/_GENERATED/GlitchedGuest/Path_E52352C4.uexp" 1206
"F:/DANE/Project_2024/Content/StarterContent/Architecture/Floor_400x400.ubulk" 1207
"F:/DANE/Project_2024/Content/StarterContent/Architecture/Floor_400x400.uasset" 1208
"F:/DANE/Project_2024/Content/StarterContent/Architecture/Floor_400x400.uexp" 1209
"F:/DANE/Project_2024/Content/Blueprints/BP_SpawnPlace.uasset" 1210
"F:/DANE/Project_2024/Content/Blueprints/BP_SpawnPlace.uexp" 1211
"F:/DANE/Project_2024/Content/StarterContent/Props/SM_WindowFrame.ubulk" 1212
"F:/DANE/Project_2024/Content/StarterContent/Props/SM_WindowFrame.uasset" 1213
"F:/DANE/Project_2024/Content/StarterContent/Props/SM_WindowFrame.uexp" 1214
"F:/DANE/Project_2024/Content/Maps/_GENERATED/GlitchedGuest/Path_5506DD7A.ubulk" 1215
"F:/DANE/Project_2024/Content/Maps/_GENERATED/GlitchedGuest/Path_5506DD7A.uasset" 1216
"F:/DANE/Project_2024/Content/Maps/_GENERATED/GlitchedGuest/Path_5506DD7A.uexp" 1217
"F:/DANE/Project_2024/Content/StarterContent/Architecture/Wall_Window_400x300.ubulk" 1218
"F:/DANE/Project_2024/Content/StarterContent/Architecture/Wall_Window_400x300.uasset" 1219
"F:/DANE/Project_2024/Content/StarterContent/Architecture/Wall_Window_400x300.uexp" 1220
"F:/DANE/Project_2024/Content/StarterContent/Architecture/Wall_Door_400x400.ubulk" 1221
"F:/DANE/Project_2024/Content/StarterContent/Architecture/Wall_Door_400x400.uasset" 1222
"F:/DANE/Project_2024/Content/StarterContent/Architecture/Wall_Door_400x400.uexp" 1223
"F:/DANE/Project_2024/Content/Maps/_GENERATED/GlitchedGuest/Path_1A06CC82.ubulk" 1224
"F:/DANE/Project_2024/Content/Maps/_GENERATED/GlitchedGuest/Path_1A06CC82.uasset" 1225
"F:/DANE/Project_2024/Content/Maps/_GENERATED/GlitchedGuest/Path_1A06CC82.uexp" 1226
"F:/DANE/Project_2024/Content/StarterContent/Props/SM_CornerFrame.ubulk" 1227
"F:/DANE/Project_2024/Content/StarterContent/Props/SM_CornerFrame.uasset" 1228
"F:/DANE/Project_2024/Content/StarterContent/Props/SM_CornerFrame.uexp" 1229
"F:/DANE/Project_2024/Content/Maps/_GENERATED/GlitchedGuest/Path_943C87D2.ubulk" 1230
"F:/DANE/Project_2024/Content/Maps/_GENERATED/GlitchedGuest/Path_943C87D2.uasset" 1231
"F:/DANE/Project_2024/Content/Maps/_GENERATED/GlitchedGuest/Path_943C87D2.uexp" 1232
"F:/DANE/Project_2024/Content/StarterContent/Props/SM_Couch.ubulk" 1233
"F:/DANE/Project_2024/Content/StarterContent/Props/SM_Couch.uasset" 1234
"F:/DANE/Project_2024/Content/StarterContent/Props/SM_Couch.uexp" 1235
"F:/DANE/Project_2024/Content/FirstPerson/Blueprints/BP_Pickup_Rifle.uasset" 1236
"F:/DANE/Project_2024/Content/FirstPerson/Blueprints/BP_Pickup_Rifle.uexp" 1237
"F:/DANE/Project_2024/Content/Maps/House.uexp" 1238
"F:/DANE/Project_2024/Content/Maps/House.umap" 1239
"F:/DANE/Project_2024/Content/Widgets/WB_GameOver.uasset" 1240
"F:/DANE/Project_2024/Content/Widgets/WB_GameOver.uexp" 1241
"F:/DANE/Project_2024/Content/Maps/GameOverMap.uexp" 1242
"F:/DANE/Project_2024/Content/Maps/GameOverMap.umap" 1243
"F:/DANE/Project_2024/Content/StarterContent/Architecture/Wall_Door_400x300.ubulk" 1244
"F:/DANE/Project_2024/Content/StarterContent/Architecture/Wall_Door_400x300.uasset" 1245
"F:/DANE/Project_2024/Content/StarterContent/Architecture/Wall_Door_400x300.uexp" 1246
"F:/DANE/Project_2024/Content/StarterContent/Textures/T_Concrete_Tiles_Variation_M.ubulk" 1247
"F:/DANE/Project_2024/Content/StarterContent/Textures/T_Concrete_Tiles_Variation_M.uasset" 1248
"F:/DANE/Project_2024/Content/StarterContent/Textures/T_Concrete_Tiles_Variation_M.uexp" 1249
"F:/DANE/Project_2024/Content/StarterContent/Textures/T_Concrete_Tiles_D.ubulk" 1250
"F:/DANE/Project_2024/Content/StarterContent/Textures/T_Concrete_Tiles_D.uasset" 1251
"F:/DANE/Project_2024/Content/StarterContent/Textures/T_Concrete_Tiles_D.uexp" 1252
"F:/DANE/Project_2024/Content/StarterContent/Textures/T_Concrete_Tiles_M.ubulk" 1253
"F:/DANE/Project_2024/Content/StarterContent/Textures/T_Concrete_Tiles_M.uasset" 1254
"F:/DANE/Project_2024/Content/StarterContent/Textures/T_Concrete_Tiles_M.uexp" 1255
"F:/DANE/Project_2024/Content/StarterContent/Textures/T_MacroVariation.uasset" 1256
"F:/DANE/Project_2024/Content/StarterContent/Textures/T_MacroVariation.uexp" 1257
"F:/DANE/Project_2024/Content/StarterContent/Textures/T_Concrete_Tiles_N.ubulk" 1258
"F:/DANE/Project_2024/Content/StarterContent/Textures/T_Concrete_Tiles_N.uasset" 1259
"F:/DANE/Project_2024/Content/StarterContent/Textures/T_Concrete_Tiles_N.uexp" 1260
"F:/DANE/Project_2024/Content/StarterContent/Materials/M_Concrete_Tiles.uasset" 1261
"F:/DANE/Project_2024/Content/StarterContent/Materials/M_Concrete_Tiles.uexp" 1262
"../../../Engine/Content/Functions/Engine_MaterialFunctions01/Opacity/AlphaOffset.uasset" 1263
"../../../Engine/Content/Functions/Engine_MaterialFunctions01/Opacity/AlphaOffset.uexp" 1264
"F:/DANE/Project_2024/Content/StarterContent/Textures/T_Wood_Floor_Walnut_M.ubulk" 1265
"F:/DANE/Project_2024/Content/StarterContent/Textures/T_Wood_Floor_Walnut_M.uasset" 1266
"F:/DANE/Project_2024/Content/StarterContent/Textures/T_Wood_Floor_Walnut_M.uexp" 1267
"F:/DANE/Project_2024/Content/StarterContent/Textures/T_Wood_Floor_Walnut_D.ubulk" 1268
"F:/DANE/Project_2024/Content/StarterContent/Textures/T_Wood_Floor_Walnut_D.uasset" 1269
"F:/DANE/Project_2024/Content/StarterContent/Textures/T_Wood_Floor_Walnut_D.uexp" 1270
"F:/DANE/Project_2024/Content/StarterContent/Textures/T_Wood_Floor_Walnut_N.ubulk" 1271
"F:/DANE/Project_2024/Content/StarterContent/Textures/T_Wood_Floor_Walnut_N.uasset" 1272
"F:/DANE/Project_2024/Content/StarterContent/Textures/T_Wood_Floor_Walnut_N.uexp" 1273
"F:/DANE/Project_2024/Content/StarterContent/Materials/M_Wood_Floor_Walnut_Worn.uasset" 1274
"F:/DANE/Project_2024/Content/StarterContent/Materials/M_Wood_Floor_Walnut_Worn.uexp" 1275
"F:/DANE/Project_2024/Content/StarterContent/Textures/T_Concrete_Panels_D.ubulk" 1276
"F:/DANE/Project_2024/Content/StarterContent/Textures/T_Concrete_Panels_D.uasset" 1277
"F:/DANE/Project_2024/Content/StarterContent/Textures/T_Concrete_Panels_D.uexp" 1278
"F:/DANE/Project_2024/Content/StarterContent/Textures/T_Concrete_Panels_N.ubulk" 1279
"F:/DANE/Project_2024/Content/StarterContent/Textures/T_Concrete_Panels_N.uasset" 1280
"F:/DANE/Project_2024/Content/StarterContent/Textures/T_Concrete_Panels_N.uexp" 1281
"F:/DANE/Project_2024/Content/StarterContent/Materials/M_Concrete_Panels.uasset" 1282
"F:/DANE/Project_2024/Content/StarterContent/Materials/M_Concrete_Panels.uexp" 1283
"F:/DANE/Project_2024/Content/Maps/Bunker.uexp" 1284
"F:/DANE/Project_2024/Content/Maps/Bunker.umap" 1285
"../../../Engine/Content/Maps/Entry_BuiltData.uasset" 1286
"../../../Engine/Content/Maps/Entry_BuiltData.uexp" 1287
"../../../Engine/Content/Maps/Entry.uexp" 1288
"../../../Engine/Content/Maps/Entry.umap" 1289
"F:/DANE/Project_2024/Content/StarterContent/Materials/M_Metal_Brushed_Nickel.uasset" 1290
"F:/DANE/Project_2024/Content/StarterContent/Materials/M_Metal_Brushed_Nickel.uexp" 1291
"F:/DANE/Project_2024/Content/StarterContent/Textures/T_Lamp_N.ubulk" 1292
"F:/DANE/Project_2024/Content/StarterContent/Textures/T_Lamp_N.uasset" 1293
"F:/DANE/Project_2024/Content/StarterContent/Textures/T_Lamp_N.uexp" 1294
"F:/DANE/Project_2024/Content/StarterContent/Textures/T_Lamp_M.ubulk" 1295
"F:/DANE/Project_2024/Content/StarterContent/Textures/T_Lamp_M.uasset" 1296
"F:/DANE/Project_2024/Content/StarterContent/Textures/T_Lamp_M.uexp" 1297
"F:/DANE/Project_2024/Content/StarterContent/Props/Materials/M_Lamp.uasset" 1298
"F:/DANE/Project_2024/Content/StarterContent/Props/Materials/M_Lamp.uexp" 1299
"F:/DANE/Project_2024/Content/StarterContent/Props/SM_Lamp_Ceiling.ubulk" 1300
"F:/DANE/Project_2024/Content/StarterContent/Props/SM_Lamp_Ceiling.uasset" 1301
"F:/DANE/Project_2024/Content/StarterContent/Props/SM_Lamp_Ceiling.uexp" 1302
"F:/DANE/Project_2024/Content/StarterContent/Blueprints/Blueprint_CeilingLight.uasset" 1303
"F:/DANE/Project_2024/Content/StarterContent/Blueprints/Blueprint_CeilingLight.uexp" 1304
"../../../Engine/Content/Functions/Engine_MaterialFunctions03/Procedurals/ComputeFilterWidth.uasset" 1305
"../../../Engine/Content/Functions/Engine_MaterialFunctions03/Procedurals/ComputeFilterWidth.uexp" 1306
"../../../Engine/Content/EngineMaterials/AntiAliasedTextMaterialTranslucent.uasset" 1307
"../../../Engine/Content/EngineMaterials/AntiAliasedTextMaterialTranslucent.uexp" 1308
"F:/DANE/Project_2024/Content/StarterContent/Textures/T_Wood_Pine_D.ubulk" 1309
"F:/DANE/Project_2024/Content/StarterContent/Textures/T_Wood_Pine_D.uasset" 1310
"F:/DANE/Project_2024/Content/StarterContent/Textures/T_Wood_Pine_D.uexp" 1311
"F:/DANE/Project_2024/Content/StarterContent/Textures/T_Wood_Pine_N.ubulk" 1312
"F:/DANE/Project_2024/Content/StarterContent/Textures/T_Wood_Pine_N.uasset" 1313
"F:/DANE/Project_2024/Content/StarterContent/Textures/T_Wood_Pine_N.uexp" 1314
"F:/DANE/Project_2024/Content/StarterContent/Materials/M_Wood_Pine.uasset" 1315
"F:/DANE/Project_2024/Content/StarterContent/Materials/M_Wood_Pine.uexp" 1316
"F:/DANE/Project_2024/Content/StarterContent/Textures/T_Rock_Smooth_Granite_D.ubulk" 1317
"F:/DANE/Project_2024/Content/StarterContent/Textures/T_Rock_Smooth_Granite_D.uasset" 1318
"F:/DANE/Project_2024/Content/StarterContent/Textures/T_Rock_Smooth_Granite_D.uexp" 1319
"F:/DANE/Project_2024/Content/StarterContent/Textures/T_CobbleStone_Smooth_D.ubulk" 1320
"F:/DANE/Project_2024/Content/StarterContent/Textures/T_CobbleStone_Smooth_D.uasset" 1321
"F:/DANE/Project_2024/Content/StarterContent/Textures/T_CobbleStone_Smooth_D.uexp" 1322
"F:/DANE/Project_2024/Content/StarterContent/Textures/T_Gradinet_01.ubulk" 1323
"F:/DANE/Project_2024/Content/StarterContent/Textures/T_Gradinet_01.uasset" 1324
"F:/DANE/Project_2024/Content/StarterContent/Textures/T_Gradinet_01.uexp" 1325
"F:/DANE/Project_2024/Content/StarterContent/Textures/T_CobbleStone_Smooth_M.ubulk" 1326
"F:/DANE/Project_2024/Content/StarterContent/Textures/T_CobbleStone_Smooth_M.uasset" 1327
"F:/DANE/Project_2024/Content/StarterContent/Textures/T_CobbleStone_Smooth_M.uexp" 1328
"F:/DANE/Project_2024/Content/StarterContent/Textures/T_CobbleStone_Smooth_N.ubulk" 1329
"F:/DANE/Project_2024/Content/StarterContent/Textures/T_CobbleStone_Smooth_N.uasset" 1330
"F:/DANE/Project_2024/Content/StarterContent/Textures/T_CobbleStone_Smooth_N.uexp" 1331
"F:/DANE/Project_2024/Content/StarterContent/Materials/M_CobbleStone_Smooth.uasset" 1332
"F:/DANE/Project_2024/Content/StarterContent/Materials/M_CobbleStone_Smooth.uexp" 1333
"F:/DANE/Project_2024/Content/StarterContent/Textures/T_Rock_Basalt_N.ubulk" 1334
"F:/DANE/Project_2024/Content/StarterContent/Textures/T_Rock_Basalt_N.uasset" 1335
"F:/DANE/Project_2024/Content/StarterContent/Textures/T_Rock_Basalt_N.uexp" 1336
"F:/DANE/Project_2024/Content/StarterContent/Materials/M_Rock_Basalt.uasset" 1337
"F:/DANE/Project_2024/Content/StarterContent/Materials/M_Rock_Basalt.uexp" 1338
"F:/DANE/Project_2024/Content/StarterContent/Shapes/Shape_Cube.ubulk" 1339
"F:/DANE/Project_2024/Content/StarterContent/Shapes/Shape_Cube.uasset" 1340
"F:/DANE/Project_2024/Content/StarterContent/Shapes/Shape_Cube.uexp" 1341
"F:/DANE/Project_2024/Content/StarterContent/Props/MaterialSphere.ubulk" 1342
"F:/DANE/Project_2024/Content/StarterContent/Props/MaterialSphere.uasset" 1343
"F:/DANE/Project_2024/Content/StarterContent/Props/MaterialSphere.uexp" 1344
"F:/DANE/Project_2024/Content/StarterContent/Textures/T_Metal_Rust_N.ubulk" 1345
"F:/DANE/Project_2024/Content/StarterContent/Textures/T_Metal_Rust_N.uasset" 1346
"F:/DANE/Project_2024/Content/StarterContent/Textures/T_Metal_Rust_N.uexp" 1347
"F:/DANE/Project_2024/Content/StarterContent/Textures/T_Metal_Rust_D.ubulk" 1348
"F:/DANE/Project_2024/Content/StarterContent/Textures/T_Metal_Rust_D.uasset" 1349
"F:/DANE/Project_2024/Content/StarterContent/Textures/T_Metal_Rust_D.uexp" 1350
"F:/DANE/Project_2024/Content/StarterContent/Materials/M_Metal_Rust.uasset" 1351
"F:/DANE/Project_2024/Content/StarterContent/Materials/M_Metal_Rust.uexp" 1352
"F:/DANE/Project_2024/Content/StarterContent/Textures/T_Rock_Slate_D.ubulk" 1353
"F:/DANE/Project_2024/Content/StarterContent/Textures/T_Rock_Slate_D.uasset" 1354
"F:/DANE/Project_2024/Content/StarterContent/Textures/T_Rock_Slate_D.uexp" 1355
"F:/DANE/Project_2024/Content/StarterContent/Textures/T_Rock_Slate_N.ubulk" 1356
"F:/DANE/Project_2024/Content/StarterContent/Textures/T_Rock_Slate_N.uasset" 1357
"F:/DANE/Project_2024/Content/StarterContent/Textures/T_Rock_Slate_N.uexp" 1358
"F:/DANE/Project_2024/Content/StarterContent/Materials/M_Rock_Slate.uasset" 1359
"F:/DANE/Project_2024/Content/StarterContent/Materials/M_Rock_Slate.uexp" 1360
"F:/DANE/Project_2024/Content/StarterContent/Textures/T_Concrete_Poured_D.ubulk" 1361
"F:/DANE/Project_2024/Content/StarterContent/Textures/T_Concrete_Poured_D.uasset" 1362
"F:/DANE/Project_2024/Content/StarterContent/Textures/T_Concrete_Poured_D.uexp" 1363
"F:/DANE/Project_2024/Content/StarterContent/Textures/T_Concrete_Poured_N.ubulk" 1364
"F:/DANE/Project_2024/Content/StarterContent/Textures/T_Concrete_Poured_N.uasset" 1365
"F:/DANE/Project_2024/Content/StarterContent/Textures/T_Concrete_Poured_N.uexp" 1366
"F:/DANE/Project_2024/Content/StarterContent/Materials/M_Concrete_Poured.uasset" 1367
"F:/DANE/Project_2024/Content/StarterContent/Materials/M_Concrete_Poured.uexp" 1368
"F:/DANE/Project_2024/Content/StarterContent/Textures/T_Brick_Clay_Beveled_M.ubulk" 1369
"F:/DANE/Project_2024/Content/StarterContent/Textures/T_Brick_Clay_Beveled_M.uasset" 1370
"F:/DANE/Project_2024/Content/StarterContent/Textures/T_Brick_Clay_Beveled_M.uexp" 1371
"F:/DANE/Project_2024/Content/StarterContent/Textures/T_Brick_Clay_Beveled_N.ubulk" 1372
"F:/DANE/Project_2024/Content/StarterContent/Textures/T_Brick_Clay_Beveled_N.uasset" 1373
"F:/DANE/Project_2024/Content/StarterContent/Textures/T_Brick_Clay_Beveled_N.uexp" 1374
"F:/DANE/Project_2024/Content/StarterContent/Textures/T_Brick_Clay_Beveled_D.ubulk" 1375
"F:/DANE/Project_2024/Content/StarterContent/Textures/T_Brick_Clay_Beveled_D.uasset" 1376
"F:/DANE/Project_2024/Content/StarterContent/Textures/T_Brick_Clay_Beveled_D.uexp" 1377
"F:/DANE/Project_2024/Content/StarterContent/Materials/M_Brick_Clay_Beveled.uasset" 1378
"F:/DANE/Project_2024/Content/StarterContent/Materials/M_Brick_Clay_Beveled.uexp" 1379
"F:/DANE/Project_2024/Content/StarterContent/Textures/T_Tech_Hex_Tile_M.ubulk" 1380
"F:/DANE/Project_2024/Content/StarterContent/Textures/T_Tech_Hex_Tile_M.uasset" 1381
"F:/DANE/Project_2024/Content/StarterContent/Textures/T_Tech_Hex_Tile_M.uexp" 1382
"F:/DANE/Project_2024/Content/StarterContent/Textures/T_Tech_Hex_Tile_N.ubulk" 1383
"F:/DANE/Project_2024/Content/StarterContent/Textures/T_Tech_Hex_Tile_N.uasset" 1384
"F:/DANE/Project_2024/Content/StarterContent/Textures/T_Tech_Hex_Tile_N.uexp" 1385
"F:/DANE/Project_2024/Content/StarterContent/Materials/M_Tech_Hex_Tile.uasset" 1386
"F:/DANE/Project_2024/Content/StarterContent/Materials/M_Tech_Hex_Tile.uexp" 1387
"F:/DANE/Project_2024/Content/StarterContent/Textures/T_Ground_Gravel_N.ubulk" 1388
"F:/DANE/Project_2024/Content/StarterContent/Textures/T_Ground_Gravel_N.uasset" 1389
"F:/DANE/Project_2024/Content/StarterContent/Textures/T_Ground_Gravel_N.uexp" 1390
"F:/DANE/Project_2024/Content/StarterContent/Textures/T_Ground_Gravel_D.ubulk" 1391
"F:/DANE/Project_2024/Content/StarterContent/Textures/T_Ground_Gravel_D.uasset" 1392
"F:/DANE/Project_2024/Content/StarterContent/Textures/T_Ground_Gravel_D.uexp" 1393
"F:/DANE/Project_2024/Content/StarterContent/Materials/M_Ground_Gravel.uasset" 1394
"F:/DANE/Project_2024/Content/StarterContent/Materials/M_Ground_Gravel.uexp" 1395
"F:/DANE/Project_2024/Content/StarterContent/Audio/Steam01_Cue.uasset" 1396
"F:/DANE/Project_2024/Content/StarterContent/Audio/Steam01_Cue.uexp" 1397
"F:/DANE/Project_2024/Content/StarterContent/Particles/P_Steam_Lit.uasset" 1398
"F:/DANE/Project_2024/Content/StarterContent/Particles/P_Steam_Lit.uexp" 1399
"F:/DANE/Project_2024/Content/StarterContent/Blueprints/Blueprint_Effect_Steam.uasset" 1400
"F:/DANE/Project_2024/Content/StarterContent/Blueprints/Blueprint_Effect_Steam.uexp" 1401
"../../../Engine/Content/EngineSky/T_Sky_Stars.ubulk" 1402
"../../../Engine/Content/EngineSky/T_Sky_Stars.uasset" 1403
"../../../Engine/Content/EngineSky/T_Sky_Stars.uexp" 1404
"../../../Engine/Content/EngineSky/T_Sky_Clouds_M.ubulk" 1405
"../../../Engine/Content/EngineSky/T_Sky_Clouds_M.uasset" 1406
"../../../Engine/Content/EngineSky/T_Sky_Clouds_M.uexp" 1407
"../../../Engine/Content/EngineSky/T_Sky_Blue.ubulk" 1408
"../../../Engine/Content/EngineSky/T_Sky_Blue.uasset" 1409
"../../../Engine/Content/EngineSky/T_Sky_Blue.uexp" 1410
"../../../Engine/Content/EngineSky/M_Sky_Panning_Clouds2.uasset" 1411
"../../../Engine/Content/EngineSky/M_Sky_Panning_Clouds2.uexp" 1412
"../../../Engine/Content/EngineSky/SM_SkySphere.ubulk" 1413
"../../../Engine/Content/EngineSky/SM_SkySphere.uasset" 1414
"../../../Engine/Content/EngineSky/SM_SkySphere.uexp" 1415
"F:/DANE/Project_2024/Content/StarterContent/Audio/Fire_Sparks01_Cue.uasset" 1416
"F:/DANE/Project_2024/Content/StarterContent/Audio/Fire_Sparks01_Cue.uexp" 1417
"F:/DANE/Project_2024/Content/StarterContent/Textures/T_Spark_Core.ubulk" 1418
"F:/DANE/Project_2024/Content/StarterContent/Textures/T_Spark_Core.uasset" 1419
"F:/DANE/Project_2024/Content/StarterContent/Textures/T_Spark_Core.uexp" 1420
"F:/DANE/Project_2024/Content/StarterContent/Particles/Materials/M_Spark.uasset" 1421
"F:/DANE/Project_2024/Content/StarterContent/Particles/Materials/M_Spark.uexp" 1422
"F:/DANE/Project_2024/Content/StarterContent/Particles/Materials/M_Radial_Gradient.uasset" 1423
"F:/DANE/Project_2024/Content/StarterContent/Particles/Materials/M_Radial_Gradient.uexp" 1424
"F:/DANE/Project_2024/Content/StarterContent/Particles/P_Sparks.uasset" 1425
"F:/DANE/Project_2024/Content/StarterContent/Particles/P_Sparks.uexp" 1426
"F:/DANE/Project_2024/Content/StarterContent/Blueprints/Blueprint_Effect_Sparks.uasset" 1427
"F:/DANE/Project_2024/Content/StarterContent/Blueprints/Blueprint_Effect_Sparks.uexp" 1428
"F:/DANE/Project_2024/Content/StarterContent/Architecture/Wall_400x200.ubulk" 1429
"F:/DANE/Project_2024/Content/StarterContent/Architecture/Wall_400x200.uasset" 1430
"F:/DANE/Project_2024/Content/StarterContent/Architecture/Wall_400x200.uexp" 1431
"F:/DANE/Project_2024/Content/StarterContent/Textures/T_Checker_Noise_M.ubulk" 1432
"F:/DANE/Project_2024/Content/StarterContent/Textures/T_Checker_Noise_M.uasset" 1433
"F:/DANE/Project_2024/Content/StarterContent/Textures/T_Checker_Noise_M.uexp" 1434
"F:/DANE/Project_2024/Content/StarterContent/Textures/T_Tech_Dot_M.ubulk" 1435
"F:/DANE/Project_2024/Content/StarterContent/Textures/T_Tech_Dot_M.uasset" 1436
"F:/DANE/Project_2024/Content/StarterContent/Textures/T_Tech_Dot_M.uexp" 1437
"F:/DANE/Project_2024/Content/StarterContent/Textures/T_Tech_Dot_N.ubulk" 1438
"F:/DANE/Project_2024/Content/StarterContent/Textures/T_Tech_Dot_N.uasset" 1439
"F:/DANE/Project_2024/Content/StarterContent/Textures/T_Tech_Dot_N.uexp" 1440
"F:/DANE/Project_2024/Content/StarterContent/Textures/T_Single_Tile_N.ubulk" 1441
"F:/DANE/Project_2024/Content/StarterContent/Textures/T_Single_Tile_N.uasset" 1442
"F:/DANE/Project_2024/Content/StarterContent/Textures/T_Single_Tile_N.uexp" 1443
"F:/DANE/Project_2024/Content/StarterContent/Materials/M_Tech_Checker_Dot.uasset" 1444
"F:/DANE/Project_2024/Content/StarterContent/Materials/M_Tech_Checker_Dot.uexp" 1445
"F:/DANE/Project_2024/Content/StarterContent/Props/SM_GlassWindow.ubulk" 1446
"F:/DANE/Project_2024/Content/StarterContent/Props/SM_GlassWindow.uasset" 1447
"F:/DANE/Project_2024/Content/StarterContent/Props/SM_GlassWindow.uexp" 1448
"F:/DANE/Project_2024/Content/StarterContent/Textures/T_Metal_Gold_N.ubulk" 1449
"F:/DANE/Project_2024/Content/StarterContent/Textures/T_Metal_Gold_N.uasset" 1450
"F:/DANE/Project_2024/Content/StarterContent/Textures/T_Metal_Gold_N.uexp" 1451
"F:/DANE/Project_2024/Content/StarterContent/Textures/T_Rock_Marble_Polished_D.ubulk" 1452
"F:/DANE/Project_2024/Content/StarterContent/Textures/T_Rock_Marble_Polished_D.uasset" 1453
"F:/DANE/Project_2024/Content/StarterContent/Textures/T_Rock_Marble_Polished_D.uexp" 1454
"F:/DANE/Project_2024/Content/StarterContent/Materials/M_Rock_Marble_Polished.uasset" 1455
"F:/DANE/Project_2024/Content/StarterContent/Materials/M_Rock_Marble_Polished.uexp" 1456
"F:/DANE/Project_2024/Content/StarterContent/Textures/T_Concrete_Grime_D.ubulk" 1457
"F:/DANE/Project_2024/Content/StarterContent/Textures/T_Concrete_Grime_D.uasset" 1458
"F:/DANE/Project_2024/Content/StarterContent/Textures/T_Concrete_Grime_D.uexp" 1459
"F:/DANE/Project_2024/Content/StarterContent/Materials/M_Concrete_Grime.uasset" 1460
"F:/DANE/Project_2024/Content/StarterContent/Materials/M_Concrete_Grime.uexp" 1461
"F:/DANE/Project_2024/Content/StarterContent/Textures/T_Ceramic_Tile_M.ubulk" 1462
"F:/DANE/Project_2024/Content/StarterContent/Textures/T_Ceramic_Tile_M.uasset" 1463
"F:/DANE/Project_2024/Content/StarterContent/Textures/T_Ceramic_Tile_M.uexp" 1464
"F:/DANE/Project_2024/Content/StarterContent/Textures/T_Ceramic_Tile_N.ubulk" 1465
"F:/DANE/Project_2024/Content/StarterContent/Textures/T_Ceramic_Tile_N.uasset" 1466
"F:/DANE/Project_2024/Content/StarterContent/Textures/T_Ceramic_Tile_N.uexp" 1467
"F:/DANE/Project_2024/Content/StarterContent/Materials/M_Ceramic_Tile_Checker.uasset" 1468
"F:/DANE/Project_2024/Content/StarterContent/Materials/M_Ceramic_Tile_Checker.uexp" 1469
"F:/DANE/Project_2024/Content/StarterContent/Textures/T_Rock_Sandstone_N.ubulk" 1470
"F:/DANE/Project_2024/Content/StarterContent/Textures/T_Rock_Sandstone_N.uasset" 1471
"F:/DANE/Project_2024/Content/StarterContent/Textures/T_Rock_Sandstone_N.uexp" 1472
"F:/DANE/Project_2024/Content/StarterContent/Textures/T_Rock_Sandstone_D.ubulk" 1473
"F:/DANE/Project_2024/Content/StarterContent/Textures/T_Rock_Sandstone_D.uasset" 1474
"F:/DANE/Project_2024/Content/StarterContent/Textures/T_Rock_Sandstone_D.uexp" 1475
"F:/DANE/Project_2024/Content/StarterContent/Materials/M_Rock_Sandstone.uasset" 1476
"F:/DANE/Project_2024/Content/StarterContent/Materials/M_Rock_Sandstone.uexp" 1477
"F:/DANE/Project_2024/Content/StarterContent/Textures/T_Wood_Walnut_N.ubulk" 1478
"F:/DANE/Project_2024/Content/StarterContent/Textures/T_Wood_Walnut_N.uasset" 1479
"F:/DANE/Project_2024/Content/StarterContent/Textures/T_Wood_Walnut_N.uexp" 1480
"F:/DANE/Project_2024/Content/StarterContent/Textures/T_Wood_Walnut_D.ubulk" 1481
"F:/DANE/Project_2024/Content/StarterContent/Textures/T_Wood_Walnut_D.uasset" 1482
"F:/DANE/Project_2024/Content/StarterContent/Textures/T_Wood_Walnut_D.uexp" 1483
"F:/DANE/Project_2024/Content/StarterContent/Materials/M_Wood_Walnut.uasset" 1484
"F:/DANE/Project_2024/Content/StarterContent/Materials/M_Wood_Walnut.uexp" 1485
"F:/DANE/Project_2024/Content/StarterContent/Audio/Collapse_Cue.uasset" 1486
"F:/DANE/Project_2024/Content/StarterContent/Audio/Collapse_Cue.uexp" 1487
"F:/DANE/Project_2024/Content/StarterContent/Textures/T_Brick_Cut_Stone_N.ubulk" 1488
"F:/DANE/Project_2024/Content/StarterContent/Textures/T_Brick_Cut_Stone_N.uasset" 1489
"F:/DANE/Project_2024/Content/StarterContent/Textures/T_Brick_Cut_Stone_N.uexp" 1490
"F:/DANE/Project_2024/Content/StarterContent/Textures/T_Brick_Cut_Stone_D.ubulk" 1491
"F:/DANE/Project_2024/Content/StarterContent/Textures/T_Brick_Cut_Stone_D.uasset" 1492
"F:/DANE/Project_2024/Content/StarterContent/Textures/T_Brick_Cut_Stone_D.uexp" 1493
"F:/DANE/Project_2024/Content/StarterContent/Materials/M_Brick_Cut_Stone.uasset" 1494
"F:/DANE/Project_2024/Content/StarterContent/Materials/M_Brick_Cut_Stone.uexp" 1495
"F:/DANE/Project_2024/Content/StarterContent/Textures/T_Dust_Particle_D.ubulk" 1496
"F:/DANE/Project_2024/Content/StarterContent/Textures/T_Dust_Particle_D.uasset" 1497
"F:/DANE/Project_2024/Content/StarterContent/Textures/T_Dust_Particle_D.uexp" 1498
"F:/DANE/Project_2024/Content/StarterContent/Particles/Materials/M_Dust_Particle.uasset" 1499
"F:/DANE/Project_2024/Content/StarterContent/Particles/Materials/M_Dust_Particle.uexp" 1500
"F:/DANE/Project_2024/Content/StarterContent/Particles/P_Ambient_Dust.uasset" 1501
"F:/DANE/Project_2024/Content/StarterContent/Particles/P_Ambient_Dust.uexp" 1502
"F:/DANE/Project_2024/Content/StarterContent/Textures/T_Metal_Copper_D.ubulk" 1503
"F:/DANE/Project_2024/Content/StarterContent/Textures/T_Metal_Copper_D.uasset" 1504
"F:/DANE/Project_2024/Content/StarterContent/Textures/T_Metal_Copper_D.uexp" 1505
"F:/DANE/Project_2024/Content/StarterContent/Materials/M_Metal_Copper.uasset" 1506
"F:/DANE/Project_2024/Content/StarterContent/Materials/M_Metal_Copper.uexp" 1507
"F:/DANE/Project_2024/Content/StarterContent/Textures/T_Water_M.ubulk" 1508
"F:/DANE/Project_2024/Content/StarterContent/Textures/T_Water_M.uasset" 1509
"F:/DANE/Project_2024/Content/StarterContent/Textures/T_Water_M.uexp" 1510
"F:/DANE/Project_2024/Content/StarterContent/Materials/M_Water_Ocean.uasset" 1511
"F:/DANE/Project_2024/Content/StarterContent/Materials/M_Water_Ocean.uexp" 1512
"F:/DANE/Project_2024/Content/StarterContent/Textures/T_CobbleStone_Pebble_N.ubulk" 1513
"F:/DANE/Project_2024/Content/StarterContent/Textures/T_CobbleStone_Pebble_N.uasset" 1514
"F:/DANE/Project_2024/Content/StarterContent/Textures/T_CobbleStone_Pebble_N.uexp" 1515
"F:/DANE/Project_2024/Content/StarterContent/Textures/T_CobbleStone_Pebble_M.ubulk" 1516
"F:/DANE/Project_2024/Content/StarterContent/Textures/T_CobbleStone_Pebble_M.uasset" 1517
"F:/DANE/Project_2024/Content/StarterContent/Textures/T_CobbleStone_Pebble_M.uexp" 1518
"F:/DANE/Project_2024/Content/StarterContent/Textures/T_CobbleStone_Pebble_D.ubulk" 1519
"F:/DANE/Project_2024/Content/StarterContent/Textures/T_CobbleStone_Pebble_D.uasset" 1520
"F:/DANE/Project_2024/Content/StarterContent/Textures/T_CobbleStone_Pebble_D.uexp" 1521
"F:/DANE/Project_2024/Content/StarterContent/Materials/M_CobbleStone_Pebble.uasset" 1522
"F:/DANE/Project_2024/Content/StarterContent/Materials/M_CobbleStone_Pebble.uexp" 1523
"F:/DANE/Project_2024/Content/StarterContent/Textures/T_Brick_Clay_Old_N.ubulk" 1524
"F:/DANE/Project_2024/Content/StarterContent/Textures/T_Brick_Clay_Old_N.uasset" 1525
"F:/DANE/Project_2024/Content/StarterContent/Textures/T_Brick_Clay_Old_N.uexp" 1526
"F:/DANE/Project_2024/Content/StarterContent/Textures/T_Brick_Clay_Old_D.ubulk" 1527
"F:/DANE/Project_2024/Content/StarterContent/Textures/T_Brick_Clay_Old_D.uasset" 1528
"F:/DANE/Project_2024/Content/StarterContent/Textures/T_Brick_Clay_Old_D.uexp" 1529
"F:/DANE/Project_2024/Content/StarterContent/Materials/M_Brick_Clay_Old.uasset" 1530
"F:/DANE/Project_2024/Content/StarterContent/Materials/M_Brick_Clay_Old.uexp" 1531
"F:/DANE/Project_2024/Content/StarterContent/Textures/T_Metal_Steel_D.ubulk" 1532
"F:/DANE/Project_2024/Content/StarterContent/Textures/T_Metal_Steel_D.uasset" 1533
"F:/DANE/Project_2024/Content/StarterContent/Textures/T_Metal_Steel_D.uexp" 1534
"F:/DANE/Project_2024/Content/StarterContent/Textures/T_Metal_Steel_N.ubulk" 1535
"F:/DANE/Project_2024/Content/StarterContent/Textures/T_Metal_Steel_N.uasset" 1536
"F:/DANE/Project_2024/Content/StarterContent/Textures/T_Metal_Steel_N.uexp" 1537
"F:/DANE/Project_2024/Content/StarterContent/Materials/M_Metal_Steel.uasset" 1538
"F:/DANE/Project_2024/Content/StarterContent/Materials/M_Metal_Steel.uexp" 1539
"F:/DANE/Project_2024/Content/StarterContent/Materials/M_Wood_Floor_Walnut_Polished.uasset" 1540
"F:/DANE/Project_2024/Content/StarterContent/Materials/M_Wood_Floor_Walnut_Polished.uexp" 1541
"F:/DANE/Project_2024/Content/StarterContent/Props/SM_Lamp_Wall.ubulk" 1542
"F:/DANE/Project_2024/Content/StarterContent/Props/SM_Lamp_Wall.uasset" 1543
"F:/DANE/Project_2024/Content/StarterContent/Props/SM_Lamp_Wall.uexp" 1544
"F:/DANE/Project_2024/Content/StarterContent/Blueprints/Blueprint_WallSconce.uasset" 1545
"F:/DANE/Project_2024/Content/StarterContent/Blueprints/Blueprint_WallSconce.uexp" 1546
"F:/DANE/Project_2024/Content/StarterContent/Textures/T_Tech_Panel_N.ubulk" 1547
"F:/DANE/Project_2024/Content/StarterContent/Textures/T_Tech_Panel_N.uasset" 1548
"F:/DANE/Project_2024/Content/StarterContent/Textures/T_Tech_Panel_N.uexp" 1549
"F:/DANE/Project_2024/Content/StarterContent/Textures/T_Tech_Panel_M.ubulk" 1550
"F:/DANE/Project_2024/Content/StarterContent/Textures/T_Tech_Panel_M.uasset" 1551
"F:/DANE/Project_2024/Content/StarterContent/Textures/T_Tech_Panel_M.uexp" 1552
"F:/DANE/Project_2024/Content/StarterContent/Materials/M_Tech_Panel.uasset" 1553
"F:/DANE/Project_2024/Content/StarterContent/Materials/M_Tech_Panel.uexp" 1554
"F:/DANE/Project_2024/Content/StarterContent/Materials/M_Tech_Hex_Tile_Pulse.uasset" 1555
"F:/DANE/Project_2024/Content/StarterContent/Materials/M_Tech_Hex_Tile_Pulse.uexp" 1556
"F:/DANE/Project_2024/Content/StarterContent/Props/SM_PillarFrame.ubulk" 1557
"F:/DANE/Project_2024/Content/StarterContent/Props/SM_PillarFrame.uasset" 1558
"F:/DANE/Project_2024/Content/StarterContent/Props/SM_PillarFrame.uexp" 1559
"F:/DANE/Project_2024/Content/StarterContent/Textures/T_Fire_Tiled_D.ubulk" 1560
"F:/DANE/Project_2024/Content/StarterContent/Textures/T_Fire_Tiled_D.uasset" 1561
"F:/DANE/Project_2024/Content/StarterContent/Textures/T_Fire_Tiled_D.uexp" 1562
"F:/DANE/Project_2024/Content/StarterContent/Textures/T_Fire_SubUV.ubulk" 1563
"F:/DANE/Project_2024/Content/StarterContent/Textures/T_Fire_SubUV.uasset" 1564
"F:/DANE/Project_2024/Content/StarterContent/Textures/T_Fire_SubUV.uexp" 1565
"F:/DANE/Project_2024/Content/StarterContent/Particles/Materials/M_Fire_SubUV.uasset" 1566
"F:/DANE/Project_2024/Content/StarterContent/Particles/Materials/M_Fire_SubUV.uexp" 1567
"F:/DANE/Project_2024/Content/StarterContent/Particles/Materials/M_Heat_Distortion.uasset" 1568
"F:/DANE/Project_2024/Content/StarterContent/Particles/Materials/M_Heat_Distortion.uexp" 1569
"F:/DANE/Project_2024/Content/StarterContent/Particles/P_Fire.uasset" 1570
"F:/DANE/Project_2024/Content/StarterContent/Particles/P_Fire.uexp" 1571
"F:/DANE/Project_2024/Content/StarterContent/Audio/Fire01_Cue.uasset" 1572
"F:/DANE/Project_2024/Content/StarterContent/Audio/Fire01_Cue.uexp" 1573
"F:/DANE/Project_2024/Content/StarterContent/Blueprints/Blueprint_Effect_Fire.uasset" 1574
"F:/DANE/Project_2024/Content/StarterContent/Blueprints/Blueprint_Effect_Fire.uexp" 1575
"F:/DANE/Project_2024/Content/StarterContent/Textures/T_Wood_Oak_N.ubulk" 1576
"F:/DANE/Project_2024/Content/StarterContent/Textures/T_Wood_Oak_N.uasset" 1577
"F:/DANE/Project_2024/Content/StarterContent/Textures/T_Wood_Oak_N.uexp" 1578
"F:/DANE/Project_2024/Content/StarterContent/Textures/T_Wood_Oak_D.ubulk" 1579
"F:/DANE/Project_2024/Content/StarterContent/Textures/T_Wood_Oak_D.uasset" 1580
"F:/DANE/Project_2024/Content/StarterContent/Textures/T_Wood_Oak_D.uexp" 1581
"F:/DANE/Project_2024/Content/StarterContent/Materials/M_Wood_Oak.uasset" 1582
"F:/DANE/Project_2024/Content/StarterContent/Materials/M_Wood_Oak.uexp" 1583
"F:/DANE/Project_2024/Content/StarterContent/Textures/T_Brick_Hewn_Stone_N.ubulk" 1584
"F:/DANE/Project_2024/Content/StarterContent/Textures/T_Brick_Hewn_Stone_N.uasset" 1585
"F:/DANE/Project_2024/Content/StarterContent/Textures/T_Brick_Hewn_Stone_N.uexp" 1586
"F:/DANE/Project_2024/Content/StarterContent/Textures/T_Brick_Hewn_Stone_D.ubulk" 1587
"F:/DANE/Project_2024/Content/StarterContent/Textures/T_Brick_Hewn_Stone_D.uasset" 1588
"F:/DANE/Project_2024/Content/StarterContent/Textures/T_Brick_Hewn_Stone_D.uexp" 1589
"F:/DANE/Project_2024/Content/StarterContent/Textures/T_Brick_Hewn_Stone_M.ubulk" 1590
"F:/DANE/Project_2024/Content/StarterContent/Textures/T_Brick_Hewn_Stone_M.uasset" 1591
"F:/DANE/Project_2024/Content/StarterContent/Textures/T_Brick_Hewn_Stone_M.uexp" 1592
"F:/DANE/Project_2024/Content/StarterContent/Materials/M_Brick_Hewn_Stone.uasset" 1593
"F:/DANE/Project_2024/Content/StarterContent/Materials/M_Brick_Hewn_Stone.uexp" 1594
"F:/DANE/Project_2024/Content/StarterContent/Audio/Smoke01_Cue.uasset" 1595
"F:/DANE/Project_2024/Content/StarterContent/Audio/Smoke01_Cue.uexp" 1596
"F:/DANE/Project_2024/Content/StarterContent/Particles/P_Smoke.uasset" 1597
"F:/DANE/Project_2024/Content/StarterContent/Particles/P_Smoke.uexp" 1598
"F:/DANE/Project_2024/Content/StarterContent/Blueprints/Blueprint_Effect_Smoke.uasset" 1599
"F:/DANE/Project_2024/Content/StarterContent/Blueprints/Blueprint_Effect_Smoke.uexp" 1600
"F:/DANE/Project_2024/Content/StarterContent/Textures/T_CobbleStone_Rough_N.ubulk" 1601
"F:/DANE/Project_2024/Content/StarterContent/Textures/T_CobbleStone_Rough_N.uasset" 1602
"F:/DANE/Project_2024/Content/StarterContent/Textures/T_CobbleStone_Rough_N.uexp" 1603
"F:/DANE/Project_2024/Content/StarterContent/Textures/T_CobbleStone_Rough_D.ubulk" 1604
"F:/DANE/Project_2024/Content/StarterContent/Textures/T_CobbleStone_Rough_D.uasset" 1605
"F:/DANE/Project_2024/Content/StarterContent/Textures/T_CobbleStone_Rough_D.uexp" 1606
"F:/DANE/Project_2024/Content/StarterContent/Materials/M_CobbleStone_Rough.uasset" 1607
"F:/DANE/Project_2024/Content/StarterContent/Materials/M_CobbleStone_Rough.uexp" 1608
"F:/DANE/Project_2024/Content/StarterContent/Textures/T_Statue_M.ubulk" 1609
"F:/DANE/Project_2024/Content/StarterContent/Textures/T_Statue_M.uasset" 1610
"F:/DANE/Project_2024/Content/StarterContent/Textures/T_Statue_M.uexp" 1611
"F:/DANE/Project_2024/Content/StarterContent/Textures/T_Statue_N.ubulk" 1612
"F:/DANE/Project_2024/Content/StarterContent/Textures/T_Statue_N.uasset" 1613
"F:/DANE/Project_2024/Content/StarterContent/Textures/T_Statue_N.uexp" 1614
"F:/DANE/Project_2024/Content/StarterContent/Props/Materials/M_Statue.uasset" 1615
"F:/DANE/Project_2024/Content/StarterContent/Props/Materials/M_Statue.uexp" 1616
"F:/DANE/Project_2024/Content/StarterContent/Props/Materials/M_StatueGlass.uasset" 1617
"F:/DANE/Project_2024/Content/StarterContent/Props/Materials/M_StatueGlass.uexp" 1618
"F:/DANE/Project_2024/Content/StarterContent/Props/SM_Statue.ubulk" 1619
"F:/DANE/Project_2024/Content/StarterContent/Props/SM_Statue.uasset" 1620
"F:/DANE/Project_2024/Content/StarterContent/Props/SM_Statue.uexp" 1621
"F:/DANE/Project_2024/Content/StarterContent/Textures/T_ground_Moss_D.ubulk" 1622
"F:/DANE/Project_2024/Content/StarterContent/Textures/T_ground_Moss_D.uasset" 1623
"F:/DANE/Project_2024/Content/StarterContent/Textures/T_ground_Moss_D.uexp" 1624
"F:/DANE/Project_2024/Content/StarterContent/Textures/T_Ground_Moss_N.ubulk" 1625
"F:/DANE/Project_2024/Content/StarterContent/Textures/T_Ground_Moss_N.uasset" 1626
"F:/DANE/Project_2024/Content/StarterContent/Textures/T_Ground_Moss_N.uexp" 1627
"F:/DANE/Project_2024/Content/StarterContent/Materials/M_Ground_Moss.uasset" 1628
"F:/DANE/Project_2024/Content/StarterContent/Materials/M_Ground_Moss.uexp" 1629
"F:/DANE/Project_2024/Content/StarterContent/Props/SM_PillarFrame300.ubulk" 1630
"F:/DANE/Project_2024/Content/StarterContent/Props/SM_PillarFrame300.uasset" 1631
"F:/DANE/Project_2024/Content/StarterContent/Props/SM_PillarFrame300.uexp" 1632
"F:/DANE/Project_2024/Content/StarterContent/Materials/M_Metal_Chrome.uasset" 1633
"F:/DANE/Project_2024/Content/StarterContent/Materials/M_Metal_Chrome.uexp" 1634
"F:/DANE/Project_2024/Content/StarterContent/Textures/T_Metal_Gold_D.ubulk" 1635
"F:/DANE/Project_2024/Content/StarterContent/Textures/T_Metal_Gold_D.uasset" 1636
"F:/DANE/Project_2024/Content/StarterContent/Textures/T_Metal_Gold_D.uexp" 1637
"F:/DANE/Project_2024/Content/StarterContent/Materials/M_Metal_Gold.uasset" 1638
"F:/DANE/Project_2024/Content/StarterContent/Materials/M_Metal_Gold.uexp" 1639
"F:/DANE/Project_2024/Content/StarterContent/Textures/T_Ground_Grass_D.ubulk" 1640
"F:/DANE/Project_2024/Content/StarterContent/Textures/T_Ground_Grass_D.uasset" 1641
"F:/DANE/Project_2024/Content/StarterContent/Textures/T_Ground_Grass_D.uexp" 1642
"F:/DANE/Project_2024/Content/StarterContent/Textures/T_Ground_Grass_N.ubulk" 1643
"F:/DANE/Project_2024/Content/StarterContent/Textures/T_Ground_Grass_N.uasset" 1644
"F:/DANE/Project_2024/Content/StarterContent/Textures/T_Ground_Grass_N.uexp" 1645
"F:/DANE/Project_2024/Content/StarterContent/Materials/M_Ground_Grass.uasset" 1646
"F:/DANE/Project_2024/Content/StarterContent/Materials/M_Ground_Grass.uexp" 1647
"F:/DANE/Project_2024/Content/StarterContent/Audio/Starter_Background_Cue.uasset" 1648
"F:/DANE/Project_2024/Content/StarterContent/Audio/Starter_Background_Cue.uexp" 1649
"F:/DANE/Project_2024/Content/StarterContent/Maps/StarterMap_BuiltData.ubulk" 1650
"F:/DANE/Project_2024/Content/StarterContent/Maps/StarterMap_BuiltData.uasset" 1651
"F:/DANE/Project_2024/Content/StarterContent/Maps/StarterMap_BuiltData.uexp" 1652
"F:/DANE/Project_2024/Content/StarterContent/Shapes/Shape_Sphere.ubulk" 1653
"F:/DANE/Project_2024/Content/StarterContent/Shapes/Shape_Sphere.uasset" 1654
"F:/DANE/Project_2024/Content/StarterContent/Shapes/Shape_Sphere.uexp" 1655
"F:/DANE/Project_2024/Content/StarterContent/Audio/Starter_Music_Cue.uasset" 1656
"F:/DANE/Project_2024/Content/StarterContent/Audio/Starter_Music_Cue.uexp" 1657
"../../../Engine/Content/EngineSky/M_SimpleSkyDome.uasset" 1658
"../../../Engine/Content/EngineSky/M_SimpleSkyDome.uexp" 1659
"F:/DANE/Project_2024/Content/StarterContent/Shapes/Shape_QuadPyramid.ubulk" 1660
"F:/DANE/Project_2024/Content/StarterContent/Shapes/Shape_QuadPyramid.uasset" 1661
"F:/DANE/Project_2024/Content/StarterContent/Shapes/Shape_QuadPyramid.uexp" 1662
"F:/DANE/Project_2024/Content/StarterContent/Textures/T_Brick_Clay_New_D.ubulk" 1663
"F:/DANE/Project_2024/Content/StarterContent/Textures/T_Brick_Clay_New_D.uasset" 1664
"F:/DANE/Project_2024/Content/StarterContent/Textures/T_Brick_Clay_New_D.uexp" 1665
"F:/DANE/Project_2024/Content/StarterContent/Textures/T_Brick_Clay_New_M.uasset" 1666
"F:/DANE/Project_2024/Content/StarterContent/Textures/T_Brick_Clay_New_M.uexp" 1667
"F:/DANE/Project_2024/Content/StarterContent/Textures/T_Brick_Clay_New_N.uasset" 1668
"F:/DANE/Project_2024/Content/StarterContent/Textures/T_Brick_Clay_New_N.uexp" 1669
"F:/DANE/Project_2024/Content/StarterContent/Materials/M_Brick_Clay_New.uasset" 1670
"F:/DANE/Project_2024/Content/StarterContent/Materials/M_Brick_Clay_New.uexp" 1671
"F:/DANE/Project_2024/Content/StarterContent/Textures/T_Metal_Aluminum_D.ubulk" 1672
"F:/DANE/Project_2024/Content/StarterContent/Textures/T_Metal_Aluminum_D.uasset" 1673
"F:/DANE/Project_2024/Content/StarterContent/Textures/T_Metal_Aluminum_D.uexp" 1674
"F:/DANE/Project_2024/Content/StarterContent/Materials/M_Metal_Burnished_Steel.uasset" 1675
"F:/DANE/Project_2024/Content/StarterContent/Materials/M_Metal_Burnished_Steel.uexp" 1676
"F:/DANE/Project_2024/Content/StarterContent/Maps/StarterMap.uexp" 1677
"F:/DANE/Project_2024/Content/StarterContent/Maps/StarterMap.umap" 1678
"F:/DANE/Project_2024/Content/StarterContent/Maps/Minimal_Default_BuiltData.ubulk" 1679
"F:/DANE/Project_2024/Content/StarterContent/Maps/Minimal_Default_BuiltData.uasset" 1680
"F:/DANE/Project_2024/Content/StarterContent/Maps/Minimal_Default_BuiltData.uexp" 1681
"F:/DANE/Project_2024/Content/StarterContent/Maps/Minimal_Default.uexp" 1682
"F:/DANE/Project_2024/Content/StarterContent/Maps/Minimal_Default.umap" 1683
"F:/DANE/Project_2024/Content/StarterContent/Maps/Advanced_Lighting_BuiltData.ubulk" 1684
"F:/DANE/Project_2024/Content/StarterContent/Maps/Advanced_Lighting_BuiltData.uasset" 1685
"F:/DANE/Project_2024/Content/StarterContent/Maps/Advanced_Lighting_BuiltData.uexp" 1686
"F:/DANE/Project_2024/Content/StarterContent/Materials/M_AssetPlatform.uasset" 1687
"F:/DANE/Project_2024/Content/StarterContent/Materials/M_AssetPlatform.uexp" 1688
"F:/DANE/Project_2024/Content/StarterContent/Architecture/SM_AssetPlatform.ubulk" 1689
"F:/DANE/Project_2024/Content/StarterContent/Architecture/SM_AssetPlatform.uasset" 1690
"F:/DANE/Project_2024/Content/StarterContent/Architecture/SM_AssetPlatform.uexp" 1691
"../../../Engine/Content/MapTemplates/Sky/DaylightAmbientCubemap.uasset" 1692
"../../../Engine/Content/MapTemplates/Sky/DaylightAmbientCubemap.uexp" 1693
"F:/DANE/Project_2024/Content/StarterContent/Blueprints/Assets/M_LightStage_Skybox_Master.uasset" 1694
"F:/DANE/Project_2024/Content/StarterContent/Blueprints/Assets/M_LightStage_Skybox_Master.uexp" 1695
"F:/DANE/Project_2024/Content/StarterContent/Blueprints/Assets/M_LightStage_Skybox_HDRI.uasset" 1696
"F:/DANE/Project_2024/Content/StarterContent/Blueprints/Assets/M_LightStage_Skybox_HDRI.uexp" 1697
"F:/DANE/Project_2024/Content/StarterContent/HDRI/HDRI_Epic_Courtyard_Daylight.uasset" 1698
"F:/DANE/Project_2024/Content/StarterContent/HDRI/HDRI_Epic_Courtyard_Daylight.uexp" 1699
"F:/DANE/Project_2024/Content/StarterContent/Blueprints/Assets/SunlightColorLUT.uasset" 1700
"F:/DANE/Project_2024/Content/StarterContent/Blueprints/Assets/SunlightColorLUT.uexp" 1701
"F:/DANE/Project_2024/Content/StarterContent/Blueprints/Assets/M_LightStage_Skybox_Black.uasset" 1702
"F:/DANE/Project_2024/Content/StarterContent/Blueprints/Assets/M_LightStage_Skybox_Black.uexp" 1703
"F:/DANE/Project_2024/Content/StarterContent/Blueprints/Assets/FogBrightnessLUT.uasset" 1704
"F:/DANE/Project_2024/Content/StarterContent/Blueprints/Assets/FogBrightnessLUT.uexp" 1705
"F:/DANE/Project_2024/Content/StarterContent/Blueprints/Assets/SM_Arrows.ubulk" 1706
"F:/DANE/Project_2024/Content/StarterContent/Blueprints/Assets/SM_Arrows.uasset" 1707
"F:/DANE/Project_2024/Content/StarterContent/Blueprints/Assets/SM_Arrows.uexp" 1708
"F:/DANE/Project_2024/Content/StarterContent/Blueprints/Assets/M_LightStage_Arrows.uasset" 1709
"F:/DANE/Project_2024/Content/StarterContent/Blueprints/Assets/M_LightStage_Arrows.uexp" 1710
"../../../Engine/Content/ArtTools/RenderToTexture/MaterialFunctions/CheckerPattern.uasset" 1711
"../../../Engine/Content/ArtTools/RenderToTexture/MaterialFunctions/CheckerPattern.uexp" 1712
"../../../Engine/Content/Functions/Engine_MaterialFunctions01/Texturing/ScaleUVsByCenter.uasset" 1713
"../../../Engine/Content/Functions/Engine_MaterialFunctions01/Texturing/ScaleUVsByCenter.uexp" 1714
"../../../Engine/Content/Functions/Engine_MaterialFunctions02/ScreenResolution.uasset" 1715
"../../../Engine/Content/Functions/Engine_MaterialFunctions02/ScreenResolution.uexp" 1716
"../../../Engine/Content/Functions/Engine_MaterialFunctions02/Texturing/ScreenAlignedUVs.uasset" 1717
"../../../Engine/Content/Functions/Engine_MaterialFunctions02/Texturing/ScreenAlignedUVs.uexp" 1718
"../../../Engine/Content/EditorMaterials/Thumbnails/SkySphereMaterial.uasset" 1719
"../../../Engine/Content/EditorMaterials/Thumbnails/SkySphereMaterial.uexp" 1720
"F:/DANE/Project_2024/Content/StarterContent/Blueprints/Assets/Skybox.ubulk" 1721
"F:/DANE/Project_2024/Content/StarterContent/Blueprints/Assets/Skybox.uasset" 1722
"F:/DANE/Project_2024/Content/StarterContent/Blueprints/Assets/Skybox.uexp" 1723
"F:/DANE/Project_2024/Content/StarterContent/Blueprints/BP_LightStudio.uasset" 1724
"F:/DANE/Project_2024/Content/StarterContent/Blueprints/BP_LightStudio.uexp" 1725
"../../../Engine/Content/EditorMeshes/ColorCalibrator/M_GreyBall.uasset" 1726
"../../../Engine/Content/EditorMeshes/ColorCalibrator/M_GreyBall.uexp" 1727
"../../../Engine/Content/EditorMeshes/ColorCalibrator/M_ClearCoat.uasset" 1728
"../../../Engine/Content/EditorMeshes/ColorCalibrator/M_ClearCoat.uexp" 1729
"../../../Engine/Content/EditorMeshes/ColorCalibrator/M_ChromeBall.uasset" 1730
"../../../Engine/Content/EditorMeshes/ColorCalibrator/M_ChromeBall.uexp" 1731
"../../../Engine/Content/EditorMeshes/ColorCalibrator/M_ClearCoatBlack.uasset" 1732
"../../../Engine/Content/EditorMeshes/ColorCalibrator/M_ClearCoatBlack.uexp" 1733
"../../../Engine/Content/EditorMeshes/ColorCalibrator/Color_checker.ubulk" 1734
"../../../Engine/Content/EditorMeshes/ColorCalibrator/Color_checker.uasset" 1735
"../../../Engine/Content/EditorMeshes/ColorCalibrator/Color_checker.uexp" 1736
"../../../Engine/Content/EditorMeshes/ColorCalibrator/M_ColorGrid.uasset" 1737
"../../../Engine/Content/EditorMeshes/ColorCalibrator/M_ColorGrid.uexp" 1738
"../../../Engine/Content/EditorMeshes/ColorCalibrator/SM_ColorCalibrator.ubulk" 1739
"../../../Engine/Content/EditorMeshes/ColorCalibrator/SM_ColorCalibrator.uasset" 1740
"../../../Engine/Content/EditorMeshes/ColorCalibrator/SM_ColorCalibrator.uexp" 1741
"F:/DANE/Project_2024/Content/StarterContent/Maps/Advanced_Lighting.uexp" 1742
"F:/DANE/Project_2024/Content/StarterContent/Maps/Advanced_Lighting.umap" 1743
"../../../Engine/Content/Maps/Templates/HLODs/HLODLayer_Instanced.uasset" 1744
"../../../Engine/Content/Maps/Templates/HLODs/HLODLayer_Instanced.uexp" 1745
"F:/DANE/Project_2024/Content/FirstPerson/Maps/FirstPersonMap.uexp" 1746
"F:/DANE/Project_2024/Content/FirstPerson/Maps/FirstPersonMap.umap" 1747
