"F:/DANE/Project_2024/Project_2024.uproject" 1
"../../../Engine/Plugins/BlueprintFileUtils/BlueprintFileUtils.uplugin" 2
"../../../Engine/Plugins/AudioGameplayVolume/AudioGameplayVolume.uplugin" 3
"../../../Engine/Plugins/TraceUtilities/TraceUtilities.uplugin" 4
"../../../Engine/Plugins/JsonBlueprintUtilities/JsonBlueprintUtilities.uplugin" 5
"../../../Engine/Plugins/Media/AppleProResMedia/AppleProResMedia.uplugin" 6
"../../../Engine/Plugins/LightWeightInstancesEditor/LightWeightInstancesEditor.uplugin" 7
"../../../Engine/Plugins/ScriptPlugin/ScriptPlugin.uplugin" 8
"../../../Engine/Plugins/Messaging/UdpMessaging/UdpMessaging.uplugin" 9
"../../../Engine/Plugins/MemoryUsageQueries/MemoryUsageQueries.uplugin" 10
"../../../Engine/Plugins/MeshPainting/MeshPainting.uplugin" 11
"../../../Engine/Plugins/XGEController/XGEController.uplugin" 12
"../../../Engine/Plugins/Bridge/Bridge.uplugin" 13
"../../../Engine/Plugins/EnhancedInput/EnhancedInput.uplugin" 14
"../../../Engine/Plugins/MovieScene/ActorSequence/ActorSequence.uplugin" 15
"../../../Engine/Plugins/RenderGraphInsights/RenderGraphInsights.uplugin" 16
"../../../Engine/Plugins/MovieScene/ReplayTracks/ReplayTracks.uplugin" 17
"../../../Engine/Plugins/Media/AndroidCamera/AndroidCamera.uplugin" 18
"../../../Engine/Plugins/Media/AvfMedia/AvfMedia.uplugin" 19
"../../../Engine/Plugins/MovieScene/TemplateSequence/TemplateSequence.uplugin" 20
"../../../Engine/Plugins/MovieScene/MovieRenderPipeline/MovieRenderPipeline.uplugin" 21
"../../../Engine/Plugins/MovieScene/MoviePipelineMaskRenderPass/MoviePipelineMaskRenderPass.uplugin" 22
"../../../Engine/Plugins/Media/AndroidMedia/AndroidMedia.uplugin" 23
"../../../Engine/Plugins/Media/AjaMedia/AjaMedia.uplugin" 24
"../../../Engine/Plugins/Media/AudioCaptureTimecodeProvider/AudioCaptureTimecodeProvider.uplugin" 25
"../../../Engine/Plugins/Media/BinkMedia/BinkMedia.uplugin" 26
"../../../Engine/Plugins/Media/AvidDNxMedia/AvidDNxMedia.uplugin" 27
"../../../Engine/Plugins/Media/BlackmagicMedia/BlackmagicMedia.uplugin" 28
"../../../Engine/Plugins/Marketplace/VisualStudioTools/VisualStudioTools.uplugin" 29
"../../../Engine/Plugins/MovieScene/LevelSequenceEditor/LevelSequenceEditor.uplugin" 30
"../../../Engine/Plugins/VirtualProduction/CameraCalibrationCore/CameraCalibrationCore.uplugin" 31
"../../../Engine/Plugins/Media/ElectraPlayer/ElectraPlayer.uplugin" 32
"../../../Engine/Plugins/VirtualProduction/CompositePlane/CompositePlane.uplugin" 33
"../../../Engine/Plugins/VirtualProduction/DataCharts/DataCharts.uplugin" 34
"../../../Engine/Plugins/Media/HAPMedia/HAPMedia.uplugin" 35
"../../../Engine/Plugins/Media/ElectraSubtitles/ElectraSubtitles.uplugin" 36
"../../../Engine/Plugins/VirtualProduction/EpicStageApp/EpicStageApp.uplugin" 37
"../../../Engine/Plugins/Media/ElectraUtil/ElectraUtil.uplugin" 38
"../../../Engine/Plugins/Media/ElectraCDM/ElectraCDM.uplugin" 39
"../../../Engine/Plugins/Media/HLMedia/HLMedia.uplugin" 40
"../../../Engine/Plugins/Media/MediaFrameworkUtilities/MediaFrameworkUtilities.uplugin" 41
"../../../Engine/Plugins/Media/MediaIOFramework/MediaIOFramework.uplugin" 42
"../../../Engine/Plugins/Media/MediaPlayerEditor/MediaPlayerEditor.uplugin" 43
"../../../Engine/Plugins/Media/MediaCompositing/MediaCompositing.uplugin" 44
"../../../Engine/Plugins/Media/MfMedia/MfMedia.uplugin" 45
"../../../Engine/Plugins/Media/MediaPlate/MediaPlate.uplugin" 46
"../../../Engine/Plugins/VirtualProduction/LevelSnapshots/LevelSnapshots.uplugin" 47
"../../../Engine/Plugins/Media/TimecodeSynchronizer/TimecodeSynchronizer.uplugin" 48
"../../../Engine/Plugins/VirtualProduction/ICVFX/ICVFX.uplugin" 49
"../../../Engine/Plugins/Media/WebMMedia/WebMMedia.uplugin" 50
"../../../Engine/Plugins/Media/PixelStreaming/PixelStreaming.uplugin" 51
"../../../Engine/Plugins/Media/WmfMedia/WmfMedia.uplugin" 52
"../../../Engine/Plugins/Media/PixelCapture/PixelCapture.uplugin" 53
"../../../Engine/Plugins/Media/MediaMovieStreamer/MediaMovieStreamer.uplugin" 54
"../../../Engine/Plugins/Media/ImgMedia/ImgMedia.uplugin" 55
"../../../Engine/Plugins/Media/HardwareEncoders/HardwareEncoders.uplugin" 56
"../../../Engine/Plugins/Slate/SlateInsights/SlateInsights.uplugin" 57
"../../../Engine/Plugins/Messaging/TcpMessaging/TcpMessaging.uplugin" 58
"../../../Engine/Plugins/Importers/AlembicHairImporter/AlembicHairImporter.uplugin" 59
"../../../Engine/Plugins/Importers/AlembicImporter/AlembicImporter.uplugin" 60
"../../../Engine/Plugins/Messaging/MessagingDebugger/MessagingDebugger.uplugin" 61
"../../../Engine/Plugins/Importers/USDImporter/USDImporter.uplugin" 62
"../../../Engine/Plugins/AudioGameplay/AudioGameplay.uplugin" 63
"../../../Engine/Plugins/VirtualProduction/LiveLinkFreeD/LiveLinkFreeD.uplugin" 64
"../../../Engine/Plugins/Compression/OodleNetwork/OodleNetwork.uplugin" 65
"../../../Engine/Plugins/Slate/SlateScripting/SlateScripting.uplugin" 66
"../../../Engine/Plugins/Cameras/CameraShakePreviewer/CameraShakePreviewer.uplugin" 67
"../../../Engine/Plugins/Cameras/GameplayCameras/GameplayCameras.uplugin" 68
"../../../Engine/Plugins/Interchange/Runtime/Interchange.uplugin" 69
"../../../Engine/Plugins/VirtualProduction/LiveLinkVRPN/LiveLinkVRPN.uplugin" 70
"../../../Engine/Plugins/VirtualProduction/LiveLinkXR/LiveLinkXR.uplugin" 71
"../../../Engine/Plugins/Performance/PerformanceMonitor/PerformanceMonitor.uplugin" 72
"../../../Engine/Plugins/Web/HttpBlueprint/HttpBlueprint.uplugin" 73
"../../../Engine/Plugins/Animation/AnimationData/AnimationData.uplugin" 74
"../../../Engine/Plugins/VirtualProduction/TextureShare/TextureShare.uplugin" 75
"../../../Engine/Plugins/VirtualProduction/MultiUserTakes/MultiUserTakes.uplugin" 76
"../../../Engine/Plugins/VirtualProduction/RemoteControlInterception/RemoteControlInterception.uplugin" 77
"../../../Engine/Plugins/VirtualProduction/Takes/Takes.uplugin" 78
"../../../Engine/Plugins/VirtualProduction/RemoteControl/RemoteControl.uplugin" 79
"../../../Engine/Plugins/VirtualProduction/StageMonitoring/StageMonitoring.uplugin" 80
"../../../Engine/Plugins/VirtualProduction/Switchboard/Switchboard.uplugin" 81
"../../../Engine/Plugins/VirtualProduction/RemoteControlProtocolMIDI/RemoteControlProtocolMIDI.uplugin" 82
"../../../Engine/Plugins/VirtualProduction/RemoteControlProtocolDMX/RemoteControlProtocolDMX.uplugin" 83
"../../../Engine/Plugins/Interchange/Editor/InterchangeEditor.uplugin" 84
"../../../Engine/Plugins/VirtualProduction/LiveLinkPrestonMDR/LiveLinkPrestonMDR.uplugin" 85
"../../../Engine/Plugins/NetcodeUnitTest/NUTUnrealEngine/NUTUnrealEngine.uplugin" 86
"../../../Engine/Plugins/AI/AISupport/AISupport.uplugin" 87
"../../../Engine/Plugins/VirtualProduction/RemoteControlWebInterface/RemoteControlWebInterface.uplugin" 88
"../../../Engine/Plugins/AI/MassAI/MassAI.uplugin" 89
"../../../Engine/Plugins/AI/EnvironmentQueryEditor/EnvironmentQueryEditor.uplugin" 90
"../../../Engine/Plugins/AI/MassCrowd/MassCrowd.uplugin" 91
"../../../Engine/Plugins/Compositing/Composure/Composure.uplugin" 92
"../../../Engine/Plugins/Animation/AnimationModifierLibrary/AnimationModifierLibrary.uplugin" 93
"../../../Engine/Plugins/AI/MLAdapter/MLAdapter.uplugin" 94
"../../../Engine/Plugins/Animation/RigLogic/RigLogic.uplugin" 95
"../../../Engine/Plugins/Animation/ControlRigSpline/ControlRigSpline.uplugin" 96
"../../../Engine/Plugins/Animation/AnimToTexture/AnimToTexture.uplugin" 97
"../../../Engine/Plugins/Animation/DeformerGraph/DeformerGraph.uplugin" 98
"../../../Engine/Plugins/Portal/LauncherChunkInstaller/LauncherChunkInstaller.uplugin" 99
"../../../Engine/Plugins/Animation/ControlRig/ControlRig.uplugin" 100
"../../../Engine/Plugins/Animation/MotionWarping/MotionWarping.uplugin" 101
"../../../Engine/Plugins/Animation/AnimationWarping/AnimationWarping.uplugin" 102
"../../../Engine/Plugins/Animation/LiveLinkCurveDebugUI/LiveLinkCurveDebugUI.uplugin" 103
"../../../Engine/Plugins/AI/HTNPlanner/HTNPlanner.uplugin" 104
"../../../Engine/Plugins/Animation/LiveLink/LiveLink.uplugin" 105
"../../../Engine/Plugins/Compositing/LensDistortion/LensDistortion.uplugin" 106
"../../../Engine/Plugins/Compositing/OpenColorIO/OpenColorIO.uplugin" 107
"../../../Engine/Plugins/VirtualProduction/SequencerPlaylists/SequencerPlaylists.uplugin" 108
"../../../Engine/Plugins/VirtualProduction/LiveLinkMasterLockit/LiveLinkMasterLockit.uplugin" 109
"../../../Engine/Plugins/Animation/AnimationLocomotionLibrary/AnimationLocomotionLibrary.uplugin" 110
"../../../Engine/Plugins/Developer/BlankPlugin/BlankPlugin.uplugin" 111
"../../../Engine/Plugins/Compositing/OpenCVLensDistortion/OpenCVLensDistortion.uplugin" 112
"../../../Engine/Plugins/VirtualProduction/TimedDataMonitor/TimedDataMonitor.uplugin" 113
"../../../Engine/Plugins/Animation/BlendSpaceMotionAnalysis/BlendSpaceMotionAnalysis.uplugin" 114
"../../../Engine/Plugins/Developer/CLionSourceCodeAccess/CLionSourceCodeAccess.uplugin" 115
"../../../Engine/Plugins/Developer/GitSourceControl/GitSourceControl.uplugin" 116
"../../../Engine/Plugins/Animation/GameplayInsights/GameplayInsights.uplugin" 117
"../../../Engine/Plugins/Developer/AnimationSharing/AnimationSharing.uplugin" 118
"../../../Engine/Plugins/Animation/IKRig/IKRig.uplugin" 119
"../../../Engine/Plugins/Media/LinearTimecode/LinearTimecode.uplugin" 120
"../../../Engine/Plugins/MovieScene/SequencerScripting/SequencerScripting.uplugin" 121
"../../../Engine/Plugins/Editor/AssetSearch/AssetSearch.uplugin" 122
"../../../Engine/Plugins/Editor/AssetReferenceRestrictions/AssetReferenceRestrictions.uplugin" 123
"../../../Engine/Plugins/Editor/AssetRegistryExport/AssetRegistryExport.uplugin" 124
"../../../Engine/Plugins/Editor/BlueprintHeaderView/BlueprintHeaderView.uplugin" 125
"../../../Engine/Plugins/Developer/CodeLiteSourceCodeAccess/CodeLiteSourceCodeAccess.uplugin" 126
"../../../Engine/Plugins/Editor/BlueprintMaterialTextureNodes/BlueprintMaterialTextureNodes.uplugin" 127
"../../../Engine/Plugins/Editor/ChangelistReview/ChangelistReview.uplugin" 128
"../../../Engine/Plugins/Developer/KDevelopSourceCodeAccess/KDevelopSourceCodeAccess.uplugin" 129
"../../../Engine/Plugins/Editor/ConsoleVariablesEditor/ConsoleVariables.uplugin" 130
"../../../Engine/Plugins/Developer/PerforceSourceControl/PerforceSourceControl.uplugin" 131
"../../../Engine/Plugins/Developer/OneSkyLocalizationService/OneSkyLocalizationService.uplugin" 132
"../../../Engine/Plugins/Developer/PixWinPlugin/PixWinPlugin.uplugin" 133
"../../../Engine/Plugins/Developer/PluginUtils/PluginUtils.uplugin" 134
"../../../Engine/Plugins/Developer/NullSourceCodeAccess/NullSourceCodeAccess.uplugin" 135
"../../../Engine/Plugins/Developer/TextureFormatOodle/TextureFormatOodle.uplugin" 136
"../../../Engine/Plugins/Developer/PropertyAccessNode/PropertyAccessNode.uplugin" 137
"../../../Engine/Plugins/Developer/SubversionSourceControl/SubversionSourceControl.uplugin" 138
"../../../Engine/Plugins/Developer/TraceDataFiltering/TraceDataFilters.uplugin" 139
"../../../Engine/Plugins/Editor/CryptoKeys/CryptoKeys.uplugin" 140
"../../../Engine/Plugins/Developer/XCodeSourceCodeAccess/XCodeSourceCodeAccess.uplugin" 141
"../../../Engine/Plugins/Editor/AssetManagerEditor/AssetManagerEditor.uplugin" 142
"../../../Engine/Plugins/Developer/RenderDocPlugin/RenderDocPlugin.uplugin" 143
"../../../Engine/Plugins/Developer/XcodeGPUDebuggerPlugin/XcodeGPUDebuggerPlugin.uplugin" 144
"../../../Engine/Plugins/Developer/UObjectPlugin/UObjectPlugin.uplugin" 145
"../../../Engine/Plugins/Developer/PlasticSourceControl/PlasticSourceControl.uplugin" 146
"../../../Engine/Plugins/Developer/VisualStudioCodeSourceCodeAccess/VisualStudioCodeSourceCodeAccess.uplugin" 147
"../../../Engine/Plugins/Developer/RiderSourceCodeAccess/RiderSourceCodeAccess.uplugin" 148
"../../../Engine/Plugins/Editor/DataValidation/DataValidation.uplugin" 149
"../../../Engine/Plugins/Editor/CurveEditorTools/CurveEditorTools.uplugin" 150
"../../../Engine/Plugins/Developer/TraceSourceFiltering/TraceSourceFilters.uplugin" 151
"../../../Engine/Plugins/Editor/DisplayClusterLaunch/DisplayClusterLaunch.uplugin" 152
"../../../Engine/Plugins/Editor/EditorDebugTools/EditorDebugTools.uplugin" 153
"../../../Engine/Plugins/Editor/FacialAnimation/FacialAnimation.uplugin" 154
"../../../Engine/Plugins/Protocols/MQTT/MQTT.uplugin" 155
"../../../Engine/Plugins/Editor/EngineAssetDefinitions/EngineAssetDefinitions.uplugin" 156
"../../../Engine/Plugins/Editor/GameplayTagsEditor/GameplayTagsEditor.uplugin" 157
"../../../Engine/Plugins/Online/EOSShared/EOSShared.uplugin" 158
"../../../Engine/Plugins/Editor/EditorScriptingUtilities/EditorScriptingUtilities.uplugin" 159
"../../../Engine/Plugins/Editor/MacGraphicsSwitching/MacGraphicsSwitching.uplugin" 160
"../../../Engine/Plugins/Editor/ModelingToolsEditorMode/ModelingToolsEditorMode.uplugin" 161
"../../../Engine/Plugins/VirtualProduction/RemoteControlProtocolOSC/RemoteControlProtocolOSC.uplugin" 162
"../../../Engine/Plugins/NetcodeUnitTest/NetcodeUnitTest/NetcodeUnitTest.uplugin" 163
"../../../Engine/Plugins/FastBuildController/FastBuildController.uplugin" 164
"../../../Engine/Plugins/Editor/MobileLauncherProfileWizard/MobileLauncherProfileWizard.uplugin" 165
"../../../Engine/Plugins/Online/OnlineServices/OnlineServices.uplugin" 166
"../../../Engine/Plugins/Developer/DumpGPUServices/DumpGPUServices.uplugin" 167
"../../../Engine/Plugins/Editor/GeometryMode/GeometryMode.uplugin" 168
"../../../Engine/Plugins/VirtualProduction/CameraCalibration/CameraCalibration.uplugin" 169
"../../../Engine/Plugins/Editor/WorldPartitionHLODUtilities/WorldPartitionHLODUtilities.uplugin" 170
"../../../Engine/Plugins/Editor/GLTFImporter/GLTFImporter.uplugin" 171
"../../../Engine/Plugins/Editor/StylusInput/StylusInput.uplugin" 172
"../../../Engine/Plugins/Online/OnlineFramework/OnlineFramework.uplugin" 173
"../../../Engine/Plugins/Editor/SpeedTreeImporter/SpeedTreeImporter.uplugin" 174
"../../../Engine/Plugins/Editor/WaveformEditor/WaveformEditor.uplugin" 175
"../../../Engine/Plugins/Editor/PluginBrowser/PluginBrowser.uplugin" 176
"../../../Engine/Plugins/Editor/SequencerAnimTools/SequencerAnimTools.uplugin" 177
"../../../Engine/Plugins/Online/OnlineBase/OnlineBase.uplugin" 178
"../../../Engine/Plugins/Online/OnlineServicesEOSGS/OnlineServicesEOSGS.uplugin" 179
"../../../Engine/Plugins/Online/OnlineServicesEOS/OnlineServicesEOS.uplugin" 180
"../../../Engine/Plugins/Editor/LiveUpdateForSlate/LiveUpdateForSlate.uplugin" 181
"../../../Engine/Plugins/Online/OnlineServicesNull/OnlineServicesNull.uplugin" 182
"../../../Engine/Plugins/Online/OnlineSubsystem/OnlineSubsystem.uplugin" 183
"../../../Engine/Plugins/VirtualProduction/LiveLinkLens/LiveLinkLens.uplugin" 184
"../../../Engine/Plugins/Runtime/ActorLayerUtilities/ActorLayerUtilities.uplugin" 185
"../../../Engine/Plugins/Online/OnlineServicesOSSAdapter/OnlineServicesOSSAdapter.uplugin" 186
"../../../Engine/Plugins/Online/OnlineSubsystemEOS/OnlineSubsystemEOS.uplugin" 187
"../../../Engine/Plugins/Runtime/AndroidBackgroundService/AndroidBackgroundService.uplugin" 188
"../../../Engine/Plugins/Online/OnlineSubsystemApple/OnlineSubsystemApple.uplugin" 189
"../../../Engine/Plugins/Online/OnlineSubsystemFacebook/OnlineSubsystemFacebook.uplugin" 190
"../../../Engine/Plugins/Runtime/AndroidDeviceProfileSelector/AndroidDeviceProfileSelector.uplugin" 191
"../../../Engine/Plugins/Runtime/AndroidFileServer/AndroidFileServer.uplugin" 192
"../../../Engine/Plugins/Online/OnlineSubsystemGoogle/OnlineSubsystemGoogle.uplugin" 193
"../../../Engine/Plugins/Online/OnlineSubsystemAmazon/OnlineSubsystemAmazon.uplugin" 194
"../../../Engine/Plugins/Online/OnlineSubsystemTencent/OnlineSubsystemTencent.uplugin" 195
"../../../Engine/Plugins/Online/SocketSubsystemEOS/SocketSubsystemEOS.uplugin" 196
"../../../Engine/Plugins/Runtime/AnimationBudgetAllocator/AnimationBudgetAllocator.uplugin" 197
"../../../Engine/Plugins/Importers/USDMultiUser/USDMultiUser.uplugin" 198
"../../../Engine/Plugins/Editor/GuidedTutorials/GuidedTutorials.uplugin" 199
"../../../Engine/Plugins/Online/OnlineSubsystemOculus/OnlineSubsystemOculus.uplugin" 200
"../../../Engine/Plugins/Online/OnlineSubsystemSteam/OnlineSubsystemSteam.uplugin" 201
"../../../Engine/Plugins/Runtime/AndroidMoviePlayer/AndroidMoviePlayer.uplugin" 202
"../../../Engine/Plugins/Runtime/AndroidPermission/AndroidPermission.uplugin" 203
"../../../Engine/Plugins/Runtime/ApexDestruction/ApexDestruction.uplugin" 204
"../../../Engine/Plugins/Runtime/AppleMoviePlayer/AppleMoviePlayer.uplugin" 205
"../../../Engine/Plugins/Online/OnlineSubsystemUtils/OnlineSubsystemUtils.uplugin" 206
"../../../Engine/Plugins/Runtime/AssetTags/AssetTags.uplugin" 207
"../../../Engine/Plugins/Runtime/AppleImageUtils/AppleImageUtils.uplugin" 208
"../../../Engine/Plugins/MovieScene/CustomizableSequencerTracks/CustomizableSequencerTracks.uplugin" 209
"../../../Engine/Plugins/Runtime/AudioSynesthesia/AudioSynesthesia.uplugin" 210
"../../../Engine/Plugins/Runtime/AudioModulation/AudioModulation.uplugin" 211
"../../../Engine/Plugins/Runtime/AudioWidgets/AudioWidgets.uplugin" 212
"../../../Engine/Plugins/Runtime/ChunkDownloader/ChunkDownloader.uplugin" 213
"../../../Engine/Plugins/Runtime/ComputeFramework/ComputeFramework.uplugin" 214
"../../../Engine/Plugins/Runtime/CustomMeshComponent/CustomMeshComponent.uplugin" 215
"../../../Engine/Plugins/Runtime/CableComponent/CableComponent.uplugin" 216
"../../../Engine/Plugins/Runtime/AudioMotorSim/AudioMotorSim.uplugin" 217
"../../../Engine/Plugins/Runtime/DataRegistry/DataRegistry.uplugin" 218
"../../../Engine/Plugins/Runtime/ExampleDeviceProfileSelector/ExampleDeviceProfileSelector.uplugin" 219
"../../../Engine/Plugins/Runtime/Firebase/Firebase.uplugin" 220
"../../../Engine/Plugins/Runtime/GameplayAbilities/GameplayAbilities.uplugin" 221
"../../../Engine/Plugins/Runtime/GameplayInteractions/GameplayInteractions.uplugin" 222
"../../../Engine/Plugins/Runtime/GameplayStateTree/GameplayStateTree.uplugin" 223
"../../../Engine/Plugins/Runtime/GeometryCache/GeometryCache.uplugin" 224
"../../../Engine/Plugins/Runtime/GeometryProcessing/GeometryProcessing.uplugin" 225
"../../../Engine/Plugins/Runtime/GeoReferencing/GeoReferencing.uplugin" 226
"../../../Engine/Plugins/Runtime/GoogleCloudMessaging/GoogleCloudMessaging.uplugin" 227
"../../../Engine/Plugins/Runtime/HPMotionController/HPMotionController.uplugin" 228
"../../../Engine/Plugins/Runtime/ArchVisCharacter/ArchVisCharacter.uplugin" 229
"../../../Engine/Plugins/Runtime/HTTPChunkInstaller/HTTPChunkInstaller.uplugin" 230
"../../../Engine/Plugins/Runtime/HairStrands/HairStrands.uplugin" 231
"../../../Engine/Plugins/Runtime/HDRIBackdrop/HDRIBackdrop.uplugin" 232
"../../../Engine/Plugins/Runtime/GooglePAD/GooglePAD.uplugin" 233
"../../../Engine/Plugins/Runtime/LocationServicesBPLibrary/LocationServicesBPLibrary.uplugin" 234
"../../../Engine/Plugins/Runtime/IOSReplayKit/IOSReplayKit.uplugin" 235
"../../../Engine/Plugins/Runtime/GameplayBehaviorSmartObjects/GameplayBehaviorSmartObjects.uplugin" 236
"../../../Engine/Plugins/Runtime/LinuxDeviceProfileSelector/LinuxDeviceProfileSelector.uplugin" 237
"../../../Engine/Plugins/Runtime/MassEntity/MassEntity.uplugin" 238
"../../../Engine/Plugins/Runtime/LiveLinkOvernDisplay/LiveLinkOverNDisplay.uplugin" 239
"../../../Engine/Plugins/Runtime/LocationServicesIOSImpl/LocationServicesIOSImpl.uplugin" 240
"../../../Engine/Plugins/Runtime/LocationServicesAndroidImpl/LocationServicesAndroidImpl.uplugin" 241
"../../../Engine/Plugins/Runtime/MassGameplay/MassGameplay.uplugin" 242
"../../../Engine/Plugins/Runtime/MobileFSR/MobileFSR.uplugin" 243
"../../../Engine/Plugins/Runtime/IOSDeviceProfileSelector/IOSDeviceProfileSelector.uplugin" 244
"../../../Engine/Plugins/Runtime/MicrosoftSpatialAudio/MicroSoftSpatialSound.uplugin" 245
"../../../Engine/Plugins/Runtime/MeshModelingToolset/MeshModelingToolset.uplugin" 246
"../../../Engine/Plugins/Runtime/MobilePatchingUtils/MobilePatchingUtils.uplugin" 247
"../../../Engine/Plugins/Editor/MaterialAnalyzer/MaterialAnalyzer.uplugin" 248
"../../../Engine/Plugins/Runtime/nDisplayModularFeatures/nDisplayModularFeatures.uplugin" 249
"../../../Engine/Plugins/Runtime/NavCorridor/NavCorridor.uplugin" 250
"../../../Engine/Plugins/Developer/VisualStudioSourceCodeAccess/VisualStudioSourceCodeAccess.uplugin" 251
"../../../Engine/Plugins/Runtime/NetworkPrediction/NetworkPrediction.uplugin" 252
"../../../Engine/Plugins/Runtime/NetworkPredictionExtras/NetworkPredictionExtras.uplugin" 253
"../../../Engine/Plugins/Runtime/NetworkPredictionInsights/NetworkPredictionInsights.uplugin" 254
"../../../Engine/Plugins/Runtime/OpenXR/OpenXR.uplugin" 255
"../../../Engine/Plugins/Runtime/OpenXRViveTracker/OpenXRViveTracker.uplugin" 256
"../../../Engine/Plugins/VirtualProduction/LiveLinkCamera/LiveLinkCamera.uplugin" 257
"../../../Engine/Plugins/Runtime/nDisplay/nDisplay.uplugin" 258
"../../../Engine/Plugins/Runtime/OpenXRMsftHandInteraction/OpenXRMsftHandInteraction.uplugin" 259
"../../../Engine/Plugins/Online/OnlineSubsystemNull/OnlineSubsystemNull.uplugin" 260
"../../../Engine/Plugins/Runtime/OptionalMobileFeaturesBPLibrary/OptionalMobileFeaturesBPLibrary.uplugin" 261
"../../../Engine/Plugins/Runtime/AudioCapture/AudioCapture.uplugin" 262
"../../../Engine/Plugins/Runtime/OSC/OSC.uplugin" 263
"../../../Engine/Plugins/Runtime/OSCModulationMixing/OSCModulationMixing.uplugin" 264
"../../../Engine/Plugins/Runtime/MixedRealityCaptureFramework/MixedRealityCaptureFramework.uplugin" 265
"../../../Engine/Plugins/Runtime/PreLoadScreenMoviePlayer/PreLoadScreenMoviePlayer.uplugin" 266
"../../../Engine/Plugins/Runtime/RenderTrace/RenderTrace.uplugin" 267
"../../../Engine/Plugins/Runtime/PropertyAccess/PropertyAccessEditor.uplugin" 268
"../../../Engine/Plugins/Runtime/ReplicationGraph/ReplicationGraph.uplugin" 269
"../../../Engine/Plugins/Runtime/ReplicationSystemTestPlugin/ReplicationSystemTestPlugin.uplugin" 270
"../../../Engine/Plugins/Runtime/SignificanceManager/SignificanceManager.uplugin" 271
"../../../Engine/Plugins/Runtime/SkeletalMerging/SkeletalMerging.uplugin" 272
"../../../Engine/Plugins/Runtime/ProceduralMeshComponent/ProceduralMeshComponent.uplugin" 273
"../../../Engine/Plugins/Runtime/SoundCueTemplates/SoundCueTemplates.uplugin" 274
"../../../Engine/Plugins/Runtime/SoundFields/SoundFields.uplugin" 275
"../../../Engine/Plugins/Runtime/SmartObjects/SmartObjects.uplugin" 276
"../../../Engine/Plugins/Runtime/SoundMod/SoundMod.uplugin" 277
"../../../Engine/Plugins/Runtime/Spatialization/Spatialization.uplugin" 278
"../../../Engine/Plugins/Runtime/SoundUtilities/SoundUtilities.uplugin" 279
"../../../Engine/Plugins/Runtime/Synthesis/Synthesis.uplugin" 280
"../../../Engine/Plugins/Enterprise/AxFImporter/AxFImporter.uplugin" 281
"../../../Engine/Plugins/Enterprise/DataprepEditor/DataprepEditor.uplugin" 282
"../../../Engine/Plugins/Runtime/StateTree/StateTree.uplugin" 283
"../../../Engine/Plugins/Enterprise/DatasmithCADImporter/DatasmithCADImporter.uplugin" 284
"../../../Engine/Plugins/Runtime/WaveTable/WaveTable.uplugin" 285
"../../../Engine/Plugins/Runtime/ResonanceAudio/ResonanceAudio.uplugin" 286
"../../../Engine/Plugins/Enterprise/DatasmithContent/DatasmithContent.uplugin" 287
"../../../Engine/Plugins/Runtime/WebBrowserWidget/WebBrowserWidget.uplugin" 288
"../../../Engine/Plugins/Enterprise/DatasmithGLTFImporter/DatasmithGLTFImporter.uplugin" 289
"../../../Engine/Plugins/Runtime/WindowsDeviceProfileSelector/WindowsDeviceProfileSelector.uplugin" 290
"../../../Engine/Plugins/Enterprise/DatasmithC4DImporter/DatasmithC4DImporter.uplugin" 291
"../../../Engine/Plugins/Enterprise/DatasmithFBXImporter/DatasmithFBXImporter.uplugin" 292
"../../../Engine/Plugins/Runtime/WorldConditions/WorldConditions.uplugin" 293
"../../../Engine/Plugins/Runtime/ZoneGraphAnnotations/ZoneGraphAnnotations.uplugin" 294
"../../../Engine/Plugins/Runtime/WebMMoviePlayer/WebMMoviePlayer.uplugin" 295
"../../../Engine/Plugins/Enterprise/VariantManager/VariantManager.uplugin" 296
"../../../Engine/Plugins/Enterprise/LidarPointCloud/LidarPointCloud.uplugin" 297
"../../../Engine/Plugins/Runtime/ModelViewViewModel/ModelViewViewModel.uplugin" 298
"../../../Engine/Plugins/Runtime/ZoneGraph/ZoneGraph.uplugin" 299
"../../../Engine/Plugins/Enterprise/MDLImporter/MDLImporter.uplugin" 300
"../../../Engine/Plugins/Runtime/WindowsMoviePlayer/WindowsMoviePlayer.uplugin" 301
"../../../Engine/Plugins/Runtime/SunPosition/SunPosition.uplugin" 302
"../../../Engine/Plugins/Runtime/WarpUtils/WarpUtils.uplugin" 303
"../../../Engine/Plugins/Runtime/WebBrowserNativeProxy/WebBrowserNativeProxy.uplugin" 304
"../../../Engine/Plugins/Experimental/AnimNext/AnimNext.uplugin" 305
"../../../Engine/Plugins/Enterprise/DatasmithImporter/DatasmithImporter.uplugin" 306
"../../../Engine/Plugins/Runtime/OpenXREyeTracker/OpenXREyeTracker.uplugin" 307
"../../../Engine/Plugins/Runtime/Metasound/Metasound.uplugin" 308
"../../../Engine/Plugins/Enterprise/GLTFExporter/GLTFExporter.uplugin" 309
"../../../Engine/Plugins/Experimental/BlueprintSnapNodes/BlueprintSnapNodes.uplugin" 310
"../../../Engine/Plugins/Experimental/BackChannel/BackChannel.uplugin" 311
"../../../Engine/Plugins/Enterprise/VariantManagerContent/VariantManagerContent.uplugin" 312
"../../../Engine/Plugins/Experimental/AutomationUtils/AutomationUtils.uplugin" 313
"../../../Engine/Plugins/Experimental/AbilitySystemGameFeatureActions/AbilitySystemGameFeatureActions.uplugin" 314
"../../../Engine/Plugins/Experimental/BlueprintStats/BlueprintStats.uplugin" 315
"../../../Engine/Plugins/Experimental/ActorPalette/ActorPalette.uplugin" 316
"../../../Engine/Plugins/Experimental/ChaosCloth/ChaosCloth.uplugin" 317
"../../../Engine/Plugins/Experimental/ChaosClothAssetEditor/ChaosClothAssetEditor.uplugin" 318
"../../../Engine/Plugins/Experimental/ChaosCaching/ChaosCaching.uplugin" 319
"../../../Engine/Plugins/Experimental/ChaosClothEditor/ChaosClothEditor.uplugin" 320
"../../../Engine/Plugins/Experimental/ChaosFlesh/ChaosFlesh.uplugin" 321
"../../../Engine/Plugins/Experimental/ChaosSolverPlugin/ChaosSolverPlugin.uplugin" 322
"../../../Engine/Plugins/Experimental/ChaosNiagara/ChaosNiagara.uplugin" 323
"../../../Engine/Plugins/Experimental/Chooser/Chooser.uplugin" 324
"../../../Engine/Plugins/Experimental/ChaosClothAsset/ChaosClothAsset.uplugin" 325
"../../../Engine/Plugins/Experimental/ChaosVehiclesPlugin/ChaosVehiclesPlugin.uplugin" 326
"../../../Engine/Plugins/Experimental/CharacterAI/CharacterAI.uplugin" 327
"../../../Engine/Plugins/Experimental/ChaosEditor/ChaosEditor.uplugin" 328
"../../../Engine/Plugins/Experimental/ChaosUserDataPT/ChaosUserDataPT.uplugin" 329
"../../../Engine/Plugins/Experimental/CineCameraRigs/CineCameraRigs.uplugin" 330
"../../../Engine/Plugins/Experimental/ColorCorrectRegions/ColorCorrectRegions.uplugin" 331
"../../../Engine/Plugins/Experimental/CodeView/CodeView.uplugin" 332
"../../../Engine/Plugins/Experimental/CommonUI/CommonUI.uplugin" 333
"../../../Engine/Plugins/Experimental/CommonConversation/CommonConversation.uplugin" 334
"../../../Engine/Plugins/Experimental/CodeEditor/CodeEditor.uplugin" 335
"../../../Engine/Plugins/Experimental/CinematicPrestreaming/CinematicPrestreaming.uplugin" 336
"../../../Engine/Plugins/Experimental/ControlFlows/ControlFlows.uplugin" 337
"../../../Engine/Plugins/Experimental/AppleVision/AppleVision.uplugin" 338
"../../../Engine/Plugins/Experimental/DefaultInstallBundleManager/DefaultInstallBundleManager.uplugin" 339
"../../../Engine/Plugins/Runtime/Soundscape/Soundscape.uplugin" 340
"../../../Engine/Plugins/Experimental/FieldSystemPlugin/FieldSystemPlugin.uplugin" 341
"../../../Engine/Plugins/Experimental/Fracture/Fracture.uplugin" 342
"../../../Engine/Plugins/Experimental/FullBodyIK/FullBodyIK.uplugin" 343
"../../../Engine/Plugins/Experimental/Dataflow/Dataflow.uplugin" 344
"../../../Engine/Plugins/Experimental/GameplayBehaviors/GameplayBehaviors.uplugin" 345
"../../../Engine/Plugins/Experimental/GameFeatures/GameFeatures.uplugin" 346
"../../../Engine/Plugins/Experimental/AssetPlacementEdMode/AssetPlacementEdMode.uplugin" 347
"../../../Engine/Plugins/Experimental/Gauntlet/Gauntlet.uplugin" 348
"../../../Engine/Plugins/Runtime/InputDebugging/InputDebugging.uplugin" 349
"../../../Engine/Plugins/Experimental/GeometryCacheAbcFile/GeometryCacheAbcFile.uplugin" 350
"../../../Engine/Plugins/Experimental/GameplayTargetingSystem/TargetingSystem.uplugin" 351
"../../../Engine/Plugins/Experimental/GeometryFlow/GeometryFlow.uplugin" 352
"../../../Engine/Plugins/Runtime/OpenCV/OpenCV.uplugin" 353
"../../../Engine/Plugins/Runtime/MIDIDevice/MIDIDevice.uplugin" 354
"../../../Engine/Plugins/Experimental/GeometryScripting/GeometryScripting.uplugin" 355
"../../../Engine/Plugins/Experimental/GPULightmass/GPULightmass.uplugin" 356
"../../../Engine/Plugins/Experimental/ImpostorBaker/ImpostorBaker.uplugin" 357
"../../../Engine/Plugins/Experimental/Iris/Iris.uplugin" 358
"../../../Engine/Plugins/Experimental/GizmoEdMode/GizmoEdMode.uplugin" 359
"../../../Engine/Plugins/Experimental/Landmass/Landmass.uplugin" 360
"../../../Engine/Plugins/Experimental/GeometryCollectionPlugin/GeometryCollectionPlugin.uplugin" 361
"../../../Engine/Plugins/Experimental/GizmoFramework/GizmoFramework.uplugin" 362
"../../../Engine/Plugins/Experimental/LandscapePatch/LandscapePatch.uplugin" 363
"../../../Engine/Plugins/Experimental/JWT/JWT.uplugin" 364
"../../../Engine/Plugins/Experimental/ImagePlate/ImagePlate.uplugin" 365
"../../../Engine/Plugins/Experimental/MeshLODToolset/MeshLODToolset.uplugin" 366
"../../../Engine/Plugins/Experimental/MeshModelingToolsetExp/MeshModelingToolsetExp.uplugin" 367
"../../../Engine/Plugins/Experimental/MotorSimOutputMotoSynth/MotorSimOutputMotoSynth.uplugin" 368
"../../../Engine/Plugins/Runtime/OpenXRHandTracking/OpenXRHandTracking.uplugin" 369
"../../../Engine/Plugins/Experimental/NaniteDisplacedMesh/NaniteDisplacedMesh.uplugin" 370
"../../../Engine/Plugins/Experimental/LiveLinkControlRig/LiveLinkControlRig.uplugin" 371
"../../../Engine/Plugins/Experimental/Mutable/Mutable.uplugin" 372
"../../../Engine/Plugins/Experimental/ModularGameplay/ModularGameplay.uplugin" 373
"../../../Engine/Plugins/Experimental/NNI/NeuralNetworkInference.uplugin" 374
"../../../Engine/Plugins/Experimental/MotoSynth/MotoSynth.uplugin" 375
"../../../Engine/Plugins/Enterprise/DatasmithIFCImporter/DatasmithIFCImporter.uplugin" 376
"../../../Engine/Plugins/Experimental/PanoramicCapture/PanoramicCapture.uplugin" 377
"../../../Engine/Plugins/Experimental/PCG/PCG.uplugin" 378
"../../../Engine/Plugins/Experimental/PhysicsControl/PhysicsControl.uplugin" 379
"../../../Engine/Plugins/Experimental/NNE/NNE.uplugin" 380
"../../../Engine/Plugins/Experimental/PCGGeometryScriptInterop/PCGGeometryScriptInterop.uplugin" 381
"../../../Engine/Plugins/Experimental/PlanarCutPlugin/PlanarCut.uplugin" 382
"../../../Engine/Plugins/Experimental/OptiXDenoise/OptiXDenoise.uplugin" 383
"../../../Engine/Plugins/Experimental/PythonFoundationPackages/PythonFoundationPackages.uplugin" 384
"../../../Engine/Plugins/Experimental/PlatformCrypto/PlatformCrypto.uplugin" 385
"../../../Engine/Plugins/Experimental/PixelStreamingPlayer/PixelStreamingPlayer.uplugin" 386
"../../../Engine/Plugins/Experimental/OpenImageDenoise/OpenImageDenoise.uplugin" 387
"../../../Engine/Plugins/Experimental/ProxyLODPlugin/ProxyLODPlugin.uplugin" 388
"../../../Engine/Plugins/Experimental/PythonScriptPlugin/PythonScriptPlugin.uplugin" 389
"../../../Engine/Plugins/Experimental/RenderGrid/RenderGrid.uplugin" 390
"../../../Engine/Plugins/Experimental/RawInput/RawInput.uplugin" 391
"../../../Engine/Plugins/Experimental/SampleToolsEditorMode/SampleToolsEditorMode.uplugin" 392
"../../../Engine/Plugins/Experimental/ScriptableToolsFramework/ScriptableToolsFramework.uplugin" 393
"../../../Engine/Plugins/Experimental/ScreenReader/ScreenReader.uplugin" 394
"../../../Engine/Plugins/Experimental/Shotgrid/Shotgrid.uplugin" 395
"../../../Engine/Plugins/Experimental/RemoteSession/RemoteSession.uplugin" 396
"../../../Engine/Plugins/Experimental/SimpleHMD/SimpleHMD.uplugin" 397
"../../../Engine/Plugins/Experimental/SlateScreenReader/SlateScreenReader.uplugin" 398
"../../../Engine/Plugins/Experimental/StaticMeshEditorModeling/StaticMeshEditorModeling.uplugin" 399
"../../../Engine/Plugins/Experimental/ScriptableToolsEditorMode/ScriptableToolsEditorMode.uplugin" 400
"../../../Engine/Plugins/Experimental/TetMeshing/TetMeshing.uplugin" 401
"../../../Engine/Plugins/Experimental/SkeletalReduction/SkeletalReduction.uplugin" 402
"../../../Engine/Plugins/Experimental/HairModelingToolset/HairModelingToolset.uplugin" 403
"../../../Engine/Plugins/Online/WebAuth/WebAuth.uplugin" 404
"../../../Engine/Plugins/Experimental/StructUtils/StructUtils.uplugin" 405
"../../../Engine/Plugins/Tests/EditorTests/EditorTests.uplugin" 406
"../../../Engine/Plugins/Experimental/ToolPresets/ToolPresets.uplugin" 407
"../../../Engine/Plugins/Tests/AutomationDriverTests/AutomationDriverTests.uplugin" 408
"../../../Engine/Plugins/Tests/PythonAutomationTest/PythonAutomationTest.uplugin" 409
"../../../Engine/Plugins/Experimental/LiveLinkFaceImporter/LiveLinkFaceImporter.uplugin" 410
"../../../Engine/Plugins/Tests/FunctionalTestingEditor/FunctionalTestingEditor.uplugin" 411
"../../../Engine/Plugins/Experimental/UserToolBoxBasicCommand/UserToolBoxBasicCommand.uplugin" 412
"../../../Engine/Plugins/Tests/FbxAutomationTestBuilder/FbxAutomationTestBuilder.uplugin" 413
"../../../Engine/Plugins/Tests/InterchangeTests/InterchangeTests.uplugin" 414
"../../../Engine/Plugins/Tests/RHITests/RHITests.uplugin" 415
"../../../Engine/Plugins/FX/CascadeToNiagaraConverter/CascadeToNiagaraConverter.uplugin" 416
"../../../Engine/Plugins/Tests/TestSamples/TestSamples.uplugin" 417
"../../../Engine/Plugins/FX/ExampleCustomDataInterface/ExampleCustomDataInterface.uplugin" 418
"../../../Engine/Plugins/Experimental/VirtualCamera/VirtualCamera.uplugin" 419
"../../../Engine/Plugins/Experimental/VirtualHeightfieldMesh/VirtualHeightfieldMesh.uplugin" 420
"../../../Engine/Plugins/Experimental/UIFramework/UIFramework.uplugin" 421
"../../../Engine/Plugins/Experimental/UVEditor/UVEditor.uplugin" 422
"../../../Engine/Plugins/Editor/MakeCookedEditorAsDLC/MakeCookedEditorAsDLC.uplugin" 423
"../../../Engine/Plugins/FX/NiagaraFluids/NiagaraFluids.uplugin" 424
"../../../Engine/Plugins/Experimental/XRCreativeFramework/XRCreativeFramework.uplugin" 425
"../../../Engine/Plugins/Experimental/VirtualProductionUtilities/VirtualProductionUtilities.uplugin" 426
"../../../Engine/Plugins/Experimental/WidgetEditorToolPalette/WidgetEditorToolPalette.uplugin" 427
"../../../Engine/Plugins/FX/Niagara/Niagara.uplugin" 428
"../../../Engine/Plugins/Experimental/TextureMediaPlayer/TextureMediaPlayer.uplugin" 429
"../../../Engine/Plugins/Experimental/VirtualCameraCore/VirtualCameraCore.uplugin" 430
"../../../Engine/Plugins/Experimental/Volumetrics/Volumetrics.uplugin" 431
"../../../Engine/Plugins/Experimental/VirtualScouting/VirtualScouting.uplugin" 432
"../../../Engine/Plugins/Experimental/Water/Water.uplugin" 433
"../../../Engine/Plugins/Experimental/WaterExtras/WaterExtras.uplugin" 434
"../../../Engine/Plugins/Editor/ObjectMixer/LightMixer/LightMixer.uplugin" 435
"../../../Engine/Plugins/Experimental/TypedElementsDataStorage/TypedElementsDataStorage.uplugin" 436
"../../../Engine/Plugins/FX/NiagaraSimCaching/NiagaraSimCaching.uplugin" 437
"../../../Engine/Plugins/Experimental/WebSocketNetworking/WebSocketNetworking.uplugin" 438
"../../../Engine/Plugins/Experimental/TextToSpeech/TextToSpeech.uplugin" 439
"../../../Engine/Plugins/Experimental/Enterprise/DatasmithRuntime/DatasmithRuntime.uplugin" 440
"../../../Engine/Plugins/Tests/RuntimeTests/RuntimeTests.uplugin" 441
"../../../Engine/Plugins/Editor/ObjectMixer/ObjectMixer/ObjectMixer.uplugin" 442
"../../../Engine/Plugins/Experimental/Text3D/Text3D.uplugin" 443
"../../../Engine/Plugins/Animation/MLDeformer/NeuralMorphModel/NeuralMorphModel.uplugin" 444
"../../../Engine/Plugins/Experimental/UserToolBoxCore/UserToolBoxCore.uplugin" 445
"../../../Engine/Plugins/Online/VoiceChat/EOSVoiceChat/EOSVoiceChat.uplugin" 446
"../../../Engine/Plugins/Online/VoiceChat/VoiceChat/VoiceChat.uplugin" 447
"../../../Engine/Plugins/Animation/MLDeformer/NearestNeighborModel/NearestNeighborModel.uplugin" 448
"../../../Engine/Plugins/Animation/MLDeformer/VertexDeltaModel/VertexDeltaModel.uplugin" 449
"../../../Engine/Plugins/Runtime/Steam/SteamAudio/SteamAudio.uplugin" 450
"../../../Engine/Plugins/Runtime/Steam/SteamVR/SteamVR.uplugin" 451
"../../../Engine/Plugins/2D/Paper2D/Paper2D.uplugin" 452
"../../../Engine/Plugins/Runtime/XR/XRVisualization/XRVisualization.uplugin" 453
"../../../Engine/Plugins/Animation/MLDeformer/MLDeformerFramework/MLDeformerFramework.uplugin" 454
"../../../Engine/Plugins/Experimental/Enterprise/DataprepGeometryOperations/DataprepGeometryOperations.uplugin" 455
"../../../Engine/Plugins/Runtime/Steam/SteamShared/SteamShared.uplugin" 456
"../../../Engine/Plugins/Runtime/Steam/SteamController/SteamController.uplugin" 457
"../../../Engine/Plugins/Experimental/Enterprise/DatasmithInterchange/DatasmithInterchange.uplugin" 458
"../../../Engine/Plugins/Runtime/Steam/SteamSockets/SteamSockets.uplugin" 459
"../../../Engine/Plugins/Runtime/AR/ARUtilities/ARUtilities.uplugin" 460
"../../../Engine/Plugins/Runtime/AR/AzureSpatialAnchorsForARCore/AzureSpatialAnchorsForARCore.uplugin" 461
"../../../Engine/Plugins/Experimental/AR/PointCloud/PointCloud.uplugin" 462
"../../../Engine/Plugins/Runtime/AR/AzureSpatialAnchorsForARKit/AzureSpatialAnchorsForARKit.uplugin" 463
"../../../Engine/Plugins/Experimental/AVCodecs/AVCodecsCore/AVCodecsCore.uplugin" 464
"../../../Engine/Plugins/Experimental/AVCodecs/AMFCodecs/AMFCodecs.uplugin" 465
"../../../Engine/Plugins/Experimental/AVCodecs/WMFCodecs/WMFCodecs.uplugin" 466
"../../../Engine/Plugins/Runtime/Nvidia/Reflex/Reflex.uplugin" 467
"../../../Engine/Plugins/Runtime/Nvidia/GeForceNOWWrapper/GeForceNOWWrapper.uplugin" 468
"../../../Engine/Plugins/Experimental/Web/WebAPI/WebAPI.uplugin" 469
"../../../Engine/Plugins/VirtualProduction/Rivermax/RivermaxCore/RivermaxCore.uplugin" 470
"../../../Engine/Plugins/Runtime/AR/AzureSpatialAnchors/AzureSpatialAnchors.uplugin" 471
"../../../Engine/Plugins/Experimental/Animation/ContextualAnimation/ContextualAnimation.uplugin" 472
"../../../Engine/Plugins/Developer/Concert/ConcertMain/ConcertMain.uplugin" 473
"../../../Engine/Plugins/VirtualProduction/DMX/DatasmithMVR/DatasmithMVR.uplugin" 474
"../../../Engine/Plugins/Experimental/Animation/CurveExpression/CurveExpression.uplugin" 475
"../../../Engine/Plugins/Experimental/Animation/PoseCorrectives/PoseCorrectives.uplugin" 476
"../../../Engine/Plugins/VirtualProduction/Rivermax/RivermaxMedia/RivermaxMedia.uplugin" 477
"../../../Engine/Plugins/VirtualProduction/DMX/DMXFixtures/DMXFixtures.uplugin" 478
"../../../Engine/Plugins/Experimental/Animation/MotionTrajectory/MotionTrajectory.uplugin" 479
"../../../Engine/Plugins/Experimental/Animation/SkeletalMeshModelingTools/SkeletalMeshModelingTools.uplugin" 480
"../../../Engine/Plugins/Runtime/Advertising/IOSTapJoy/IOSTapJoy.uplugin" 481
"../../../Engine/Plugins/VirtualProduction/DMX/DMXModularFeatures/DMXModularFeatures.uplugin" 482
"../../../Engine/Plugins/Runtime/PacketHandlers/DTLSHandlerComponent/DTLSHandlerComponent.uplugin" 483
"../../../Engine/Plugins/Runtime/PacketHandlers/AESGCMHandlerComponent/AESGCMHandlerComponent.uplugin" 484
"../../../Engine/Plugins/Experimental/Animation/PoseSearch/PoseSearch.uplugin" 485
"../../../Engine/Plugins/Runtime/PacketHandlers/AESHandlerComponent/AESHandlerComponent.uplugin" 486
"../../../Engine/Plugins/Online/IOS/OnlineSubsystemIOS/OnlineSubsystemIOS.uplugin" 487
"../../../Engine/Plugins/Runtime/Windows/WinDualShock/WinDualShock.uplugin" 488
"../../../Engine/Plugins/Runtime/Analytics/Adjust/Adjust.uplugin" 489
"../../../Engine/Plugins/Runtime/MeshReconstruction/DummyMeshReconstructor/DummyMeshReconstructor.uplugin" 490
"../../../Engine/Plugins/VirtualProduction/DMX/DMXControlConsole/DMXControlConsole.uplugin" 491
"../../../Engine/Plugins/Runtime/Database/DatabaseSupport/DatabaseSupport.uplugin" 492
"../../../Engine/Plugins/VirtualProduction/DMX/DMXPixelMapping/DMXPixelMapping.uplugin" 493
"../../../Engine/Plugins/Online/Android/AndroidFetchBackgroundDownload/AndroidFetchBackgroundDownload.uplugin" 494
"../../../Engine/Plugins/VirtualProduction/DMX/DMXDisplayCluster/DMXDisplayCluster.uplugin" 495
"../../../Engine/Plugins/Experimental/Animation/Optimus/Optimus.uplugin" 496
"../../../Engine/Plugins/Online/Android/OnlineSubsystemGooglePlay/OnlineSubsystemGooglePlay.uplugin" 497
"../../../Engine/Plugins/Runtime/Database/RemoteDatabaseSupport/RemoteDatabaseSupport.uplugin" 498
"../../../Engine/Plugins/Experimental/VirtualProduction/LedWallCalibration/LedWallCalibration.uplugin" 499
"../../../Engine/Plugins/Experimental/VirtualProduction/VPRoles/VPRoles.uplugin" 500
"../../../Engine/Plugins/Experimental/WaveFunctionCollapse/WaveFunctionCollapse.uplugin" 501
"../../../Engine/Plugins/Experimental/CharacterFXEditor/BaseCharacterFXEditor/BaseCharacterFXEditor.uplugin" 502
"../../../Engine/Plugins/Editor/ContentBrowser/ContentBrowserClassDataSource/ContentBrowserClassDataSource.uplugin" 503
"../../../Engine/Plugins/Editor/ContentBrowser/ContentBrowserAliasDataSoure/ContentBrowserAliasDataSource.uplugin" 504
"../../../Engine/Plugins/VirtualProduction/DMX/DMXProtocol/DMXProtocol.uplugin" 505
"../../../Engine/Plugins/VirtualProduction/DMX/DMXEngine/DMXEngine.uplugin" 506
"../../../Engine/Plugins/Runtime/Database/SQLiteSupport/SQLiteSupport.uplugin" 507
"../../../Engine/Plugins/Runtime/AR/AppleAR/AppleARKitFaceSupport/AppleARKitFaceSupport.uplugin" 508
"../../../Engine/Plugins/Runtime/AR/AppleAR/AppleARKit/AppleARKit.uplugin" 509
"../../../Engine/Plugins/Runtime/Analytics/AnalyticsMulticast/AnalyticsMulticast.uplugin" 510
"../../../Engine/Plugins/Runtime/AR/Google/GoogleARCore/GoogleARCore.uplugin" 511
"../../../Engine/Plugins/Runtime/AR/Google/GoogleARCoreServices/GoogleARCoreServices.uplugin" 512
"../../../Engine/Plugins/Runtime/Database/SQLiteCore/SQLiteCore.uplugin" 513
"../../../Engine/Plugins/Runtime/Analytics/FileLogging/FileLogging.uplugin" 514
"../../../Engine/Plugins/Runtime/Oculus/OculusAudio/OculusAudio.uplugin" 515
"../../../Engine/Plugins/Developer/Concert/ConcertApp/MultiUserServer/MultiUserServer.uplugin" 516
"../../../Engine/Plugins/Developer/Concert/ConcertUI/ConcertSharedSlate/ConcertSharedSlate.uplugin" 517
"../../../Engine/Plugins/Developer/Concert/ConcertApp/DisasterRecoveryClient/DisasterRecoveryClient.uplugin" 518
"../../../Engine/Plugins/Developer/Concert/ConcertSync/ConcertSyncCore/ConcertSyncCore.uplugin" 519
"../../../Engine/Plugins/Developer/Concert/ConcertUI/ConcertClientSharedSlate/ConcertClientSharedSlate.uplugin" 520
"../../../Engine/Plugins/Developer/Concert/ConcertSync/ConcertSyncServer/ConcertSyncServer.uplugin" 521
"../../../Engine/Plugins/Runtime/Analytics/AnalyticsBlueprintLibrary/AnalyticsBlueprintLibrary.uplugin" 522
"../../../Engine/Plugins/Developer/Concert/ConcertSync/ConcertSyncTest/ConcertSyncTest.uplugin" 523
"../../../Engine/Plugins/Experimental/AVCodecs/NVCodecs/NVCodecs.uplugin" 524
"../../../Engine/Plugins/Developer/Concert/ConcertApp/MultiUserClient/MultiUserClient.uplugin" 525
"../../../Engine/Plugins/Experimental/VirtualProduction/VPSettings/VPSettings.uplugin" 526
"../../../Engine/Plugins/Developer/Concert/ConcertSync/ConcertSyncClient/ConcertSyncClient.uplugin" 527
"../../../Engine/Plugins/Experimental/CharacterFXEditor/ExampleCharacterFXEditor/ExampleCharacterFXEditor.uplugin" 528
"../../../Engine/Plugins/Editor/ContentBrowser/ContentBrowserAssetDataSource/ContentBrowserAssetDataSource.uplugin" 529
"../../../Engine/Plugins/Runtime/Analytics/Flurry/Flurry.uplugin" 530
"../../../Engine/Plugins/Editor/ContentBrowser/ContentBrowserFileDataSource/ContentBrowserFileDataSource.uplugin" 531
"../../../Engine/Plugins/Runtime/Database/ADOSupport/ADOSupport.uplugin" 532
"../../../Engine/Plugins/Runtime/Oculus/OculusVR/OculusVR.uplugin" 533
"../../../Engine/Platforms/HoloLens/Plugins/Online/OnlineServicesEOS/OnlineServicesEOS_HoloLens.uplugin" 534
"../../../Engine/Platforms/HoloLens/Plugins/Online/OnlineServicesEOSGS/OnlineServicesEOSGS_HoloLens.uplugin" 535
"../../../Engine/Platforms/HoloLens/Plugins/Runtime/GeoReferencing/GeoReferencing_HoloLens.uplugin" 536
"../../../Engine/Platforms/HoloLens/Plugins/Runtime/OpenXRHandTracking/OpenXRHandTracking_HoloLens.uplugin" 537
"../../../Engine/Platforms/HoloLens/Plugins/Runtime/OpenXREyeTracker/OpenXREyeTracker_HoloLens.uplugin" 538
"../../../Engine/Platforms/HoloLens/Plugins/Media/MfMedia/MfMedia_HoloLens.uplugin" 539
"../../../Engine/Platforms/HoloLens/Plugins/Runtime/OpenXR/OpenXR_HoloLens.uplugin" 540
"../../../Engine/Platforms/HoloLens/Plugins/Runtime/ApexDestruction/ApexDestruction_HoloLens.uplugin" 541
"../../../Engine/Platforms/HoloLens/Plugins/Compression/OodleNetwork/OodleNetwork_HoloLens.uplugin" 542
"../../../Engine/Platforms/HoloLens/Plugins/Media/HLMedia/HLMedia_HoloLens.uplugin" 543
"../../../Engine/Platforms/HoloLens/Plugins/Media/BinkMedia/BinkMedia_HoloLens.uplugin" 544
"../../../Engine/Platforms/HoloLens/Plugins/Runtime/MicrosoftSpatialAudio/MicroSoftSpatialSound_HoloLens.uplugin" 545
"../../../Engine/Platforms/HoloLens/Plugins/Runtime/AR/AzureSpatialAnchors/AzureSpatialAnchors_HoloLens.uplugin" 546
"../../../Engine/Platforms/HoloLens/Plugins/Runtime/OpenXRMsftHandInteraction/OpenXRMsftHandInteraction_HoloLens.uplugin" 547
"../../../Engine/Content/Internationalization/icudt64l/cnvalias.icu" 548
"../../../Engine/Content/Internationalization/icudt64l/res_index.res" 549
"../../../Engine/Content/Internationalization/icudt64l/plurals.res" 550
"../../../Engine/Content/Internationalization/icudt64l/lang/pl.res" 551
"../../../Engine/Content/Internationalization/icudt64l/lang/pool.res" 552
"../../../Engine/Content/Internationalization/icudt64l/lang/root.res" 553
"../../../Engine/Content/Internationalization/icudt64l/region/pl.res" 554
"../../../Engine/Content/Internationalization/icudt64l/region/pool.res" 555
"../../../Engine/Content/Internationalization/icudt64l/region/root.res" 556
"../../../Engine/Content/Internationalization/icudt64l/lang/en.res" 557
"../../../Engine/Content/Internationalization/icudt64l/region/en.res" 558
"../../../Engine/Content/Internationalization/icudt64l/windowsZones.res" 559
"../../../Engine/Content/Internationalization/icudt64l/zoneinfo64.res" 560
"../../../Engine/Content/Internationalization/icudt64l/keyTypeData.res" 561
"../../../Engine/Content/Internationalization/icudt64l/timezoneTypes.res" 562
"../../../Engine/Content/Internationalization/icudt64l/likelySubtags.res" 563
"../../../Engine/Content/Internationalization/icudt64l/pl_PL.res" 564
"../../../Engine/Content/Internationalization/icudt64l/pool.res" 565
"../../../Engine/Content/Internationalization/icudt64l/pl.res" 566
"../../../Engine/Content/Internationalization/icudt64l/root.res" 567
"../../../Engine/Content/Internationalization/icudt64l/supplementalData.res" 568
"../../../Engine/Config/ConfigRedirects.ini" 569
"C:/Users/andrz/AppData/Local/UnrealEngine/5.2/Saved/Config/WindowsEditor/Manifest.ini" 570
"../../../Engine/Config/Base.ini" 571
"../../../Engine/Config/BaseEngine.ini" 572
"../../../Engine/Config/Mac/BaseMacEngine.ini" 573
"../../../Engine/Config/Android/BaseAndroidEngine.ini" 574
"../../../Engine/Config/IOS/BaseIOSEngine.ini" 575
"../../../Engine/Platforms/HoloLens/Config/BaseHoloLensEngine.ini" 576
"../../../Engine/Config/Windows/BaseWindowsEngine.ini" 577
"F:/DANE/Project_2024/Config/DefaultEngine.ini" 578
"../../../Engine/Config/Mac/MacEngine.ini" 579
"../../../Engine/Config/IOS/IOSEngine.ini" 580
"../../../Engine/Config/Android/AndroidEngine.ini" 581
"../../../Engine/Config/Windows/WindowsEngine.ini" 582
"../../../Engine/Config/TVOS/TVOSEngine.ini" 583
"../../../Engine/Config/HoloLens/HoloLensEngine.ini" 584
"../../../Engine/Config/Linux/BaseLinuxEngine.ini" 585
"F:/DANE/Project_2024/Platforms/HoloLens/Config/HoloLensEngine.ini" 586
"F:/DANE/Project_2024/Saved/Config/WindowsEditor/Engine.ini" 587
"../../../Engine/Config/LinuxArm64/BaseLinuxArm64Engine.ini" 588
"../../../Engine/Config/BaseGame.ini" 589
"../../../Engine/Config/Unix/UnixEngine.ini" 590
"../../../Engine/Config/Linux/LinuxEngine.ini" 591
"../../../Engine/Config/Android/BaseAndroidGame.ini" 592
"../../../Engine/Config/IOS/BaseIOSGame.ini" 593
"F:/DANE/Project_2024/Config/DefaultGame.ini" 594
"../../../Engine/Config/Mac/MacGame.ini" 595
"../../../Engine/Config/LinuxArm64/LinuxArm64Engine.ini" 596
"../../../Engine/Config/HoloLens/HoloLensGame.ini" 597
"../../../Engine/Config/IOS/IOSGame.ini" 598
"../../../Engine/Config/BaseInput.ini" 599
"../../../Engine/Config/Windows/WindowsGame.ini" 600
"F:/DANE/Project_2024/Config/DefaultInput.ini" 601
"F:/DANE/Project_2024/Saved/Config/WindowsEditor/Game.ini" 602
"../../../Engine/Config/BaseDeviceProfiles.ini" 603
"../../../Engine/Config/Linux/LinuxGame.ini" 604
"../../../Engine/Config/Windows/WindowsInput.ini" 605
"../../../Engine/Config/BaseGameUserSettings.ini" 606
"F:/DANE/Project_2024/Saved/Config/WindowsEditor/Input.ini" 607
"../../../Engine/Config/BaseScalability.ini" 608
"../../../Engine/Config/IOS/IOSScalability.ini" 609
"../../../Engine/Config/BaseRuntimeOptions.ini" 610
"../../../Engine/Config/Android/AndroidScalability.ini" 611
"../../../Engine/Config/BaseInstallBundle.ini" 612
"F:/DANE/Project_2024/Saved/Config/WindowsEditor/DeviceProfiles.ini" 613
"../../../Engine/Config/BaseHardware.ini" 614
"../../../Engine/Config/Android/BaseAndroidInstallBundle.ini" 615
"F:/DANE/Project_2024/Saved/Config/WindowsEditor/GameUserSettings.ini" 616
"F:/DANE/Project_2024/Saved/Config/WindowsEditor/Scalability.ini" 617
"F:/DANE/Project_2024/Saved/Config/WindowsEditor/RuntimeOptions.ini" 618
"F:/DANE/Project_2024/Saved/Config/WindowsEditor/InstallBundle.ini" 619
"F:/DANE/Project_2024/Saved/Config/WindowsEditor/Hardware.ini" 620
"../../../Engine/Config/BaseCompat.ini" 621
"F:/DANE/Project_2024/Saved/Config/WindowsEditor/Compat.ini" 622
"../../../Engine/Config/BaseLightmass.ini" 623
"F:/DANE/Project_2024/Saved/Config/WindowsEditor/Lightmass.ini" 624
"../../../Engine/Config/BaseEditor.ini" 625
"F:/DANE/Project_2024/Config/DefaultEditor.ini" 626
"F:/DANE/Project_2024/Saved/Config/WindowsEditor/Editor.ini" 627
"../../../Engine/Config/BaseEditorPerProjectUserSettings.ini" 628
"F:/DANE/Project_2024/Config/DefaultEditorPerProjectUserSettings.ini" 629
"../../../Engine/Config/Windows/WindowsEditorPerProjectUserSettings.ini" 630
"F:/DANE/Project_2024/Saved/Config/WindowsEditor/EditorPerProjectUserSettings.ini" 631
"../../../Engine/Config/BaseEditorSettings.ini" 632
"C:/Users/andrz/AppData/Local/UnrealEngine/5.2/Saved/Config/WindowsEditor/EditorSettings.ini" 633
"../../../Engine/Config/BaseEditorKeyBindings.ini" 634
"C:/Users/andrz/AppData/Local/UnrealEngine/5.2/Saved/Config/WindowsEditor/EditorKeyBindings.ini" 635
"C:/Users/andrz/AppData/Local/UnrealEngine/5.2/Saved/Config/WindowsEditor/EditorLayout.ini" 636
"../../../Engine/Binaries/Win64/BootstrapPackagedGame-Win64-Shipping.target" 637
"../../../Engine/Binaries/Win64/BuildPatchTool-Win64-Shipping.target" 638
"../../../Engine/Binaries/Win64/CrashReportClient-Win64-Shipping.target" 639
"../../../Engine/Binaries/Win64/CrashReportClientEditor-Win64-Shipping.target" 640
"../../../Engine/Binaries/Win64/DatasmithCADWorker.target" 641
"../../../Engine/Binaries/Win64/EpicWebHelper-Win64-Shipping.target" 642
"../../../Engine/Binaries/Win64/InterchangeWorker.target" 643
"../../../Engine/Binaries/Win64/LiveCodingConsole.target" 644
"../../../Engine/Binaries/Win64/ShaderCompileWorker.target" 645
"../../../Engine/Binaries/Win64/SwitchboardListener.target" 646
"../../../Engine/Binaries/Win64/SwitchboardListenerHelper.target" 647
"../../../Engine/Binaries/Win64/UnrealEditor-Win64-DebugGame.target" 648
"../../../Engine/Binaries/Win64/UnrealEditor.target" 649
"../../../Engine/Plugins/Bridge/Config/BaseBridge.ini" 650
"F:/DANE/Project_2024/Saved/Config/WindowsEditor/Bridge.ini" 651
"../../../Engine/Plugins/EnhancedInput/Config/BaseEnhancedInput.ini" 652
"F:/DANE/Project_2024/Saved/Config/WindowsEditor/EnhancedInput.ini" 653
"../../../Engine/Plugins/EnhancedInput/Config/Input.ini" 654
"../../../Engine/Plugins/TraceUtilities/Config/BaseTraceUtilities.ini" 655
"F:/DANE/Project_2024/Saved/Config/WindowsEditor/TraceUtilities.ini" 656
"../../../Engine/Plugins/Interchange/Runtime/Config/BaseInterchange.ini" 657
"F:/DANE/Project_2024/Saved/Config/WindowsEditor/Interchange.ini" 658
"../../../Engine/Plugins/Animation/ControlRig/Config/BaseControlRig.ini" 659
"F:/DANE/Project_2024/Saved/Config/WindowsEditor/ControlRig.ini" 660
"../../../Engine/Plugins/Animation/IKRig/Config/BaseIKRig.ini" 661
"F:/DANE/Project_2024/Saved/Config/WindowsEditor/IKRig.ini" 662
"../../../Engine/Plugins/Developer/TraceDataFiltering/Config/BaseTraceDataFilters.ini" 663
"F:/DANE/Project_2024/Saved/Config/WindowsEditor/TraceDataFilters.ini" 664
"../../../Engine/Plugins/Editor/EditorScriptingUtilities/Config/BaseEditorScriptingUtilities.ini" 665
"F:/DANE/Project_2024/Saved/Config/WindowsEditor/EditorScriptingUtilities.ini" 666
"../../../Engine/Plugins/Runtime/InputDebugging/Config/Input.ini" 667
"../../../Engine/Plugins/Runtime/Metasound/Config/BaseMetasound.ini" 668
"F:/DANE/Project_2024/Saved/Config/WindowsEditor/Metasound.ini" 669
"../../../Engine/Plugins/Runtime/Synthesis/Config/BaseSynthesis.ini" 670
"F:/DANE/Project_2024/Saved/Config/WindowsEditor/Synthesis.ini" 671
"../../../Engine/Plugins/Enterprise/DatasmithContent/Config/BaseDatasmithContent.ini" 672
"F:/DANE/Project_2024/Saved/Config/WindowsEditor/DatasmithContent.ini" 673
"../../../Engine/Plugins/Enterprise/VariantManagerContent/Config/BaseVariantManagerContent.ini" 674
"F:/DANE/Project_2024/Saved/Config/WindowsEditor/VariantManagerContent.ini" 675
"../../../Engine/Plugins/Enterprise/GLTFExporter/Config/BaseGLTFExporter.ini" 676
"../../../Engine/Plugins/Enterprise/GLTFExporter/Config/DefaultGLTFExporter.ini" 677
"F:/DANE/Project_2024/Saved/Config/WindowsEditor/GLTFExporter.ini" 678
"../../../Engine/Plugins/Experimental/FullBodyIK/Config/BaseFullBodyIK.ini" 679
"F:/DANE/Project_2024/Saved/Config/WindowsEditor/FullBodyIK.ini" 680
"../../../Engine/Plugins/2D/Paper2D/Config/BasePaper2D.ini" 681
"F:/DANE/Project_2024/Saved/Config/WindowsEditor/Paper2D.ini" 682
"../../../Engine/Plugins/FX/Niagara/Config/BaseNiagara.ini" 683
"F:/DANE/Project_2024/Saved/Config/WindowsEditor/Niagara.ini" 684
"../../../Engine/Plugins/Editor/ModelingToolsEditorMode/Binaries/Win64/UnrealEditor.modules" 685
"../../../Engine/Plugins/Runtime/MeshModelingToolset/Binaries/Win64/UnrealEditor.modules" 686
"../../../Engine/Plugins/Experimental/MeshModelingToolsetExp/Binaries/Win64/UnrealEditor.modules" 687
"../../../Engine/Plugins/Experimental/MeshLODToolset/Binaries/Win64/UnrealEditor.modules" 688
"../../../Engine/Plugins/Editor/StylusInput/Binaries/Win64/UnrealEditor.modules" 689
"../../../Engine/Plugins/Experimental/ToolPresets/Binaries/Win64/UnrealEditor.modules" 690
"../../../Engine/Plugins/Runtime/GeometryProcessing/Binaries/Win64/UnrealEditor.modules" 691
"../../../Engine/Plugins/Experimental/ProxyLODPlugin/Binaries/Win64/UnrealEditor.modules" 692
"../../../Engine/Plugins/Experimental/GeometryFlow/Binaries/Win64/UnrealEditor.modules" 693
"../../../Engine/Plugins/Editor/EditorScriptingUtilities/Binaries/Win64/UnrealEditor.modules" 694
"../../../Engine/Plugins/Bridge/Binaries/Win64/UnrealEditor.modules" 695
"../../../Engine/Plugins/FastBuildController/Binaries/Win64/UnrealEditor.modules" 696
"../../../Engine/Plugins/EnhancedInput/Binaries/Win64/UnrealEditor.modules" 697
"../../../Engine/Plugins/MeshPainting/Binaries/Win64/UnrealEditor.modules" 698
"../../../Engine/Plugins/Interchange/Editor/Binaries/Win64/UnrealEditor.modules" 699
"../../../Engine/Plugins/Interchange/Runtime/Binaries/Win64/UnrealEditor.modules" 700
"../../../Engine/Plugins/Editor/GLTFImporter/Binaries/Win64/UnrealEditor.modules" 701
"../../../Engine/Plugins/Enterprise/VariantManagerContent/Binaries/Win64/UnrealEditor.modules" 702
"../../../Engine/Plugins/Enterprise/VariantManager/Binaries/Win64/UnrealEditor.modules" 703
"../../../Engine/Plugins/XGEController/Binaries/Win64/UnrealEditor.modules" 704
"../../../Engine/Plugins/TraceUtilities/Binaries/Win64/UnrealEditor.modules" 705
"../../../Engine/Plugins/MovieScene/ActorSequence/Binaries/Win64/UnrealEditor.modules" 706
"../../../Engine/Plugins/Messaging/TcpMessaging/Binaries/Win64/UnrealEditor.modules" 707
"../../../Engine/Plugins/Messaging/UdpMessaging/Binaries/Win64/UnrealEditor.modules" 708
"../../../Engine/Plugins/Media/AvfMedia/Binaries/Win64/UnrealEditor.modules" 709
"../../../Engine/Plugins/Media/AndroidMedia/Binaries/Win64/UnrealEditor.modules" 710
"../../../Engine/Plugins/MovieScene/LevelSequenceEditor/Binaries/Win64/UnrealEditor.modules" 711
"../../../Engine/Plugins/MovieScene/SequencerScripting/Binaries/Win64/UnrealEditor.modules" 712
"../../../Engine/Plugins/Experimental/PythonScriptPlugin/Binaries/Win64/UnrealEditor.modules" 713
"../../../Engine/Plugins/Editor/ContentBrowser/ContentBrowserFileDataSource/Binaries/Win64/UnrealEditor.modules" 714
"../../../Engine/Plugins/Media/MediaCompositing/Binaries/Win64/UnrealEditor.modules" 715
"../../../Engine/Plugins/Media/ImgMedia/Binaries/Win64/UnrealEditor.modules" 716
"../../../Engine/Plugins/Media/MediaPlayerEditor/Binaries/Win64/UnrealEditor.modules" 717
"../../../Engine/Plugins/Media/MediaPlate/Binaries/Win64/UnrealEditor.modules" 718
"../../../Engine/Plugins/Media/WmfMedia/Binaries/Win64/UnrealEditor.modules" 719
"../../../Engine/Plugins/Compression/OodleNetwork/Binaries/Win64/UnrealEditor.modules" 720
"../../../Engine/Plugins/Importers/AlembicImporter/Binaries/Win64/UnrealEditor.modules" 721
"../../../Engine/Plugins/Runtime/GeometryCache/Binaries/Win64/UnrealEditor.modules" 722
"../../../Engine/Plugins/FX/Niagara/Binaries/Win64/UnrealEditor.modules" 723
"../../../Engine/Plugins/Cameras/CameraShakePreviewer/Binaries/Win64/UnrealEditor.modules" 724
"../../../Engine/Plugins/Cameras/GameplayCameras/Binaries/Win64/UnrealEditor.modules" 725
"../../../Engine/Plugins/MovieScene/TemplateSequence/Binaries/Win64/UnrealEditor.modules" 726
"../../../Engine/Plugins/Animation/AnimationData/Binaries/Win64/UnrealEditor.modules" 727
"../../../Engine/Plugins/Animation/ControlRig/Binaries/Win64/UnrealEditor.modules" 728
"../../../Engine/Plugins/Runtime/PropertyAccess/Binaries/Win64/UnrealEditor.modules" 729
"../../../Engine/Plugins/AI/AISupport/Binaries/Win64/UnrealEditor.modules" 730
"../../../Engine/Plugins/AI/EnvironmentQueryEditor/Binaries/Win64/UnrealEditor.modules" 731
"../../../Engine/Plugins/Animation/AnimationModifierLibrary/Binaries/Win64/UnrealEditor.modules" 732
"../../../Engine/Plugins/Animation/ControlRigSpline/Binaries/Win64/UnrealEditor.modules" 733
"../../../Engine/Plugins/Portal/LauncherChunkInstaller/Binaries/Win64/UnrealEditor.modules" 734
"../../../Engine/Plugins/Animation/BlendSpaceMotionAnalysis/Binaries/Win64/UnrealEditor.modules" 735
"../../../Engine/Plugins/Animation/IKRig/Binaries/Win64/UnrealEditor.modules" 736
"../../../Engine/Plugins/Experimental/FullBodyIK/Binaries/Win64/UnrealEditor.modules" 737
"../../../Engine/Plugins/Developer/CLionSourceCodeAccess/Binaries/Win64/UnrealEditor.modules" 738
"../../../Engine/Plugins/Developer/GitSourceControl/Binaries/Win64/UnrealEditor.modules" 739
"../../../Engine/Plugins/Developer/DumpGPUServices/Binaries/Win64/UnrealEditor.modules" 740
"../../../Engine/Plugins/Developer/AnimationSharing/Binaries/Win64/UnrealEditor.modules" 741
"../../../Engine/Plugins/Runtime/SignificanceManager/Binaries/Win64/UnrealEditor.modules" 742
"../../../Engine/Plugins/Editor/AssetManagerEditor/Binaries/Win64/UnrealEditor.modules" 743
"../../../Engine/Plugins/Editor/BlueprintHeaderView/Binaries/Win64/UnrealEditor.modules" 744
"../../../Engine/Plugins/Editor/ChangelistReview/Binaries/Win64/UnrealEditor.modules" 745
"../../../Engine/Plugins/Developer/PerforceSourceControl/Binaries/Win64/UnrealEditor.modules" 746
"../../../Engine/Plugins/Developer/PixWinPlugin/Binaries/Win64/UnrealEditor.modules" 747
"../../../Engine/Plugins/Developer/PluginUtils/Binaries/Win64/UnrealEditor.modules" 748
"../../../Engine/Plugins/Developer/PropertyAccessNode/Binaries/Win64/UnrealEditor.modules" 749
"../../../Engine/Plugins/Developer/TextureFormatOodle/Binaries/Win64/UnrealEditor.modules" 750
"../../../Engine/Plugins/Developer/SubversionSourceControl/Binaries/Win64/UnrealEditor.modules" 751
"../../../Engine/Plugins/Developer/TraceDataFiltering/Binaries/Win64/UnrealEditor.modules" 752
"../../../Engine/Plugins/Developer/VisualStudioSourceCodeAccess/Binaries/Win64/UnrealEditor.modules" 753
"../../../Engine/Plugins/Editor/CryptoKeys/Binaries/Win64/UnrealEditor.modules" 754
"../../../Engine/Plugins/Developer/VisualStudioCodeSourceCodeAccess/Binaries/Win64/UnrealEditor.modules" 755
"../../../Engine/Plugins/Developer/RenderDocPlugin/Binaries/Win64/UnrealEditor.modules" 756
"../../../Engine/Plugins/Developer/UObjectPlugin/Binaries/Win64/UnrealEditor.modules" 757
"../../../Engine/Plugins/Developer/PlasticSourceControl/Binaries/Win64/UnrealEditor.modules" 758
"../../../Engine/Plugins/Developer/RiderSourceCodeAccess/Binaries/Win64/UnrealEditor.modules" 759
"../../../Engine/Plugins/Editor/CurveEditorTools/Binaries/Win64/UnrealEditor.modules" 760
"../../../Engine/Plugins/Editor/DataValidation/Binaries/Win64/UnrealEditor.modules" 761
"../../../Engine/Plugins/Editor/EditorDebugTools/Binaries/Win64/UnrealEditor.modules" 762
"../../../Engine/Plugins/Editor/FacialAnimation/Binaries/Win64/UnrealEditor.modules" 763
"../../../Engine/Plugins/Editor/EngineAssetDefinitions/Binaries/Win64/UnrealEditor.modules" 764
"../../../Engine/Plugins/Editor/GameplayTagsEditor/Binaries/Win64/UnrealEditor.modules" 765
"../../../Engine/Plugins/Editor/GeometryMode/Binaries/Win64/UnrealEditor.modules" 766
"../../../Engine/Plugins/Editor/MaterialAnalyzer/Binaries/Win64/UnrealEditor.modules" 767
"../../../Engine/Plugins/Editor/MobileLauncherProfileWizard/Binaries/Win64/UnrealEditor.modules" 768
"../../../Engine/Plugins/Editor/WorldPartitionHLODUtilities/Binaries/Win64/UnrealEditor.modules" 769
"../../../Engine/Plugins/Editor/SpeedTreeImporter/Binaries/Win64/UnrealEditor.modules" 770
"../../../Engine/Plugins/Editor/PluginBrowser/Binaries/Win64/UnrealEditor.modules" 771
"../../../Engine/Plugins/Online/OnlineBase/Binaries/Win64/UnrealEditor.modules" 772
"../../../Engine/Plugins/Editor/SequencerAnimTools/Binaries/Win64/UnrealEditor.modules" 773
"../../../Engine/Plugins/Online/OnlineSubsystem/Binaries/Win64/UnrealEditor.modules" 774
"../../../Engine/Plugins/Runtime/ActorLayerUtilities/Binaries/Win64/UnrealEditor.modules" 775
"../../../Engine/Plugins/Runtime/AndroidDeviceProfileSelector/Binaries/Win64/UnrealEditor.modules" 776
"../../../Engine/Plugins/Runtime/AndroidFileServer/Binaries/Win64/UnrealEditor.modules" 777
"../../../Engine/Plugins/Online/OnlineSubsystemUtils/Binaries/Win64/UnrealEditor.modules" 778
"../../../Engine/Plugins/Online/OnlineServices/Binaries/Win64/UnrealEditor.modules" 779
"../../../Engine/Plugins/Online/OnlineSubsystemNull/Binaries/Win64/UnrealEditor.modules" 780
"../../../Engine/Plugins/Runtime/AndroidPermission/Binaries/Win64/UnrealEditor.modules" 781
"../../../Engine/Plugins/Runtime/AppleImageUtils/Binaries/Win64/UnrealEditor.modules" 782
"../../../Engine/Plugins/Runtime/ArchVisCharacter/Binaries/Win64/UnrealEditor.modules" 783
"../../../Engine/Plugins/Runtime/AssetTags/Binaries/Win64/UnrealEditor.modules" 784
"../../../Engine/Plugins/Runtime/AudioCapture/Binaries/Win64/UnrealEditor.modules" 785
"../../../Engine/Plugins/Runtime/ChunkDownloader/Binaries/Win64/UnrealEditor.modules" 786
"../../../Engine/Plugins/Runtime/CustomMeshComponent/Binaries/Win64/UnrealEditor.modules" 787
"../../../Engine/Plugins/Runtime/CableComponent/Binaries/Win64/UnrealEditor.modules" 788
"../../../Engine/Plugins/Runtime/ExampleDeviceProfileSelector/Binaries/Win64/UnrealEditor.modules" 789
"../../../Engine/Plugins/Runtime/GooglePAD/Binaries/Win64/UnrealEditor.modules" 790
"../../../Engine/Plugins/Runtime/InputDebugging/Binaries/Win64/UnrealEditor.modules" 791
"../../../Engine/Plugins/Runtime/LocationServicesBPLibrary/Binaries/Win64/UnrealEditor.modules" 792
"../../../Engine/Plugins/Runtime/Metasound/Binaries/Win64/UnrealEditor.modules" 793
"../../../Engine/Plugins/Runtime/AudioWidgets/Binaries/Win64/UnrealEditor.modules" 794
"../../../Engine/Plugins/Runtime/AudioSynesthesia/Binaries/Win64/UnrealEditor.modules" 795
"../../../Engine/Plugins/Runtime/WaveTable/Binaries/Win64/UnrealEditor.modules" 796
"../../../Engine/Plugins/Runtime/MobilePatchingUtils/Binaries/Win64/UnrealEditor.modules" 797
"../../../Engine/Plugins/Runtime/ProceduralMeshComponent/Binaries/Win64/UnrealEditor.modules" 798
"../../../Engine/Plugins/Runtime/ResonanceAudio/Binaries/Win64/UnrealEditor.modules" 799
"../../../Engine/Plugins/Runtime/SoundFields/Binaries/Win64/UnrealEditor.modules" 800
"../../../Engine/Plugins/Runtime/Synthesis/Binaries/Win64/UnrealEditor.modules" 801
"../../../Engine/Plugins/Enterprise/DatasmithContent/Binaries/Win64/UnrealEditor.modules" 802
"../../../Engine/Plugins/Runtime/WindowsDeviceProfileSelector/Binaries/Win64/UnrealEditor.modules" 803
"../../../Engine/Plugins/Runtime/WebMMoviePlayer/Binaries/Win64/UnrealEditor.modules" 804
"../../../Engine/Plugins/Media/WebMMedia/Binaries/Win64/UnrealEditor.modules" 805
"../../../Engine/Plugins/Runtime/WindowsMoviePlayer/Binaries/Win64/UnrealEditor.modules" 806
"../../../Engine/Plugins/Enterprise/GLTFExporter/Binaries/Win64/UnrealEditor.modules" 807
"../../../Engine/Plugins/Experimental/AutomationUtils/Binaries/Win64/UnrealEditor.modules" 808
"../../../Engine/Plugins/Experimental/BackChannel/Binaries/Win64/UnrealEditor.modules" 809
"../../../Engine/Plugins/Experimental/ChaosCloth/Binaries/Win64/UnrealEditor.modules" 810
"../../../Engine/Plugins/Experimental/ChaosCaching/Binaries/Win64/UnrealEditor.modules" 811
"../../../Engine/Plugins/VirtualProduction/Takes/Binaries/Win64/UnrealEditor.modules" 812
"../../../Engine/Plugins/Experimental/ChaosClothEditor/Binaries/Win64/UnrealEditor.modules" 813
"../../../Engine/Plugins/Experimental/ChaosSolverPlugin/Binaries/Win64/UnrealEditor.modules" 814
"../../../Engine/Plugins/Experimental/ChaosNiagara/Binaries/Win64/UnrealEditor.modules" 815
"../../../Engine/Plugins/Experimental/ChaosUserDataPT/Binaries/Win64/UnrealEditor.modules" 816
"../../../Engine/Plugins/Experimental/ChaosEditor/Binaries/Win64/UnrealEditor.modules" 817
"../../../Engine/Plugins/Experimental/PlanarCutPlugin/Binaries/Win64/UnrealEditor.modules" 818
"../../../Engine/Plugins/Experimental/GeometryCollectionPlugin/Binaries/Win64/UnrealEditor.modules" 819
"../../../Engine/Plugins/Experimental/Fracture/Binaries/Win64/UnrealEditor.modules" 820
"../../../Engine/Plugins/Experimental/Dataflow/Binaries/Win64/UnrealEditor.modules" 821
"../../../Engine/Plugins/Experimental/CharacterAI/Binaries/Win64/UnrealEditor.modules" 822
"../../../Engine/Plugins/Experimental/OpenImageDenoise/Binaries/Win64/UnrealEditor.modules" 823
"../../../Engine/Plugins/Experimental/PlatformCrypto/Binaries/Win64/UnrealEditor.modules" 824
"../../../Engine/Plugins/Experimental/SkeletalReduction/Binaries/Win64/UnrealEditor.modules" 825
"../../../Engine/Plugins/Tests/InterchangeTests/Binaries/Win64/UnrealEditor.modules" 826
"../../../Engine/Plugins/2D/Paper2D/Binaries/Win64/UnrealEditor.modules" 827
"../../../Engine/Plugins/Experimental/UVEditor/Binaries/Win64/UnrealEditor.modules" 828
"../../../Engine/Plugins/Editor/ObjectMixer/LightMixer/Binaries/Win64/UnrealEditor.modules" 829
"../../../Engine/Plugins/Editor/ObjectMixer/ObjectMixer/Binaries/Win64/UnrealEditor.modules" 830
"../../../Engine/Plugins/Editor/ContentBrowser/ContentBrowserAssetDataSource/Binaries/Win64/UnrealEditor.modules" 831
"../../../Engine/Plugins/Editor/ContentBrowser/ContentBrowserClassDataSource/Binaries/Win64/UnrealEditor.modules" 832
"../../../Engine/Content/Certificates/ThirdParty/cacert.pem" 833
"../../../Engine/Config/ConsoleVariables.ini" 834
"../../../Engine/Binaries/Win64/Android/UnrealEditor.modules" 835
"../../../Engine/Binaries/Win64/IOS/UnrealEditor.modules" 836
"../../../Engine/Binaries/Win64/Linux/UnrealEditor.modules" 837
"../../../Engine/Binaries/Win64/LinuxArm64/UnrealEditor.modules" 838
"../../../Engine/Plugins/Online/OnlineSubsystem/Content/Localization/OnlineSubsystem/pl/OnlineSubsystem.locres" 839
"../../../Engine/Plugins/Online/OnlineSubsystemUtils/Content/Localization/OnlineSubsystemUtils/pl/OnlineSubsystemUtils.locres" 840
"../../../Engine/Plugins/Online/IOS/OnlineSubsystemIOS/Content/Localization/OnlineSubsystemIOS/pl/OnlineSubsystemIOS.locres" 841
"../../../Engine/Plugins/Online/Android/OnlineSubsystemGooglePlay/Content/Localization/OnlineSubsystemGooglePlay/pl/OnlineSubsystemGooglePlay.locres" 842
"../../../Engine/Content/Internationalization/icudt64l/numberingSystems.res" 843
"../../../Engine/Content/Internationalization/icudt64l/curr/supplementalData.res" 844
"../../../Engine/Content/Internationalization/icudt64l/curr/pl.res" 845
"../../../Engine/Content/Internationalization/icudt64l/curr/pool.res" 846
"../../../Engine/Content/Internationalization/icudt64l/curr/root.res" 847
"../../../Engine/Content/Internationalization/icudt64l/lang/af.res" 848
"../../../Engine/Content/Internationalization/icudt64l/region/af.res" 849
"../../../Engine/Content/Internationalization/icudt64l/lang/agq.res" 850
"../../../Engine/Content/Internationalization/icudt64l/region/agq.res" 851
"../../../Engine/Content/Internationalization/icudt64l/lang/ak.res" 852
"../../../Engine/Content/Internationalization/icudt64l/region/ak.res" 853
"../../../Engine/Content/Internationalization/icudt64l/lang/am.res" 854
"../../../Engine/Content/Internationalization/icudt64l/region/am.res" 855
"../../../Engine/Content/Internationalization/icudt64l/lang/ar.res" 856
"../../../Engine/Content/Internationalization/icudt64l/region/ar.res" 857
"../../../Engine/Content/Internationalization/icudt64l/region/ar_AE.res" 858
"../../../Engine/Content/Internationalization/icudt64l/lang/ar_EG.res" 859
"../../../Engine/Content/Internationalization/icudt64l/lang/ar_LY.res" 860
"../../../Engine/Content/Internationalization/icudt64l/region/ar_LY.res" 861
"../../../Engine/Content/Internationalization/icudt64l/lang/ar_SA.res" 862
"../../../Engine/Content/Internationalization/icudt64l/region/ar_SA.res" 863
"../../../Engine/Content/Internationalization/icudt64l/lang/as.res" 864
"../../../Engine/Content/Internationalization/icudt64l/region/as.res" 865
"../../../Engine/Content/Internationalization/icudt64l/lang/asa.res" 866
"../../../Engine/Content/Internationalization/icudt64l/region/asa.res" 867
"../../../Engine/Content/Internationalization/icudt64l/lang/ast.res" 868
"../../../Engine/Content/Internationalization/icudt64l/region/ast.res" 869
"../../../Engine/Content/Internationalization/icudt64l/lang/az.res" 870
"../../../Engine/Content/Internationalization/icudt64l/lang/az_Cyrl.res" 871
"../../../Engine/Content/Internationalization/icudt64l/lang/az_AZ.res" 872
"../../../Engine/Content/Internationalization/icudt64l/lang/az_Latn_AZ.res" 873
"../../../Engine/Content/Internationalization/icudt64l/lang/az_Latn.res" 874
"../../../Engine/Content/Internationalization/icudt64l/region/az_AZ.res" 875
"../../../Engine/Content/Internationalization/icudt64l/region/az_Latn_AZ.res" 876
"../../../Engine/Content/Internationalization/icudt64l/region/az_Latn.res" 877
"../../../Engine/Content/Internationalization/icudt64l/region/az.res" 878
"../../../Engine/Content/Internationalization/icudt64l/region/az_Cyrl.res" 879
"../../../Engine/Content/Internationalization/icudt64l/lang/bas.res" 880
"../../../Engine/Content/Internationalization/icudt64l/region/bas.res" 881
"../../../Engine/Content/Internationalization/icudt64l/lang/be.res" 882
"../../../Engine/Content/Internationalization/icudt64l/region/be.res" 883
"../../../Engine/Content/Internationalization/icudt64l/lang/bem.res" 884
"../../../Engine/Content/Internationalization/icudt64l/region/bem.res" 885
"../../../Engine/Content/Internationalization/icudt64l/lang/bez.res" 886
"../../../Engine/Content/Internationalization/icudt64l/region/bez.res" 887
"../../../Engine/Content/Internationalization/icudt64l/lang/bg.res" 888
"../../../Engine/Content/Internationalization/icudt64l/region/bg.res" 889
"../../../Engine/Content/Internationalization/icudt64l/lang/bm.res" 890
"../../../Engine/Content/Internationalization/icudt64l/region/bm.res" 891
"../../../Engine/Content/Internationalization/icudt64l/lang/bn.res" 892
"../../../Engine/Content/Internationalization/icudt64l/region/bn.res" 893
"../../../Engine/Content/Internationalization/icudt64l/lang/bn_IN.res" 894
"../../../Engine/Content/Internationalization/icudt64l/region/bn_IN.res" 895
"../../../Engine/Content/Internationalization/icudt64l/lang/bo.res" 896
"../../../Engine/Content/Internationalization/icudt64l/region/bo.res" 897
"../../../Engine/Content/Internationalization/icudt64l/region/bo_IN.res" 898
"../../../Engine/Content/Internationalization/icudt64l/lang/br.res" 899
"../../../Engine/Content/Internationalization/icudt64l/region/br.res" 900
"../../../Engine/Content/Internationalization/icudt64l/lang/brx.res" 901
"../../../Engine/Content/Internationalization/icudt64l/region/brx.res" 902
"../../../Engine/Content/Internationalization/icudt64l/lang/bs.res" 903
"../../../Engine/Content/Internationalization/icudt64l/lang/bs_Cyrl.res" 904
"../../../Engine/Content/Internationalization/icudt64l/lang/bs_BA.res" 905
"../../../Engine/Content/Internationalization/icudt64l/lang/bs_Latn_BA.res" 906
"../../../Engine/Content/Internationalization/icudt64l/lang/bs_Latn.res" 907
"../../../Engine/Content/Internationalization/icudt64l/region/bs_BA.res" 908
"../../../Engine/Content/Internationalization/icudt64l/region/bs_Latn_BA.res" 909
"../../../Engine/Content/Internationalization/icudt64l/region/bs_Latn.res" 910
"../../../Engine/Content/Internationalization/icudt64l/region/bs.res" 911
"../../../Engine/Content/Internationalization/icudt64l/region/bs_Cyrl.res" 912
"../../../Engine/Content/Internationalization/icudt64l/lang/ca.res" 913
"../../../Engine/Content/Internationalization/icudt64l/region/ca.res" 914
"../../../Engine/Content/Internationalization/icudt64l/lang/ccp.res" 915
"../../../Engine/Content/Internationalization/icudt64l/region/ccp.res" 916
"../../../Engine/Content/Internationalization/icudt64l/lang/ce.res" 917
"../../../Engine/Content/Internationalization/icudt64l/region/ce.res" 918
"../../../Engine/Content/Internationalization/icudt64l/lang/ceb.res" 919
"../../../Engine/Content/Internationalization/icudt64l/region/ceb.res" 920
"../../../Engine/Content/Internationalization/icudt64l/lang/cgg.res" 921
"../../../Engine/Content/Internationalization/icudt64l/region/cgg.res" 922
"../../../Engine/Content/Internationalization/icudt64l/lang/chr.res" 923
"../../../Engine/Content/Internationalization/icudt64l/region/chr.res" 924
"../../../Engine/Content/Internationalization/icudt64l/lang/ckb.res" 925
"../../../Engine/Content/Internationalization/icudt64l/region/ckb.res" 926
"../../../Engine/Content/Internationalization/icudt64l/lang/cs.res" 927
"../../../Engine/Content/Internationalization/icudt64l/region/cs.res" 928
"../../../Engine/Content/Internationalization/icudt64l/lang/cy.res" 929
"../../../Engine/Content/Internationalization/icudt64l/region/cy.res" 930
"../../../Engine/Content/Internationalization/icudt64l/lang/da.res" 931
"../../../Engine/Content/Internationalization/icudt64l/region/da.res" 932
"../../../Engine/Content/Internationalization/icudt64l/lang/dav.res" 933
"../../../Engine/Content/Internationalization/icudt64l/region/dav.res" 934
"../../../Engine/Content/Internationalization/icudt64l/lang/de.res" 935
"../../../Engine/Content/Internationalization/icudt64l/lang/de_AT.res" 936
"../../../Engine/Content/Internationalization/icudt64l/region/de_AT.res" 937
"../../../Engine/Content/Internationalization/icudt64l/region/de.res" 938
"../../../Engine/Content/Internationalization/icudt64l/lang/de_CH.res" 939
"../../../Engine/Content/Internationalization/icudt64l/region/de_CH.res" 940
"../../../Engine/Content/Internationalization/icudt64l/lang/de_LU.res" 941
"../../../Engine/Content/Internationalization/icudt64l/lang/dje.res" 942
"../../../Engine/Content/Internationalization/icudt64l/region/dje.res" 943
"../../../Engine/Content/Internationalization/icudt64l/lang/dsb.res" 944
"../../../Engine/Content/Internationalization/icudt64l/region/dsb.res" 945
"../../../Engine/Content/Internationalization/icudt64l/lang/dua.res" 946
"../../../Engine/Content/Internationalization/icudt64l/region/dua.res" 947
"../../../Engine/Content/Internationalization/icudt64l/lang/dyo.res" 948
"../../../Engine/Content/Internationalization/icudt64l/region/dyo.res" 949
"../../../Engine/Content/Internationalization/icudt64l/lang/dz.res" 950
"../../../Engine/Content/Internationalization/icudt64l/region/dz.res" 951
"../../../Engine/Content/Internationalization/icudt64l/lang/ebu.res" 952
"../../../Engine/Content/Internationalization/icudt64l/region/ebu.res" 953
"../../../Engine/Content/Internationalization/icudt64l/lang/ee.res" 954
"../../../Engine/Content/Internationalization/icudt64l/region/ee.res" 955
"../../../Engine/Content/Internationalization/icudt64l/lang/el.res" 956
"../../../Engine/Content/Internationalization/icudt64l/region/el.res" 957
"../../../Engine/Content/Internationalization/icudt64l/lang/en_001.res" 958
"../../../Engine/Content/Internationalization/icudt64l/lang/en_150.res" 959
"../../../Engine/Content/Internationalization/icudt64l/region/en_150.res" 960
"../../../Engine/Content/Internationalization/icudt64l/lang/en_AG.res" 961
"../../../Engine/Content/Internationalization/icudt64l/region/en_AG.res" 962
"../../../Engine/Content/Internationalization/icudt64l/lang/en_AI.res" 963
"../../../Engine/Content/Internationalization/icudt64l/region/en_AI.res" 964
"../../../Engine/Content/Internationalization/icudt64l/lang/en_AT.res" 965
"../../../Engine/Content/Internationalization/icudt64l/region/en_AT.res" 966
"../../../Engine/Content/Internationalization/icudt64l/lang/en_AU.res" 967
"../../../Engine/Content/Internationalization/icudt64l/region/en_AU.res" 968
"../../../Engine/Content/Internationalization/icudt64l/lang/en_BB.res" 969
"../../../Engine/Content/Internationalization/icudt64l/region/en_BB.res" 970
"../../../Engine/Content/Internationalization/icudt64l/lang/en_BE.res" 971
"../../../Engine/Content/Internationalization/icudt64l/region/en_BE.res" 972
"../../../Engine/Content/Internationalization/icudt64l/lang/en_BM.res" 973
"../../../Engine/Content/Internationalization/icudt64l/region/en_BM.res" 974
"../../../Engine/Content/Internationalization/icudt64l/lang/en_BS.res" 975
"../../../Engine/Content/Internationalization/icudt64l/region/en_BS.res" 976
"../../../Engine/Content/Internationalization/icudt64l/lang/en_BW.res" 977
"../../../Engine/Content/Internationalization/icudt64l/region/en_BW.res" 978
"../../../Engine/Content/Internationalization/icudt64l/lang/en_BZ.res" 979
"../../../Engine/Content/Internationalization/icudt64l/region/en_BZ.res" 980
"../../../Engine/Content/Internationalization/icudt64l/lang/en_CA.res" 981
"../../../Engine/Content/Internationalization/icudt64l/region/en_CA.res" 982
"../../../Engine/Content/Internationalization/icudt64l/lang/en_CC.res" 983
"../../../Engine/Content/Internationalization/icudt64l/region/en_CC.res" 984
"../../../Engine/Content/Internationalization/icudt64l/lang/en_CH.res" 985
"../../../Engine/Content/Internationalization/icudt64l/region/en_CH.res" 986
"../../../Engine/Content/Internationalization/icudt64l/lang/en_CK.res" 987
"../../../Engine/Content/Internationalization/icudt64l/region/en_CK.res" 988
"../../../Engine/Content/Internationalization/icudt64l/lang/en_CM.res" 989
"../../../Engine/Content/Internationalization/icudt64l/region/en_CM.res" 990
"../../../Engine/Content/Internationalization/icudt64l/lang/en_CX.res" 991
"../../../Engine/Content/Internationalization/icudt64l/region/en_CX.res" 992
"../../../Engine/Content/Internationalization/icudt64l/lang/en_CY.res" 993
"../../../Engine/Content/Internationalization/icudt64l/region/en_CY.res" 994
"../../../Engine/Content/Internationalization/icudt64l/lang/en_DE.res" 995
"../../../Engine/Content/Internationalization/icudt64l/region/en_DE.res" 996
"../../../Engine/Content/Internationalization/icudt64l/lang/en_DG.res" 997
"../../../Engine/Content/Internationalization/icudt64l/region/en_DG.res" 998
"../../../Engine/Content/Internationalization/icudt64l/lang/en_DK.res" 999
"../../../Engine/Content/Internationalization/icudt64l/region/en_DK.res" 1000
"../../../Engine/Content/Internationalization/icudt64l/lang/en_DM.res" 1001
"../../../Engine/Content/Internationalization/icudt64l/region/en_DM.res" 1002
"../../../Engine/Content/Internationalization/icudt64l/lang/en_ER.res" 1003
"../../../Engine/Content/Internationalization/icudt64l/region/en_ER.res" 1004
"../../../Engine/Content/Internationalization/icudt64l/lang/en_FI.res" 1005
"../../../Engine/Content/Internationalization/icudt64l/region/en_FI.res" 1006
"../../../Engine/Content/Internationalization/icudt64l/lang/en_FJ.res" 1007
"../../../Engine/Content/Internationalization/icudt64l/region/en_FJ.res" 1008
"../../../Engine/Content/Internationalization/icudt64l/lang/en_FK.res" 1009
"../../../Engine/Content/Internationalization/icudt64l/region/en_FK.res" 1010
"../../../Engine/Content/Internationalization/icudt64l/lang/en_FM.res" 1011
"../../../Engine/Content/Internationalization/icudt64l/region/en_FM.res" 1012
"../../../Engine/Content/Internationalization/icudt64l/lang/en_GB.res" 1013
"../../../Engine/Content/Internationalization/icudt64l/region/en_GB.res" 1014
"../../../Engine/Content/Internationalization/icudt64l/lang/en_GD.res" 1015
"../../../Engine/Content/Internationalization/icudt64l/region/en_GD.res" 1016
"../../../Engine/Content/Internationalization/icudt64l/lang/en_GG.res" 1017
"../../../Engine/Content/Internationalization/icudt64l/region/en_GG.res" 1018
"../../../Engine/Content/Internationalization/icudt64l/lang/en_GH.res" 1019
"../../../Engine/Content/Internationalization/icudt64l/region/en_GH.res" 1020
"../../../Engine/Content/Internationalization/icudt64l/lang/en_GI.res" 1021
"../../../Engine/Content/Internationalization/icudt64l/region/en_GI.res" 1022
"../../../Engine/Content/Internationalization/icudt64l/lang/en_GM.res" 1023
"../../../Engine/Content/Internationalization/icudt64l/region/en_GM.res" 1024
"../../../Engine/Content/Internationalization/icudt64l/lang/en_GY.res" 1025
"../../../Engine/Content/Internationalization/icudt64l/region/en_GY.res" 1026
"../../../Engine/Content/Internationalization/icudt64l/lang/en_HK.res" 1027
"../../../Engine/Content/Internationalization/icudt64l/region/en_HK.res" 1028
"../../../Engine/Content/Internationalization/icudt64l/lang/en_IE.res" 1029
"../../../Engine/Content/Internationalization/icudt64l/region/en_IE.res" 1030
"../../../Engine/Content/Internationalization/icudt64l/lang/en_IL.res" 1031
"../../../Engine/Content/Internationalization/icudt64l/region/en_IL.res" 1032
"../../../Engine/Content/Internationalization/icudt64l/lang/en_IM.res" 1033
"../../../Engine/Content/Internationalization/icudt64l/region/en_IM.res" 1034
"../../../Engine/Content/Internationalization/icudt64l/lang/en_IN.res" 1035
"../../../Engine/Content/Internationalization/icudt64l/region/en_IN.res" 1036
"../../../Engine/Content/Internationalization/icudt64l/lang/en_IO.res" 1037
"../../../Engine/Content/Internationalization/icudt64l/region/en_IO.res" 1038
"../../../Engine/Content/Internationalization/icudt64l/lang/en_JE.res" 1039
"../../../Engine/Content/Internationalization/icudt64l/region/en_JE.res" 1040
"../../../Engine/Content/Internationalization/icudt64l/lang/en_JM.res" 1041
"../../../Engine/Content/Internationalization/icudt64l/region/en_JM.res" 1042
"../../../Engine/Content/Internationalization/icudt64l/lang/en_KE.res" 1043
"../../../Engine/Content/Internationalization/icudt64l/region/en_KE.res" 1044
"../../../Engine/Content/Internationalization/icudt64l/lang/en_KI.res" 1045
"../../../Engine/Content/Internationalization/icudt64l/region/en_KI.res" 1046
"../../../Engine/Content/Internationalization/icudt64l/lang/en_KN.res" 1047
"../../../Engine/Content/Internationalization/icudt64l/region/en_KN.res" 1048
"../../../Engine/Content/Internationalization/icudt64l/lang/en_KY.res" 1049
"../../../Engine/Content/Internationalization/icudt64l/region/en_KY.res" 1050
"../../../Engine/Content/Internationalization/icudt64l/lang/en_LC.res" 1051
"../../../Engine/Content/Internationalization/icudt64l/region/en_LC.res" 1052
"../../../Engine/Content/Internationalization/icudt64l/lang/en_LR.res" 1053
"../../../Engine/Content/Internationalization/icudt64l/region/en_LR.res" 1054
"../../../Engine/Content/Internationalization/icudt64l/lang/en_LS.res" 1055
"../../../Engine/Content/Internationalization/icudt64l/region/en_LS.res" 1056
"../../../Engine/Content/Internationalization/icudt64l/lang/en_MG.res" 1057
"../../../Engine/Content/Internationalization/icudt64l/region/en_MG.res" 1058
"../../../Engine/Content/Internationalization/icudt64l/lang/en_MO.res" 1059
"../../../Engine/Content/Internationalization/icudt64l/region/en_MO.res" 1060
"../../../Engine/Content/Internationalization/icudt64l/lang/en_MS.res" 1061
"../../../Engine/Content/Internationalization/icudt64l/region/en_MS.res" 1062
"../../../Engine/Content/Internationalization/icudt64l/lang/en_MT.res" 1063
"../../../Engine/Content/Internationalization/icudt64l/region/en_MT.res" 1064
"../../../Engine/Content/Internationalization/icudt64l/lang/en_MU.res" 1065
"../../../Engine/Content/Internationalization/icudt64l/region/en_MU.res" 1066
"../../../Engine/Content/Internationalization/icudt64l/lang/en_MW.res" 1067
"../../../Engine/Content/Internationalization/icudt64l/region/en_MW.res" 1068
"../../../Engine/Content/Internationalization/icudt64l/lang/en_MY.res" 1069
"../../../Engine/Content/Internationalization/icudt64l/region/en_MY.res" 1070
"../../../Engine/Content/Internationalization/icudt64l/lang/en_NA.res" 1071
"../../../Engine/Content/Internationalization/icudt64l/region/en_NA.res" 1072
"../../../Engine/Content/Internationalization/icudt64l/lang/en_NF.res" 1073
"../../../Engine/Content/Internationalization/icudt64l/region/en_NF.res" 1074
"../../../Engine/Content/Internationalization/icudt64l/lang/en_NG.res" 1075
"../../../Engine/Content/Internationalization/icudt64l/region/en_NG.res" 1076
"../../../Engine/Content/Internationalization/icudt64l/lang/en_NL.res" 1077
"../../../Engine/Content/Internationalization/icudt64l/region/en_NL.res" 1078
"../../../Engine/Content/Internationalization/icudt64l/lang/en_NR.res" 1079
"../../../Engine/Content/Internationalization/icudt64l/region/en_NR.res" 1080
"../../../Engine/Content/Internationalization/icudt64l/lang/en_NU.res" 1081
"../../../Engine/Content/Internationalization/icudt64l/region/en_NU.res" 1082
"../../../Engine/Content/Internationalization/icudt64l/lang/en_NZ.res" 1083
"../../../Engine/Content/Internationalization/icudt64l/region/en_NZ.res" 1084
"../../../Engine/Content/Internationalization/icudt64l/lang/en_PG.res" 1085
"../../../Engine/Content/Internationalization/icudt64l/region/en_PG.res" 1086
"../../../Engine/Content/Internationalization/icudt64l/lang/en_PH.res" 1087
"../../../Engine/Content/Internationalization/icudt64l/region/en_PH.res" 1088
"../../../Engine/Content/Internationalization/icudt64l/lang/en_PK.res" 1089
"../../../Engine/Content/Internationalization/icudt64l/region/en_PK.res" 1090
"../../../Engine/Content/Internationalization/icudt64l/lang/en_PN.res" 1091
"../../../Engine/Content/Internationalization/icudt64l/region/en_PN.res" 1092
"../../../Engine/Content/Internationalization/icudt64l/lang/en_PW.res" 1093
"../../../Engine/Content/Internationalization/icudt64l/region/en_PW.res" 1094
"../../../Engine/Content/Internationalization/icudt64l/lang/en_RW.res" 1095
"../../../Engine/Content/Internationalization/icudt64l/region/en_RW.res" 1096
"../../../Engine/Content/Internationalization/icudt64l/lang/en_SB.res" 1097
"../../../Engine/Content/Internationalization/icudt64l/region/en_SB.res" 1098
"../../../Engine/Content/Internationalization/icudt64l/lang/en_SC.res" 1099
"../../../Engine/Content/Internationalization/icudt64l/region/en_SC.res" 1100
"../../../Engine/Content/Internationalization/icudt64l/lang/en_SD.res" 1101
"../../../Engine/Content/Internationalization/icudt64l/region/en_SD.res" 1102
"../../../Engine/Content/Internationalization/icudt64l/lang/en_SE.res" 1103
"../../../Engine/Content/Internationalization/icudt64l/region/en_SE.res" 1104
"../../../Engine/Content/Internationalization/icudt64l/lang/en_SG.res" 1105
"../../../Engine/Content/Internationalization/icudt64l/region/en_SG.res" 1106
"../../../Engine/Content/Internationalization/icudt64l/lang/en_SH.res" 1107
"../../../Engine/Content/Internationalization/icudt64l/region/en_SH.res" 1108
"../../../Engine/Content/Internationalization/icudt64l/lang/en_SI.res" 1109
"../../../Engine/Content/Internationalization/icudt64l/region/en_SI.res" 1110
"../../../Engine/Content/Internationalization/icudt64l/lang/en_SL.res" 1111
"../../../Engine/Content/Internationalization/icudt64l/region/en_SL.res" 1112
"../../../Engine/Content/Internationalization/icudt64l/lang/en_SS.res" 1113
"../../../Engine/Content/Internationalization/icudt64l/region/en_SS.res" 1114
"../../../Engine/Content/Internationalization/icudt64l/lang/en_SX.res" 1115
"../../../Engine/Content/Internationalization/icudt64l/region/en_SX.res" 1116
"../../../Engine/Content/Internationalization/icudt64l/lang/en_SZ.res" 1117
"../../../Engine/Content/Internationalization/icudt64l/region/en_SZ.res" 1118
"../../../Engine/Content/Internationalization/icudt64l/lang/en_TC.res" 1119
"../../../Engine/Content/Internationalization/icudt64l/region/en_TC.res" 1120
"../../../Engine/Content/Internationalization/icudt64l/lang/en_TK.res" 1121
"../../../Engine/Content/Internationalization/icudt64l/region/en_TK.res" 1122
"../../../Engine/Content/Internationalization/icudt64l/lang/en_TO.res" 1123
"../../../Engine/Content/Internationalization/icudt64l/region/en_TO.res" 1124
"../../../Engine/Content/Internationalization/icudt64l/lang/en_TT.res" 1125
"../../../Engine/Content/Internationalization/icudt64l/region/en_TT.res" 1126
"../../../Engine/Content/Internationalization/icudt64l/lang/en_TV.res" 1127
"../../../Engine/Content/Internationalization/icudt64l/region/en_TV.res" 1128
"../../../Engine/Content/Internationalization/icudt64l/lang/en_TZ.res" 1129
"../../../Engine/Content/Internationalization/icudt64l/region/en_TZ.res" 1130
"../../../Engine/Content/Internationalization/icudt64l/lang/en_UG.res" 1131
"../../../Engine/Content/Internationalization/icudt64l/region/en_UG.res" 1132
"../../../Engine/Content/Internationalization/icudt64l/lang/en_VC.res" 1133
"../../../Engine/Content/Internationalization/icudt64l/region/en_VC.res" 1134
"../../../Engine/Content/Internationalization/icudt64l/lang/en_VG.res" 1135
"../../../Engine/Content/Internationalization/icudt64l/region/en_VG.res" 1136
"../../../Engine/Content/Internationalization/icudt64l/lang/en_VU.res" 1137
"../../../Engine/Content/Internationalization/icudt64l/region/en_VU.res" 1138
"../../../Engine/Content/Internationalization/icudt64l/lang/en_WS.res" 1139
"../../../Engine/Content/Internationalization/icudt64l/region/en_WS.res" 1140
"../../../Engine/Content/Internationalization/icudt64l/lang/en_ZA.res" 1141
"../../../Engine/Content/Internationalization/icudt64l/region/en_ZA.res" 1142
"../../../Engine/Content/Internationalization/icudt64l/lang/en_ZM.res" 1143
"../../../Engine/Content/Internationalization/icudt64l/region/en_ZM.res" 1144
"../../../Engine/Content/Internationalization/icudt64l/lang/en_ZW.res" 1145
"../../../Engine/Content/Internationalization/icudt64l/region/en_ZW.res" 1146
"../../../Engine/Content/Internationalization/icudt64l/lang/eo.res" 1147
"../../../Engine/Content/Internationalization/icudt64l/region/eo.res" 1148
"../../../Engine/Content/Internationalization/icudt64l/lang/es.res" 1149
"../../../Engine/Content/Internationalization/icudt64l/lang/es_419.res" 1150
"../../../Engine/Content/Internationalization/icudt64l/region/es_419.res" 1151
"../../../Engine/Content/Internationalization/icudt64l/region/es.res" 1152
"../../../Engine/Content/Internationalization/icudt64l/lang/es_AR.res" 1153
"../../../Engine/Content/Internationalization/icudt64l/region/es_AR.res" 1154
"../../../Engine/Content/Internationalization/icudt64l/lang/es_BO.res" 1155
"../../../Engine/Content/Internationalization/icudt64l/region/es_BO.res" 1156
"../../../Engine/Content/Internationalization/icudt64l/lang/es_BR.res" 1157
"../../../Engine/Content/Internationalization/icudt64l/region/es_BR.res" 1158
"../../../Engine/Content/Internationalization/icudt64l/lang/es_BZ.res" 1159
"../../../Engine/Content/Internationalization/icudt64l/region/es_BZ.res" 1160
"../../../Engine/Content/Internationalization/icudt64l/lang/es_CL.res" 1161
"../../../Engine/Content/Internationalization/icudt64l/region/es_CL.res" 1162
"../../../Engine/Content/Internationalization/icudt64l/lang/es_CO.res" 1163
"../../../Engine/Content/Internationalization/icudt64l/region/es_CO.res" 1164
"../../../Engine/Content/Internationalization/icudt64l/lang/es_CR.res" 1165
"../../../Engine/Content/Internationalization/icudt64l/region/es_CR.res" 1166
"../../../Engine/Content/Internationalization/icudt64l/lang/es_CU.res" 1167
"../../../Engine/Content/Internationalization/icudt64l/region/es_CU.res" 1168
"../../../Engine/Content/Internationalization/icudt64l/lang/es_DO.res" 1169
"../../../Engine/Content/Internationalization/icudt64l/region/es_DO.res" 1170
"../../../Engine/Content/Internationalization/icudt64l/lang/es_EC.res" 1171
"../../../Engine/Content/Internationalization/icudt64l/region/es_EC.res" 1172
"../../../Engine/Content/Internationalization/icudt64l/lang/es_GT.res" 1173
"../../../Engine/Content/Internationalization/icudt64l/region/es_GT.res" 1174
"../../../Engine/Content/Internationalization/icudt64l/lang/es_HN.res" 1175
"../../../Engine/Content/Internationalization/icudt64l/region/es_HN.res" 1176
"../../../Engine/Content/Internationalization/icudt64l/lang/es_MX.res" 1177
"../../../Engine/Content/Internationalization/icudt64l/region/es_MX.res" 1178
"../../../Engine/Content/Internationalization/icudt64l/lang/es_NI.res" 1179
"../../../Engine/Content/Internationalization/icudt64l/region/es_NI.res" 1180
"../../../Engine/Content/Internationalization/icudt64l/lang/es_PA.res" 1181
"../../../Engine/Content/Internationalization/icudt64l/region/es_PA.res" 1182
"../../../Engine/Content/Internationalization/icudt64l/lang/es_PE.res" 1183
"../../../Engine/Content/Internationalization/icudt64l/region/es_PE.res" 1184
"../../../Engine/Content/Internationalization/icudt64l/lang/es_PR.res" 1185
"../../../Engine/Content/Internationalization/icudt64l/region/es_PR.res" 1186
"../../../Engine/Content/Internationalization/icudt64l/lang/es_PY.res" 1187
"../../../Engine/Content/Internationalization/icudt64l/region/es_PY.res" 1188
"../../../Engine/Content/Internationalization/icudt64l/lang/es_SV.res" 1189
"../../../Engine/Content/Internationalization/icudt64l/region/es_SV.res" 1190
"../../../Engine/Content/Internationalization/icudt64l/lang/es_US.res" 1191
"../../../Engine/Content/Internationalization/icudt64l/region/es_US.res" 1192
"../../../Engine/Content/Internationalization/icudt64l/lang/es_UY.res" 1193
"../../../Engine/Content/Internationalization/icudt64l/region/es_UY.res" 1194
"../../../Engine/Content/Internationalization/icudt64l/lang/es_VE.res" 1195
"../../../Engine/Content/Internationalization/icudt64l/region/es_VE.res" 1196
"../../../Engine/Content/Internationalization/icudt64l/lang/et.res" 1197
"../../../Engine/Content/Internationalization/icudt64l/region/et.res" 1198
"../../../Engine/Content/Internationalization/icudt64l/lang/eu.res" 1199
"../../../Engine/Content/Internationalization/icudt64l/region/eu.res" 1200
"../../../Engine/Content/Internationalization/icudt64l/lang/ewo.res" 1201
"../../../Engine/Content/Internationalization/icudt64l/region/ewo.res" 1202
"../../../Engine/Content/Internationalization/icudt64l/lang/fa.res" 1203
"../../../Engine/Content/Internationalization/icudt64l/lang/fa_AF.res" 1204
"../../../Engine/Content/Internationalization/icudt64l/region/fa_AF.res" 1205
"../../../Engine/Content/Internationalization/icudt64l/region/fa.res" 1206
"../../../Engine/Content/Internationalization/icudt64l/lang/ff.res" 1207
"../../../Engine/Content/Internationalization/icudt64l/lang/ff_Latn.res" 1208
"../../../Engine/Content/Internationalization/icudt64l/region/ff.res" 1209
"../../../Engine/Content/Internationalization/icudt64l/region/ff_Latn.res" 1210
"../../../Engine/Content/Internationalization/icudt64l/lang/ff_CM.res" 1211
"../../../Engine/Content/Internationalization/icudt64l/lang/ff_Latn_CM.res" 1212
"../../../Engine/Content/Internationalization/icudt64l/region/ff_CM.res" 1213
"../../../Engine/Content/Internationalization/icudt64l/region/ff_Latn_CM.res" 1214
"../../../Engine/Content/Internationalization/icudt64l/lang/ff_GN.res" 1215
"../../../Engine/Content/Internationalization/icudt64l/lang/ff_Latn_GN.res" 1216
"../../../Engine/Content/Internationalization/icudt64l/region/ff_GN.res" 1217
"../../../Engine/Content/Internationalization/icudt64l/region/ff_Latn_GN.res" 1218
"../../../Engine/Content/Internationalization/icudt64l/lang/ff_MR.res" 1219
"../../../Engine/Content/Internationalization/icudt64l/lang/ff_Latn_MR.res" 1220
"../../../Engine/Content/Internationalization/icudt64l/region/ff_MR.res" 1221
"../../../Engine/Content/Internationalization/icudt64l/region/ff_Latn_MR.res" 1222
"../../../Engine/Content/Internationalization/icudt64l/lang/ff_SN.res" 1223
"../../../Engine/Content/Internationalization/icudt64l/lang/ff_Latn_SN.res" 1224
"../../../Engine/Content/Internationalization/icudt64l/region/ff_SN.res" 1225
"../../../Engine/Content/Internationalization/icudt64l/region/ff_Latn_SN.res" 1226
"../../../Engine/Content/Internationalization/icudt64l/lang/fi.res" 1227
"../../../Engine/Content/Internationalization/icudt64l/region/fi.res" 1228
"../../../Engine/Content/Internationalization/icudt64l/lang/fil.res" 1229
"../../../Engine/Content/Internationalization/icudt64l/lang/fil_PH.res" 1230
"../../../Engine/Content/Internationalization/icudt64l/region/fil_PH.res" 1231
"../../../Engine/Content/Internationalization/icudt64l/region/fil.res" 1232
"../../../Engine/Content/Internationalization/icudt64l/lang/fo.res" 1233
"../../../Engine/Content/Internationalization/icudt64l/region/fo.res" 1234
"../../../Engine/Content/Internationalization/icudt64l/lang/fr.res" 1235
"../../../Engine/Content/Internationalization/icudt64l/lang/fr_BE.res" 1236
"../../../Engine/Content/Internationalization/icudt64l/region/fr_BE.res" 1237
"../../../Engine/Content/Internationalization/icudt64l/region/fr.res" 1238
"../../../Engine/Content/Internationalization/icudt64l/lang/fr_CA.res" 1239
"../../../Engine/Content/Internationalization/icudt64l/region/fr_CA.res" 1240
"../../../Engine/Content/Internationalization/icudt64l/lang/fr_CH.res" 1241
"../../../Engine/Content/Internationalization/icudt64l/lang/fur.res" 1242
"../../../Engine/Content/Internationalization/icudt64l/region/fur.res" 1243
"../../../Engine/Content/Internationalization/icudt64l/lang/fy.res" 1244
"../../../Engine/Content/Internationalization/icudt64l/region/fy.res" 1245
"../../../Engine/Content/Internationalization/icudt64l/lang/ga.res" 1246
"../../../Engine/Content/Internationalization/icudt64l/region/ga.res" 1247
"../../../Engine/Content/Internationalization/icudt64l/lang/gd.res" 1248
"../../../Engine/Content/Internationalization/icudt64l/region/gd.res" 1249
"../../../Engine/Content/Internationalization/icudt64l/lang/gl.res" 1250
"../../../Engine/Content/Internationalization/icudt64l/region/gl.res" 1251
"../../../Engine/Content/Internationalization/icudt64l/lang/gsw.res" 1252
"../../../Engine/Content/Internationalization/icudt64l/region/gsw.res" 1253
"../../../Engine/Content/Internationalization/icudt64l/lang/gu.res" 1254
"../../../Engine/Content/Internationalization/icudt64l/region/gu.res" 1255
"../../../Engine/Content/Internationalization/icudt64l/lang/guz.res" 1256
"../../../Engine/Content/Internationalization/icudt64l/region/guz.res" 1257
"../../../Engine/Content/Internationalization/icudt64l/lang/gv.res" 1258
"../../../Engine/Content/Internationalization/icudt64l/region/gv.res" 1259
"../../../Engine/Content/Internationalization/icudt64l/lang/ha.res" 1260
"../../../Engine/Content/Internationalization/icudt64l/region/ha.res" 1261
"../../../Engine/Content/Internationalization/icudt64l/lang/ha_NE.res" 1262
"../../../Engine/Content/Internationalization/icudt64l/region/ha_NE.res" 1263
"../../../Engine/Content/Internationalization/icudt64l/lang/haw.res" 1264
"../../../Engine/Content/Internationalization/icudt64l/region/haw.res" 1265
"../../../Engine/Content/Internationalization/icudt64l/lang/he.res" 1266
"../../../Engine/Content/Internationalization/icudt64l/lang/he_IL.res" 1267
"../../../Engine/Content/Internationalization/icudt64l/region/he_IL.res" 1268
"../../../Engine/Content/Internationalization/icudt64l/region/he.res" 1269
"../../../Engine/Content/Internationalization/icudt64l/lang/hi.res" 1270
"../../../Engine/Content/Internationalization/icudt64l/region/hi.res" 1271
"../../../Engine/Content/Internationalization/icudt64l/lang/hr.res" 1272
"../../../Engine/Content/Internationalization/icudt64l/region/hr.res" 1273
"../../../Engine/Content/Internationalization/icudt64l/lang/hsb.res" 1274
"../../../Engine/Content/Internationalization/icudt64l/region/hsb.res" 1275
"../../../Engine/Content/Internationalization/icudt64l/lang/hu.res" 1276
"../../../Engine/Content/Internationalization/icudt64l/region/hu.res" 1277
"../../../Engine/Content/Internationalization/icudt64l/lang/hy.res" 1278
"../../../Engine/Content/Internationalization/icudt64l/region/hy.res" 1279
"../../../Engine/Content/Internationalization/icudt64l/lang/ia.res" 1280
"../../../Engine/Content/Internationalization/icudt64l/region/ia.res" 1281
"../../../Engine/Content/Internationalization/icudt64l/lang/id.res" 1282
"../../../Engine/Content/Internationalization/icudt64l/lang/id_ID.res" 1283
"../../../Engine/Content/Internationalization/icudt64l/region/id_ID.res" 1284
"../../../Engine/Content/Internationalization/icudt64l/region/id.res" 1285
"../../../Engine/Content/Internationalization/icudt64l/lang/ig.res" 1286
"../../../Engine/Content/Internationalization/icudt64l/region/ig.res" 1287
"../../../Engine/Content/Internationalization/icudt64l/lang/ii.res" 1288
"../../../Engine/Content/Internationalization/icudt64l/region/ii.res" 1289
"../../../Engine/Content/Internationalization/icudt64l/lang/is.res" 1290
"../../../Engine/Content/Internationalization/icudt64l/region/is.res" 1291
"../../../Engine/Content/Internationalization/icudt64l/lang/it.res" 1292
"../../../Engine/Content/Internationalization/icudt64l/region/it.res" 1293
"../../../Engine/Content/Internationalization/icudt64l/lang/ja.res" 1294
"../../../Engine/Content/Internationalization/icudt64l/lang/ja_JP.res" 1295
"../../../Engine/Content/Internationalization/icudt64l/region/ja_JP.res" 1296
"../../../Engine/Content/Internationalization/icudt64l/region/ja.res" 1297
"../../../Engine/Content/Internationalization/icudt64l/lang/jgo.res" 1298
"../../../Engine/Content/Internationalization/icudt64l/region/jgo.res" 1299
"../../../Engine/Content/Internationalization/icudt64l/lang/jmc.res" 1300
"../../../Engine/Content/Internationalization/icudt64l/region/jmc.res" 1301
"../../../Engine/Content/Internationalization/icudt64l/lang/jv.res" 1302
"../../../Engine/Content/Internationalization/icudt64l/region/jv.res" 1303
"../../../Engine/Content/Internationalization/icudt64l/lang/ka.res" 1304
"../../../Engine/Content/Internationalization/icudt64l/region/ka.res" 1305
"../../../Engine/Content/Internationalization/icudt64l/lang/kab.res" 1306
"../../../Engine/Content/Internationalization/icudt64l/region/kab.res" 1307
"../../../Engine/Content/Internationalization/icudt64l/lang/kam.res" 1308
"../../../Engine/Content/Internationalization/icudt64l/region/kam.res" 1309
"../../../Engine/Content/Internationalization/icudt64l/lang/kde.res" 1310
"../../../Engine/Content/Internationalization/icudt64l/region/kde.res" 1311
"../../../Engine/Content/Internationalization/icudt64l/lang/kea.res" 1312
"../../../Engine/Content/Internationalization/icudt64l/region/kea.res" 1313
"../../../Engine/Content/Internationalization/icudt64l/lang/khq.res" 1314
"../../../Engine/Content/Internationalization/icudt64l/region/khq.res" 1315
"../../../Engine/Content/Internationalization/icudt64l/lang/ki.res" 1316
"../../../Engine/Content/Internationalization/icudt64l/region/ki.res" 1317
"../../../Engine/Content/Internationalization/icudt64l/lang/kk.res" 1318
"../../../Engine/Content/Internationalization/icudt64l/region/kk.res" 1319
"../../../Engine/Content/Internationalization/icudt64l/lang/kkj.res" 1320
"../../../Engine/Content/Internationalization/icudt64l/region/kkj.res" 1321
"../../../Engine/Content/Internationalization/icudt64l/lang/kl.res" 1322
"../../../Engine/Content/Internationalization/icudt64l/region/kl.res" 1323
"../../../Engine/Content/Internationalization/icudt64l/lang/kln.res" 1324
"../../../Engine/Content/Internationalization/icudt64l/region/kln.res" 1325
"../../../Engine/Content/Internationalization/icudt64l/lang/km.res" 1326
"../../../Engine/Content/Internationalization/icudt64l/region/km.res" 1327
"../../../Engine/Content/Internationalization/icudt64l/lang/kn.res" 1328
"../../../Engine/Content/Internationalization/icudt64l/region/kn.res" 1329
"../../../Engine/Content/Internationalization/icudt64l/lang/ko.res" 1330
"../../../Engine/Content/Internationalization/icudt64l/region/ko_KP.res" 1331
"../../../Engine/Content/Internationalization/icudt64l/region/ko.res" 1332
"../../../Engine/Content/Internationalization/icudt64l/lang/kok.res" 1333
"../../../Engine/Content/Internationalization/icudt64l/region/kok.res" 1334
"../../../Engine/Content/Internationalization/icudt64l/lang/ks.res" 1335
"../../../Engine/Content/Internationalization/icudt64l/region/ks.res" 1336
"../../../Engine/Content/Internationalization/icudt64l/lang/ksb.res" 1337
"../../../Engine/Content/Internationalization/icudt64l/region/ksb.res" 1338
"../../../Engine/Content/Internationalization/icudt64l/lang/ksf.res" 1339
"../../../Engine/Content/Internationalization/icudt64l/region/ksf.res" 1340
"../../../Engine/Content/Internationalization/icudt64l/lang/ksh.res" 1341
"../../../Engine/Content/Internationalization/icudt64l/region/ksh.res" 1342
"../../../Engine/Content/Internationalization/icudt64l/lang/ku.res" 1343
"../../../Engine/Content/Internationalization/icudt64l/region/ku.res" 1344
"../../../Engine/Content/Internationalization/icudt64l/lang/kw.res" 1345
"../../../Engine/Content/Internationalization/icudt64l/region/kw.res" 1346
"../../../Engine/Content/Internationalization/icudt64l/lang/ky.res" 1347
"../../../Engine/Content/Internationalization/icudt64l/region/ky.res" 1348
"../../../Engine/Content/Internationalization/icudt64l/lang/lag.res" 1349
"../../../Engine/Content/Internationalization/icudt64l/region/lag.res" 1350
"../../../Engine/Content/Internationalization/icudt64l/lang/lb.res" 1351
"../../../Engine/Content/Internationalization/icudt64l/region/lb.res" 1352
"../../../Engine/Content/Internationalization/icudt64l/lang/lg.res" 1353
"../../../Engine/Content/Internationalization/icudt64l/region/lg.res" 1354
"../../../Engine/Content/Internationalization/icudt64l/lang/lkt.res" 1355
"../../../Engine/Content/Internationalization/icudt64l/region/lkt.res" 1356
"../../../Engine/Content/Internationalization/icudt64l/lang/ln.res" 1357
"../../../Engine/Content/Internationalization/icudt64l/region/ln.res" 1358
"../../../Engine/Content/Internationalization/icudt64l/lang/lo.res" 1359
"../../../Engine/Content/Internationalization/icudt64l/region/lo.res" 1360
"../../../Engine/Content/Internationalization/icudt64l/lang/lrc.res" 1361
"../../../Engine/Content/Internationalization/icudt64l/region/lrc.res" 1362
"../../../Engine/Content/Internationalization/icudt64l/lang/lt.res" 1363
"../../../Engine/Content/Internationalization/icudt64l/region/lt.res" 1364
"../../../Engine/Content/Internationalization/icudt64l/lang/lu.res" 1365
"../../../Engine/Content/Internationalization/icudt64l/region/lu.res" 1366
"../../../Engine/Content/Internationalization/icudt64l/lang/luo.res" 1367
"../../../Engine/Content/Internationalization/icudt64l/region/luo.res" 1368
"../../../Engine/Content/Internationalization/icudt64l/lang/luy.res" 1369
"../../../Engine/Content/Internationalization/icudt64l/region/luy.res" 1370
"../../../Engine/Content/Internationalization/icudt64l/lang/lv.res" 1371
"../../../Engine/Content/Internationalization/icudt64l/region/lv.res" 1372
"../../../Engine/Content/Internationalization/icudt64l/lang/mas.res" 1373
"../../../Engine/Content/Internationalization/icudt64l/region/mas.res" 1374
"../../../Engine/Content/Internationalization/icudt64l/lang/mer.res" 1375
"../../../Engine/Content/Internationalization/icudt64l/region/mer.res" 1376
"../../../Engine/Content/Internationalization/icudt64l/lang/mfe.res" 1377
"../../../Engine/Content/Internationalization/icudt64l/region/mfe.res" 1378
"../../../Engine/Content/Internationalization/icudt64l/lang/mg.res" 1379
"../../../Engine/Content/Internationalization/icudt64l/region/mg.res" 1380
"../../../Engine/Content/Internationalization/icudt64l/lang/mgh.res" 1381
"../../../Engine/Content/Internationalization/icudt64l/region/mgh.res" 1382
"../../../Engine/Content/Internationalization/icudt64l/lang/mgo.res" 1383
"../../../Engine/Content/Internationalization/icudt64l/region/mgo.res" 1384
"../../../Engine/Content/Internationalization/icudt64l/lang/mi.res" 1385
"../../../Engine/Content/Internationalization/icudt64l/region/mi.res" 1386
"../../../Engine/Content/Internationalization/icudt64l/lang/mk.res" 1387
"../../../Engine/Content/Internationalization/icudt64l/region/mk.res" 1388
"../../../Engine/Content/Internationalization/icudt64l/lang/ml.res" 1389
"../../../Engine/Content/Internationalization/icudt64l/region/ml.res" 1390
"../../../Engine/Content/Internationalization/icudt64l/lang/mn.res" 1391
"../../../Engine/Content/Internationalization/icudt64l/region/mn.res" 1392
"../../../Engine/Content/Internationalization/icudt64l/lang/mr.res" 1393
"../../../Engine/Content/Internationalization/icudt64l/region/mr.res" 1394
"../../../Engine/Content/Internationalization/icudt64l/lang/ms.res" 1395
"../../../Engine/Content/Internationalization/icudt64l/region/ms.res" 1396
"../../../Engine/Content/Internationalization/icudt64l/lang/mt.res" 1397
"../../../Engine/Content/Internationalization/icudt64l/region/mt.res" 1398
"../../../Engine/Content/Internationalization/icudt64l/lang/mua.res" 1399
"../../../Engine/Content/Internationalization/icudt64l/region/mua.res" 1400
"../../../Engine/Content/Internationalization/icudt64l/lang/my.res" 1401
"../../../Engine/Content/Internationalization/icudt64l/region/my.res" 1402
"../../../Engine/Content/Internationalization/icudt64l/lang/mzn.res" 1403
"../../../Engine/Content/Internationalization/icudt64l/region/mzn.res" 1404
"../../../Engine/Content/Internationalization/icudt64l/lang/naq.res" 1405
"../../../Engine/Content/Internationalization/icudt64l/region/naq.res" 1406
"../../../Engine/Content/Internationalization/icudt64l/lang/nb.res" 1407
"../../../Engine/Content/Internationalization/icudt64l/lang/nb_NO.res" 1408
"../../../Engine/Content/Internationalization/icudt64l/region/nb_NO.res" 1409
"../../../Engine/Content/Internationalization/icudt64l/region/nb.res" 1410
"../../../Engine/Content/Internationalization/icudt64l/lang/nd.res" 1411
"../../../Engine/Content/Internationalization/icudt64l/region/nd.res" 1412
"../../../Engine/Content/Internationalization/icudt64l/lang/nds.res" 1413
"../../../Engine/Content/Internationalization/icudt64l/region/nds.res" 1414
"../../../Engine/Content/Internationalization/icudt64l/lang/ne.res" 1415
"../../../Engine/Content/Internationalization/icudt64l/region/ne.res" 1416
"../../../Engine/Content/Internationalization/icudt64l/lang/nl.res" 1417
"../../../Engine/Content/Internationalization/icudt64l/region/nl.res" 1418
"../../../Engine/Content/Internationalization/icudt64l/lang/nmg.res" 1419
"../../../Engine/Content/Internationalization/icudt64l/region/nmg.res" 1420
"../../../Engine/Content/Internationalization/icudt64l/lang/nn.res" 1421
"../../../Engine/Content/Internationalization/icudt64l/lang/nn_NO.res" 1422
"../../../Engine/Content/Internationalization/icudt64l/region/nn_NO.res" 1423
"../../../Engine/Content/Internationalization/icudt64l/region/nn.res" 1424
"../../../Engine/Content/Internationalization/icudt64l/lang/nnh.res" 1425
"../../../Engine/Content/Internationalization/icudt64l/region/nnh.res" 1426
"../../../Engine/Content/Internationalization/icudt64l/lang/nus.res" 1427
"../../../Engine/Content/Internationalization/icudt64l/region/nus.res" 1428
"../../../Engine/Content/Internationalization/icudt64l/lang/nyn.res" 1429
"../../../Engine/Content/Internationalization/icudt64l/region/nyn.res" 1430
"../../../Engine/Content/Internationalization/icudt64l/lang/om.res" 1431
"../../../Engine/Content/Internationalization/icudt64l/region/om.res" 1432
"../../../Engine/Content/Internationalization/icudt64l/lang/or.res" 1433
"../../../Engine/Content/Internationalization/icudt64l/region/or.res" 1434
"../../../Engine/Content/Internationalization/icudt64l/lang/os.res" 1435
"../../../Engine/Content/Internationalization/icudt64l/region/os.res" 1436
"../../../Engine/Content/Internationalization/icudt64l/lang/pa.res" 1437
"../../../Engine/Content/Internationalization/icudt64l/lang/pa_Arab.res" 1438
"../../../Engine/Content/Internationalization/icudt64l/lang/pa_PK.res" 1439
"../../../Engine/Content/Internationalization/icudt64l/lang/pa_Arab_PK.res" 1440
"../../../Engine/Content/Internationalization/icudt64l/region/pa_PK.res" 1441
"../../../Engine/Content/Internationalization/icudt64l/region/pa_Arab_PK.res" 1442
"../../../Engine/Content/Internationalization/icudt64l/region/pa_Arab.res" 1443
"../../../Engine/Content/Internationalization/icudt64l/lang/pa_Guru.res" 1444
"../../../Engine/Content/Internationalization/icudt64l/lang/pa_IN.res" 1445
"../../../Engine/Content/Internationalization/icudt64l/lang/pa_Guru_IN.res" 1446
"../../../Engine/Content/Internationalization/icudt64l/region/pa_IN.res" 1447
"../../../Engine/Content/Internationalization/icudt64l/region/pa_Guru_IN.res" 1448
"../../../Engine/Content/Internationalization/icudt64l/region/pa_Guru.res" 1449
"../../../Engine/Content/Internationalization/icudt64l/region/pa.res" 1450
"../../../Engine/Content/Internationalization/icudt64l/lang/ps.res" 1451
"../../../Engine/Content/Internationalization/icudt64l/region/ps.res" 1452
"../../../Engine/Content/Internationalization/icudt64l/lang/ps_PK.res" 1453
"../../../Engine/Content/Internationalization/icudt64l/region/ps_PK.res" 1454
"../../../Engine/Content/Internationalization/icudt64l/lang/pt.res" 1455
"../../../Engine/Content/Internationalization/icudt64l/lang/pt_AO.res" 1456
"../../../Engine/Content/Internationalization/icudt64l/lang/pt_PT.res" 1457
"../../../Engine/Content/Internationalization/icudt64l/region/pt_AO.res" 1458
"../../../Engine/Content/Internationalization/icudt64l/region/pt_PT.res" 1459
"../../../Engine/Content/Internationalization/icudt64l/region/pt.res" 1460
"../../../Engine/Content/Internationalization/icudt64l/lang/pt_CH.res" 1461
"../../../Engine/Content/Internationalization/icudt64l/region/pt_CH.res" 1462
"../../../Engine/Content/Internationalization/icudt64l/lang/pt_CV.res" 1463
"../../../Engine/Content/Internationalization/icudt64l/region/pt_CV.res" 1464
"../../../Engine/Content/Internationalization/icudt64l/lang/pt_GQ.res" 1465
"../../../Engine/Content/Internationalization/icudt64l/region/pt_GQ.res" 1466
"../../../Engine/Content/Internationalization/icudt64l/lang/pt_GW.res" 1467
"../../../Engine/Content/Internationalization/icudt64l/region/pt_GW.res" 1468
"../../../Engine/Content/Internationalization/icudt64l/lang/pt_LU.res" 1469
"../../../Engine/Content/Internationalization/icudt64l/region/pt_LU.res" 1470
"../../../Engine/Content/Internationalization/icudt64l/lang/pt_MO.res" 1471
"../../../Engine/Content/Internationalization/icudt64l/region/pt_MO.res" 1472
"../../../Engine/Content/Internationalization/icudt64l/lang/pt_MZ.res" 1473
"../../../Engine/Content/Internationalization/icudt64l/region/pt_MZ.res" 1474
"../../../Engine/Content/Internationalization/icudt64l/lang/pt_ST.res" 1475
"../../../Engine/Content/Internationalization/icudt64l/region/pt_ST.res" 1476
"../../../Engine/Content/Internationalization/icudt64l/lang/pt_TL.res" 1477
"../../../Engine/Content/Internationalization/icudt64l/region/pt_TL.res" 1478
"../../../Engine/Content/Internationalization/icudt64l/lang/qu.res" 1479
"../../../Engine/Content/Internationalization/icudt64l/region/qu.res" 1480
"../../../Engine/Content/Internationalization/icudt64l/lang/rm.res" 1481
"../../../Engine/Content/Internationalization/icudt64l/region/rm.res" 1482
"../../../Engine/Content/Internationalization/icudt64l/lang/rn.res" 1483
"../../../Engine/Content/Internationalization/icudt64l/region/rn.res" 1484
"../../../Engine/Content/Internationalization/icudt64l/lang/ro.res" 1485
"../../../Engine/Content/Internationalization/icudt64l/lang/ro_MD.res" 1486
"../../../Engine/Content/Internationalization/icudt64l/region/ro_MD.res" 1487
"../../../Engine/Content/Internationalization/icudt64l/region/ro.res" 1488
"../../../Engine/Content/Internationalization/icudt64l/lang/rof.res" 1489
"../../../Engine/Content/Internationalization/icudt64l/region/rof.res" 1490
"../../../Engine/Content/Internationalization/icudt64l/lang/ru.res" 1491
"../../../Engine/Content/Internationalization/icudt64l/region/ru.res" 1492
"../../../Engine/Content/Internationalization/icudt64l/region/ru_UA.res" 1493
"../../../Engine/Content/Internationalization/icudt64l/lang/rw.res" 1494
"../../../Engine/Content/Internationalization/icudt64l/region/rw.res" 1495
"../../../Engine/Content/Internationalization/icudt64l/lang/rwk.res" 1496
"../../../Engine/Content/Internationalization/icudt64l/region/rwk.res" 1497
"../../../Engine/Content/Internationalization/icudt64l/lang/sah.res" 1498
"../../../Engine/Content/Internationalization/icudt64l/region/sah.res" 1499
"../../../Engine/Content/Internationalization/icudt64l/lang/saq.res" 1500
"../../../Engine/Content/Internationalization/icudt64l/region/saq.res" 1501
"../../../Engine/Content/Internationalization/icudt64l/lang/sbp.res" 1502
"../../../Engine/Content/Internationalization/icudt64l/region/sbp.res" 1503
"../../../Engine/Content/Internationalization/icudt64l/lang/sd.res" 1504
"../../../Engine/Content/Internationalization/icudt64l/region/sd.res" 1505
"../../../Engine/Content/Internationalization/icudt64l/lang/se.res" 1506
"../../../Engine/Content/Internationalization/icudt64l/lang/se_FI.res" 1507
"../../../Engine/Content/Internationalization/icudt64l/region/se_FI.res" 1508
"../../../Engine/Content/Internationalization/icudt64l/region/se.res" 1509
"../../../Engine/Content/Internationalization/icudt64l/lang/seh.res" 1510
"../../../Engine/Content/Internationalization/icudt64l/region/seh.res" 1511
"../../../Engine/Content/Internationalization/icudt64l/lang/ses.res" 1512
"../../../Engine/Content/Internationalization/icudt64l/region/ses.res" 1513
"../../../Engine/Content/Internationalization/icudt64l/lang/sg.res" 1514
"../../../Engine/Content/Internationalization/icudt64l/region/sg.res" 1515
"../../../Engine/Content/Internationalization/icudt64l/lang/shi.res" 1516
"../../../Engine/Content/Internationalization/icudt64l/lang/shi_Latn.res" 1517
"../../../Engine/Content/Internationalization/icudt64l/lang/shi_MA.res" 1518
"../../../Engine/Content/Internationalization/icudt64l/lang/shi_Tfng_MA.res" 1519
"../../../Engine/Content/Internationalization/icudt64l/lang/shi_Tfng.res" 1520
"../../../Engine/Content/Internationalization/icudt64l/region/shi_MA.res" 1521
"../../../Engine/Content/Internationalization/icudt64l/region/shi_Tfng_MA.res" 1522
"../../../Engine/Content/Internationalization/icudt64l/region/shi_Tfng.res" 1523
"../../../Engine/Content/Internationalization/icudt64l/region/shi.res" 1524
"../../../Engine/Content/Internationalization/icudt64l/region/shi_Latn.res" 1525
"../../../Engine/Content/Internationalization/icudt64l/lang/si.res" 1526
"../../../Engine/Content/Internationalization/icudt64l/region/si.res" 1527
"../../../Engine/Content/Internationalization/icudt64l/lang/sk.res" 1528
"../../../Engine/Content/Internationalization/icudt64l/region/sk.res" 1529
"../../../Engine/Content/Internationalization/icudt64l/lang/sl.res" 1530
"../../../Engine/Content/Internationalization/icudt64l/region/sl.res" 1531
"../../../Engine/Content/Internationalization/icudt64l/lang/smn.res" 1532
"../../../Engine/Content/Internationalization/icudt64l/region/smn.res" 1533
"../../../Engine/Content/Internationalization/icudt64l/lang/sn.res" 1534
"../../../Engine/Content/Internationalization/icudt64l/region/sn.res" 1535
"../../../Engine/Content/Internationalization/icudt64l/lang/so.res" 1536
"../../../Engine/Content/Internationalization/icudt64l/region/so.res" 1537
"../../../Engine/Content/Internationalization/icudt64l/lang/sq.res" 1538
"../../../Engine/Content/Internationalization/icudt64l/region/sq.res" 1539
"../../../Engine/Content/Internationalization/icudt64l/lang/sr.res" 1540
"../../../Engine/Content/Internationalization/icudt64l/lang/sr_Cyrl.res" 1541
"../../../Engine/Content/Internationalization/icudt64l/lang/sr_BA.res" 1542
"../../../Engine/Content/Internationalization/icudt64l/lang/sr_Cyrl_BA.res" 1543
"../../../Engine/Content/Internationalization/icudt64l/region/sr_BA.res" 1544
"../../../Engine/Content/Internationalization/icudt64l/region/sr_Cyrl_BA.res" 1545
"../../../Engine/Content/Internationalization/icudt64l/region/sr_Cyrl.res" 1546
"../../../Engine/Content/Internationalization/icudt64l/region/sr.res" 1547
"../../../Engine/Content/Internationalization/icudt64l/lang/sr_ME.res" 1548
"../../../Engine/Content/Internationalization/icudt64l/lang/sr_Latn_ME.res" 1549
"../../../Engine/Content/Internationalization/icudt64l/lang/sr_Latn.res" 1550
"../../../Engine/Content/Internationalization/icudt64l/region/sr_ME.res" 1551
"../../../Engine/Content/Internationalization/icudt64l/region/sr_Latn_ME.res" 1552
"../../../Engine/Content/Internationalization/icudt64l/region/sr_Latn.res" 1553
"../../../Engine/Content/Internationalization/icudt64l/lang/sr_Cyrl_ME.res" 1554
"../../../Engine/Content/Internationalization/icudt64l/region/sr_Cyrl_ME.res" 1555
"../../../Engine/Content/Internationalization/icudt64l/lang/sr_RS.res" 1556
"../../../Engine/Content/Internationalization/icudt64l/lang/sr_Cyrl_RS.res" 1557
"../../../Engine/Content/Internationalization/icudt64l/region/sr_RS.res" 1558
"../../../Engine/Content/Internationalization/icudt64l/region/sr_Cyrl_RS.res" 1559
"../../../Engine/Content/Internationalization/icudt64l/lang/sr_XK.res" 1560
"../../../Engine/Content/Internationalization/icudt64l/lang/sr_Cyrl_XK.res" 1561
"../../../Engine/Content/Internationalization/icudt64l/region/sr_XK.res" 1562
"../../../Engine/Content/Internationalization/icudt64l/region/sr_Cyrl_XK.res" 1563
"../../../Engine/Content/Internationalization/icudt64l/lang/sr_Latn_BA.res" 1564
"../../../Engine/Content/Internationalization/icudt64l/region/sr_Latn_BA.res" 1565
"../../../Engine/Content/Internationalization/icudt64l/lang/sr_Latn_RS.res" 1566
"../../../Engine/Content/Internationalization/icudt64l/region/sr_Latn_RS.res" 1567
"../../../Engine/Content/Internationalization/icudt64l/lang/sr_Latn_XK.res" 1568
"../../../Engine/Content/Internationalization/icudt64l/region/sr_Latn_XK.res" 1569
"../../../Engine/Content/Internationalization/icudt64l/lang/sv.res" 1570
"../../../Engine/Content/Internationalization/icudt64l/region/sv.res" 1571
"../../../Engine/Content/Internationalization/icudt64l/lang/sv_FI.res" 1572
"../../../Engine/Content/Internationalization/icudt64l/lang/sw.res" 1573
"../../../Engine/Content/Internationalization/icudt64l/lang/sw_CD.res" 1574
"../../../Engine/Content/Internationalization/icudt64l/region/sw_CD.res" 1575
"../../../Engine/Content/Internationalization/icudt64l/region/sw.res" 1576
"../../../Engine/Content/Internationalization/icudt64l/lang/sw_KE.res" 1577
"../../../Engine/Content/Internationalization/icudt64l/region/sw_KE.res" 1578
"../../../Engine/Content/Internationalization/icudt64l/lang/ta.res" 1579
"../../../Engine/Content/Internationalization/icudt64l/region/ta.res" 1580
"../../../Engine/Content/Internationalization/icudt64l/lang/te.res" 1581
"../../../Engine/Content/Internationalization/icudt64l/region/te.res" 1582
"../../../Engine/Content/Internationalization/icudt64l/lang/teo.res" 1583
"../../../Engine/Content/Internationalization/icudt64l/region/teo.res" 1584
"../../../Engine/Content/Internationalization/icudt64l/lang/tg.res" 1585
"../../../Engine/Content/Internationalization/icudt64l/region/tg.res" 1586
"../../../Engine/Content/Internationalization/icudt64l/lang/th.res" 1587
"../../../Engine/Content/Internationalization/icudt64l/lang/th_TH.res" 1588
"../../../Engine/Content/Internationalization/icudt64l/region/th_TH.res" 1589
"../../../Engine/Content/Internationalization/icudt64l/region/th.res" 1590
"../../../Engine/Content/Internationalization/icudt64l/lang/ti.res" 1591
"../../../Engine/Content/Internationalization/icudt64l/region/ti.res" 1592
"../../../Engine/Content/Internationalization/icudt64l/lang/tk.res" 1593
"../../../Engine/Content/Internationalization/icudt64l/region/tk.res" 1594
"../../../Engine/Content/Internationalization/icudt64l/lang/to.res" 1595
"../../../Engine/Content/Internationalization/icudt64l/region/to.res" 1596
"../../../Engine/Content/Internationalization/icudt64l/lang/tr.res" 1597
"../../../Engine/Content/Internationalization/icudt64l/region/tr.res" 1598
"../../../Engine/Content/Internationalization/icudt64l/lang/tt.res" 1599
"../../../Engine/Content/Internationalization/icudt64l/region/tt.res" 1600
"../../../Engine/Content/Internationalization/icudt64l/lang/twq.res" 1601
"../../../Engine/Content/Internationalization/icudt64l/region/twq.res" 1602
"../../../Engine/Content/Internationalization/icudt64l/lang/tzm.res" 1603
"../../../Engine/Content/Internationalization/icudt64l/region/tzm.res" 1604
"../../../Engine/Content/Internationalization/icudt64l/lang/ug.res" 1605
"../../../Engine/Content/Internationalization/icudt64l/region/ug.res" 1606
"../../../Engine/Content/Internationalization/icudt64l/lang/uk.res" 1607
"../../../Engine/Content/Internationalization/icudt64l/region/uk.res" 1608
"../../../Engine/Content/Internationalization/icudt64l/lang/ur.res" 1609
"../../../Engine/Content/Internationalization/icudt64l/lang/ur_IN.res" 1610
"../../../Engine/Content/Internationalization/icudt64l/region/ur_IN.res" 1611
"../../../Engine/Content/Internationalization/icudt64l/region/ur.res" 1612
"../../../Engine/Content/Internationalization/icudt64l/lang/uz.res" 1613
"../../../Engine/Content/Internationalization/icudt64l/lang/uz_Arab.res" 1614
"../../../Engine/Content/Internationalization/icudt64l/lang/uz_AF.res" 1615
"../../../Engine/Content/Internationalization/icudt64l/lang/uz_Arab_AF.res" 1616
"../../../Engine/Content/Internationalization/icudt64l/region/uz_AF.res" 1617
"../../../Engine/Content/Internationalization/icudt64l/region/uz_Arab_AF.res" 1618
"../../../Engine/Content/Internationalization/icudt64l/region/uz_Arab.res" 1619
"../../../Engine/Content/Internationalization/icudt64l/lang/uz_Cyrl.res" 1620
"../../../Engine/Content/Internationalization/icudt64l/lang/uz_UZ.res" 1621
"../../../Engine/Content/Internationalization/icudt64l/lang/uz_Latn_UZ.res" 1622
"../../../Engine/Content/Internationalization/icudt64l/lang/uz_Latn.res" 1623
"../../../Engine/Content/Internationalization/icudt64l/region/uz_UZ.res" 1624
"../../../Engine/Content/Internationalization/icudt64l/region/uz_Latn_UZ.res" 1625
"../../../Engine/Content/Internationalization/icudt64l/region/uz_Latn.res" 1626
"../../../Engine/Content/Internationalization/icudt64l/region/uz.res" 1627
"../../../Engine/Content/Internationalization/icudt64l/region/uz_Cyrl.res" 1628
"../../../Engine/Content/Internationalization/icudt64l/lang/vai.res" 1629
"../../../Engine/Content/Internationalization/icudt64l/lang/vai_Latn.res" 1630
"../../../Engine/Content/Internationalization/icudt64l/lang/vai_LR.res" 1631
"../../../Engine/Content/Internationalization/icudt64l/lang/vai_Vaii_LR.res" 1632
"../../../Engine/Content/Internationalization/icudt64l/lang/vai_Vaii.res" 1633
"../../../Engine/Content/Internationalization/icudt64l/region/vai_LR.res" 1634
"../../../Engine/Content/Internationalization/icudt64l/region/vai_Vaii_LR.res" 1635
"../../../Engine/Content/Internationalization/icudt64l/region/vai_Vaii.res" 1636
"../../../Engine/Content/Internationalization/icudt64l/region/vai.res" 1637
"../../../Engine/Content/Internationalization/icudt64l/region/vai_Latn.res" 1638
"../../../Engine/Content/Internationalization/icudt64l/lang/vi.res" 1639
"../../../Engine/Content/Internationalization/icudt64l/region/vi.res" 1640
"../../../Engine/Content/Internationalization/icudt64l/lang/vun.res" 1641
"../../../Engine/Content/Internationalization/icudt64l/region/vun.res" 1642
"../../../Engine/Content/Internationalization/icudt64l/lang/wae.res" 1643
"../../../Engine/Content/Internationalization/icudt64l/region/wae.res" 1644
"../../../Engine/Content/Internationalization/icudt64l/lang/wo.res" 1645
"../../../Engine/Content/Internationalization/icudt64l/region/wo.res" 1646
"../../../Engine/Content/Internationalization/icudt64l/lang/xh.res" 1647
"../../../Engine/Content/Internationalization/icudt64l/region/xh.res" 1648
"../../../Engine/Content/Internationalization/icudt64l/lang/xog.res" 1649
"../../../Engine/Content/Internationalization/icudt64l/region/xog.res" 1650
"../../../Engine/Content/Internationalization/icudt64l/lang/yav.res" 1651
"../../../Engine/Content/Internationalization/icudt64l/region/yav.res" 1652
"../../../Engine/Content/Internationalization/icudt64l/lang/yi.res" 1653
"../../../Engine/Content/Internationalization/icudt64l/region/yi.res" 1654
"../../../Engine/Content/Internationalization/icudt64l/lang/yo.res" 1655
"../../../Engine/Content/Internationalization/icudt64l/lang/yo_BJ.res" 1656
"../../../Engine/Content/Internationalization/icudt64l/region/yo_BJ.res" 1657
"../../../Engine/Content/Internationalization/icudt64l/region/yo.res" 1658
"../../../Engine/Content/Internationalization/icudt64l/lang/yue.res" 1659
"../../../Engine/Content/Internationalization/icudt64l/lang/yue_Hans.res" 1660
"../../../Engine/Content/Internationalization/icudt64l/lang/yue_CN.res" 1661
"../../../Engine/Content/Internationalization/icudt64l/lang/yue_Hans_CN.res" 1662
"../../../Engine/Content/Internationalization/icudt64l/region/yue_CN.res" 1663
"../../../Engine/Content/Internationalization/icudt64l/region/yue_Hans_CN.res" 1664
"../../../Engine/Content/Internationalization/icudt64l/region/yue_Hans.res" 1665
"../../../Engine/Content/Internationalization/icudt64l/lang/yue_Hant.res" 1666
"../../../Engine/Content/Internationalization/icudt64l/lang/yue_HK.res" 1667
"../../../Engine/Content/Internationalization/icudt64l/lang/yue_Hant_HK.res" 1668
"../../../Engine/Content/Internationalization/icudt64l/region/yue_HK.res" 1669
"../../../Engine/Content/Internationalization/icudt64l/region/yue_Hant_HK.res" 1670
"../../../Engine/Content/Internationalization/icudt64l/region/yue_Hant.res" 1671
"../../../Engine/Content/Internationalization/icudt64l/region/yue.res" 1672
"../../../Engine/Content/Internationalization/icudt64l/lang/zgh.res" 1673
"../../../Engine/Content/Internationalization/icudt64l/region/zgh.res" 1674
"../../../Engine/Content/Internationalization/icudt64l/lang/zh.res" 1675
"../../../Engine/Content/Internationalization/icudt64l/lang/zh_Hans.res" 1676
"../../../Engine/Content/Internationalization/icudt64l/lang/zh_CN.res" 1677
"../../../Engine/Content/Internationalization/icudt64l/lang/zh_Hans_CN.res" 1678
"../../../Engine/Content/Internationalization/icudt64l/region/zh_CN.res" 1679
"../../../Engine/Content/Internationalization/icudt64l/region/zh_Hans_CN.res" 1680
"../../../Engine/Content/Internationalization/icudt64l/region/zh_Hans.res" 1681
"../../../Engine/Content/Internationalization/icudt64l/region/zh.res" 1682
"../../../Engine/Content/Internationalization/icudt64l/lang/zh_HK.res" 1683
"../../../Engine/Content/Internationalization/icudt64l/lang/zh_Hant_HK.res" 1684
"../../../Engine/Content/Internationalization/icudt64l/lang/zh_Hant.res" 1685
"../../../Engine/Content/Internationalization/icudt64l/region/zh_HK.res" 1686
"../../../Engine/Content/Internationalization/icudt64l/region/zh_Hant_HK.res" 1687
"../../../Engine/Content/Internationalization/icudt64l/region/zh_Hant.res" 1688
"../../../Engine/Content/Internationalization/icudt64l/lang/zh_MO.res" 1689
"../../../Engine/Content/Internationalization/icudt64l/lang/zh_Hant_MO.res" 1690
"../../../Engine/Content/Internationalization/icudt64l/region/zh_MO.res" 1691
"../../../Engine/Content/Internationalization/icudt64l/region/zh_Hant_MO.res" 1692
"../../../Engine/Content/Internationalization/icudt64l/lang/zh_SG.res" 1693
"../../../Engine/Content/Internationalization/icudt64l/lang/zh_Hans_SG.res" 1694
"../../../Engine/Content/Internationalization/icudt64l/region/zh_SG.res" 1695
"../../../Engine/Content/Internationalization/icudt64l/region/zh_Hans_SG.res" 1696
"../../../Engine/Content/Internationalization/icudt64l/lang/zh_TW.res" 1697
"../../../Engine/Content/Internationalization/icudt64l/lang/zh_Hant_TW.res" 1698
"../../../Engine/Content/Internationalization/icudt64l/region/zh_TW.res" 1699
"../../../Engine/Content/Internationalization/icudt64l/region/zh_Hant_TW.res" 1700
"../../../Engine/Content/Internationalization/icudt64l/lang/zu.res" 1701
"../../../Engine/Content/Internationalization/icudt64l/region/zu.res" 1702
"../../../Engine/Content/Internationalization/icudt64l/lang/no.res" 1703
"../../../Engine/Content/Internationalization/icudt64l/lang/tl.res" 1704
"../../../Engine/Config/Android/DataDrivenPlatformInfo.ini" 1705
"../../../Engine/Config/HoloLens/DataDrivenPlatformInfo.ini" 1706
"../../../Engine/Config/IOS/DataDrivenPlatformInfo.ini" 1707
"../../../Engine/Config/Linux/DataDrivenPlatformInfo.ini" 1708
"../../../Engine/Config/LinuxArm64/DataDrivenPlatformInfo.ini" 1709
"../../../Engine/Config/Mac/DataDrivenPlatformInfo.ini" 1710
"../../../Engine/Config/TVOS/DataDrivenPlatformInfo.ini" 1711
"../../../Engine/Config/Unix/DataDrivenPlatformInfo.ini" 1712
"../../../Engine/Config/VulkanPC/DataDrivenPlatformInfo.ini" 1713
"../../../Engine/Config/Windows/DataDrivenPlatformInfo.ini" 1714
"../../../Engine/DerivedDataCache/Compressed.ddp" 1715
"C:/Users/andrz/AppData/Local/UnrealEngine/Common/DerivedDataCache/TestData/0/TestData_4kb.dat" 1716
"C:/Users/andrz/AppData/Local/UnrealEngine/Common/DerivedDataCache/TestData/1/TestData_4kb.dat" 1717
"C:/Users/andrz/AppData/Local/UnrealEngine/Common/DerivedDataCache/TestData/0/TestData_8kb.dat" 1718
"C:/Users/andrz/AppData/Local/UnrealEngine/Common/DerivedDataCache/TestData/1/TestData_8kb.dat" 1719
"C:/Users/andrz/AppData/Local/UnrealEngine/Common/DerivedDataCache/TestData/0/TestData_16kb.dat" 1720
"C:/Users/andrz/AppData/Local/UnrealEngine/Common/DerivedDataCache/TestData/1/TestData_16kb.dat" 1721
"C:/Users/andrz/AppData/Local/UnrealEngine/Common/DerivedDataCache/TestData/0/TestData_64kb.dat" 1722
"C:/Users/andrz/AppData/Local/UnrealEngine/Common/DerivedDataCache/TestData/1/TestData_64kb.dat" 1723
"C:/Users/andrz/AppData/Local/UnrealEngine/Common/DerivedDataCache/TestData/0/TestData_128kb.dat" 1724
"C:/Users/andrz/AppData/Local/UnrealEngine/Common/DerivedDataCache/TestData/1/TestData_128kb.dat" 1725
"C:/Users/andrz/AppData/Local/UnrealEngine/Common/DerivedDataCache/TestData/0/TestData_256kb.dat" 1726
"C:/Users/andrz/AppData/Local/UnrealEngine/Common/DerivedDataCache/TestData/1/TestData_256kb.dat" 1727
"../../../Engine/Plugins/FX/Niagara/Shaders/Private/NiagaraSpriteVertexFactory.ush" 1728
"../../../Engine/Shaders/Private/VertexFactoryCommon.ush" 1729
"../../../Engine/Shaders/Private/Common.ush" 1730
"../../../Engine/Shaders/Public/Platform.ush" 1731
"../../../Engine/Shaders/Public/FP16Math.ush" 1732
"../../../Engine/Shaders/Public/Platform/D3D/D3DCommon.ush" 1733
"../../../Engine/Shaders/Public/BindlessResources.ush" 1734
"../../../Engine/Shaders/Public/ShaderVersion.ush" 1735
"../../../Engine/Shaders/Private/GeneratedUniformBufferTypes.ush" 1736
"../../../Engine/Shaders/Private/Nanite/NanitePackedNaniteView.ush" 1737
"../../../Engine/Shaders/Private/HairStrands/HairStrandsVisibilityCommonStruct.ush" 1738
"../../../Engine/Shaders/Private/HairStrands/HairStrandsVoxelPageCommonStruct.ush" 1739
"../../../Engine/Shaders/Private/HairStrands/HairStrandsDeepShadowCommonStruct.ush" 1740
"../../../Engine/Shaders/Private/CommonViewUniformBuffer.ush" 1741
"../../../Engine/Shaders/Private/LargeWorldCoordinates.ush" 1742
"../../../Engine/Shaders/Private/LWCOperations.ush" 1743
"../../../Engine/Shaders/Private/InstancedStereo.ush" 1744
"../../../Engine/Shaders/Private/Definitions.usf" 1745
"../../../Engine/Shaders/Private/AssertionMacros.ush" 1746
"../../../Engine/Shaders/Private/FastMath.ush" 1747
"../../../Engine/Shaders/Private/FastMathThirdParty.ush" 1748
"../../../Engine/Shaders/Private/Random.ush" 1749
"../../../Engine/Shaders/Private/SceneData.ush" 1750
"../../../Engine/Shaders/Private/OctahedralCommon.ush" 1751
"../../../Engine/Shaders/Shared/LightSceneData.h" 1752
"../../../Engine/Shaders/Shared/HLSLTypeAliases.h" 1753
"../../../Engine/Shaders/Private/ParticleVertexFactoryCommon.ush" 1754
"../../../Engine/Plugins/FX/Niagara/Shaders/Private/NiagaraVFCommon.usf" 1755
"../../../Engine/Plugins/FX/Niagara/Shaders/Private/NiagaraVFParticleAccess.usf" 1756
"../../../Engine/Plugins/FX/Niagara/Shaders/Private/NiagaraParticleAccess.ush" 1757
"../../../Engine/Shaders/Private/VertexFactoryDefaultInterface.ush" 1758
"../../../Engine/Plugins/FX/Niagara/Shaders/Private/NiagaraRibbonVertexFactory.ush" 1759
"../../../Engine/Plugins/FX/Niagara/Shaders/Private/NiagaraMeshVertexFactory.ush" 1760
"../../../Engine/Plugins/FX/Niagara/Shaders/Private/NiagaraCommon.ush" 1761
"../../../Engine/Plugins/FX/Niagara/Shaders/Private/NiagaraMeshParticleUtils.ush" 1762
"../../../Engine/Shaders/Private/RayTracing/RayTracingCommon.ush" 1763
"../../../Engine/Shaders/Private/ShadingCommon.ush" 1764
"../../../Engine/Shaders/Shared/RayTracingDefinitions.h" 1765
"../../../Engine/Shaders/Shared/RayTracingPayloadType.h" 1766
"../../../Engine/Shaders/Shared/HLSLStaticAssert.h" 1767
"../../../Engine/Shaders/Private/RayTracing/RayTracingRayCone.ush" 1768
"../../../Engine/Shaders/Private/Strata/Strata.ush" 1769
"../../../Engine/Shaders/Private/ShadingEnergyConservation.ush" 1770
"../../../Engine/Shaders/Private/ShadingEnergyConservationTemplate.ush" 1771
"../../../Engine/Shaders/Private/BRDF.ush" 1772
"../../../Engine/Shaders/Private/ColorSpace.ush" 1773
"../../../Engine/Shaders/Private/DeferredShadingCommon.ush" 1774
"../../../Engine/Shaders/Private/LightAccumulator.ush" 1775
"../../../Engine/Shaders/Private/SceneTexturesCommon.ush" 1776
"../../../Engine/Shaders/Private/MonteCarlo.ush" 1777
"../../../Engine/Shaders/Private/GBufferHelpers.ush" 1778
"../../../Engine/Shaders/Private/SceneTextureParameters.ush" 1779
"F:/DANE/Project_2024/Intermediate/ShaderAutogen/PCD3D_SM5/AutogenShaderHeaders.ush" 1780
"../../../Engine/Shaders/Private/ParticipatingMediaCommon.ush" 1781
"../../../Engine/Shaders/Private/ThinFilmBSDF.ush" 1782
"../../../Engine/Shaders/Private/MortonCode.ush" 1783
"../../../Engine/Shaders/Private/SubsurfaceProfileCommon.ush" 1784
"../../../Engine/Shaders/Private/BurleyNormalizedSSSCommon.ush" 1785
"../../../Engine/Shaders/Private/GammaCorrectionCommon.ush" 1786
"../../../Engine/Shaders/Shared/StrataDefinitions.h" 1787
"../../../Engine/Shaders/Private/Strata/StrataStatisticalOperators.ush" 1788
"../../../Engine/Shaders/Private/RayTracing/RayTracingCommonMetal.ush" 1789
"../../../Engine/Shaders/Private/PositionReconstructionCommon.ush" 1790
"../../../Engine/Shaders/Private/RayTracing/RayTracingHitGroupCommon.ush" 1791
"../../../Engine/Shaders/Shared/RayTracingBuiltInResources.h" 1792
"../../../Engine/Shaders/Private/VectorFieldVisualizationVertexFactory.ush" 1793
"../../../Engine/Shaders/Private/Nanite/NaniteVertexFactory.ush" 1794
"../../../Engine/Shaders/Private/LightmapData.ush" 1795
"../../../Engine/Shaders/Private/Nanite/NaniteDataDecode.ush" 1796
"../../../Engine/Shaders/Private/BitPacking.ush" 1797
"../../../Engine/Shaders/Private/BitStreamReaderImplementation.ush" 1798
"../../../Engine/Shaders/Shared/NaniteDefinitions.h" 1799
"../../../Engine/Shaders/Private/Nanite/NaniteAttributeDecode.ush" 1800
"../../../Engine/Shaders/Private/ParticleSpriteVertexFactory.ush" 1801
"../../../Engine/Shaders/Private/ParticleGPUSpriteVertexFactory.ush" 1802
"../../../Engine/Shaders/Private/ParticleBeamTrailVertexFactory.ush" 1803
"../../../Engine/Shaders/Private/MeshParticleVertexFactory.ush" 1804
"../../../Engine/Shaders/Private/LocalVertexFactory.ush" 1805
"../../../Engine/Shaders/Private/LocalVertexFactoryCommon.ush" 1806
"../../../Engine/Shaders/Private/GpuSkinCommon.ush" 1807
"../../../Engine/Shaders/Private/GpuSkinVertexFactory.ush" 1808
"../../../Engine/Shaders/Private/GeometryCollectionVertexFactory.ush" 1809
"../../../Engine/Shaders/Private/GeometryCacheVertexFactory.ush" 1810
"../../../Engine/Shaders/Private/LandscapeVertexFactory.ush" 1811
"../../../Engine/Plugins/FX/Niagara/Shaders/Private/NiagaraFillIntBuffer.usf" 1812
"../../../Engine/Plugins/FX/Niagara/Shaders/Private/NiagaraComputeFreeIDs.usf" 1813
"../../../Engine/Plugins/FX/Niagara/Shaders/Private/NiagaraInitFreeIDBuffer.usf" 1814
"../../../Engine/Plugins/FX/Niagara/Shaders/Private/NiagaraEmitterInstanceShader.usf" 1815
"../../../Engine/Plugins/FX/Niagara/Shaders/Private/NiagaraShaderVersion.ush" 1816
"../../../Engine/Shaders/Private/DistanceField/GlobalDistanceFieldShared.ush" 1817
"../../../Engine/Plugins/FX/Niagara/Shaders/Private/NiagaraPhysicsCommon.ush" 1818
"../../../Engine/Plugins/FX/Niagara/Shaders/Private/Ribbons/NiagaraRibbonGenerateIndices.usf" 1819
"../../../Engine/Plugins/FX/Niagara/Shaders/Private/Ribbons/NiagaraRibbonCommon.ush" 1820
"../../../Engine/Plugins/FX/Niagara/Shaders/Private/Ribbons/NiagaraRibbonInitializeIndices.usf" 1821
"../../../Engine/Plugins/FX/Niagara/Shaders/Private/Ribbons/NiagaraRibbonRibbonUVParamCalculation.usf" 1822
"../../../Engine/Plugins/FX/Niagara/Shaders/Private/Ribbons/NiagaraRibbonVertexReductionFinalization.usf" 1823
"../../../Engine/Plugins/FX/Niagara/Shaders/Private/Ribbons/NiagaraRibbonVertexReductionPropagation.usf" 1824
"../../../Engine/Plugins/FX/Niagara/Shaders/Private/Ribbons/NiagaraRibbonVertexReductionInitialization.usf" 1825
"../../../Engine/Plugins/FX/Niagara/Shaders/Private/Ribbons/NiagaraRibbonSortParticles.usf" 1826
"../../../Engine/Plugins/FX/Niagara/Shaders/Private/NiagaraUpdateMeshGPUSceneInstances.usf" 1827
"../../../Engine/Shaders/Private/ComputeShaderUtils.ush" 1828
"../../../Engine/Shaders/Private/GPUScene/GPUSceneWriter.ush" 1829
"../../../Engine/Plugins/FX/Niagara/Shaders/Private/NiagaraGenerateMips.usf" 1830
"../../../Engine/Plugins/FX/Niagara/Shaders/Private/NiagaraDebugDraw.usf" 1831
"../../../Engine/Plugins/FX/Niagara/Shaders/Private/NiagaraDebugDraw.ush" 1832
"../../../Engine/Plugins/FX/Niagara/Shaders/Private/NiagaraVisualizeTexture.usf" 1833
"../../../Engine/Plugins/FX/Niagara/Shaders/Private/NiagaraClearCounts.usf" 1834
"../../../Engine/Plugins/FX/Niagara/Shaders/Private/NiagaraBatchedElements.usf" 1835
"../../../Engine/Plugins/FX/Niagara/Shaders/Private/NiagaraRayTracingShaders.usf" 1836
"../../../Engine/Plugins/FX/Niagara/Shaders/Private/NiagaraAsyncGpuTraceCommon.ush" 1837
"../../../Engine/Shaders/Private/HashTable.ush" 1838
"../../../Engine/Shaders/Private/Hash.ush" 1839
"../../../Engine/Shaders/Private/RayTracing/VFXTraceRay.ush" 1840
"../../../Engine/Plugins/FX/Niagara/Shaders/Private/NiagaraRayMarchingShaders.usf" 1841
"../../../Engine/Plugins/FX/Niagara/Shaders/Private/NiagaraRayTraceCollisionGroupShaders.usf" 1842
"../../../Engine/Plugins/FX/Niagara/Shaders/Private/NiagaraAsyncGpuTraceUtils.usf" 1843
"../../../Engine/Plugins/FX/Niagara/Shaders/Private/NiagaraSortKeyGen.usf" 1844
"../../../Engine/Plugins/FX/Niagara/Shaders/Private/NiagaraGPURayTracingTransforms.usf" 1845
"../../../Engine/Plugins/FX/Niagara/Shaders/Private/NiagaraDrawIndirectArgsGen.usf" 1846
"../../../Engine/Plugins/FX/Niagara/Shaders/Private/NiagaraDispatchIndirectArgsGen.usf" 1847
"../../../Engine/Plugins/Enterprise/GLTFExporter/Shaders/Private/SimpleTexture2DPS.usf" 1848
"../../../Engine/Shaders/Private/SimpleElementNormalMapPixelShader.usf" 1849
"../../../Engine/Plugins/Media/ImgMedia/Shaders/Private/ExrSwizzler.usf" 1850
"../../../Engine/Plugins/Media/WmfMedia/Shaders/Private/MediaHardwareVideoDecoding.usf" 1851
"../../../Engine/Shaders/Private/ColorUtils.ush" 1852
"../../../Engine/Shaders/Private/SlateElementPixelShader.usf" 1853
"../../../Engine/Shaders/Private/SlateShaderCommon.ush" 1854
"../../../Engine/Shaders/Private/MaterialTemplate.ush" 1855
"../../../Engine/Shaders/Private/EyeAdaptationCommon.ush" 1856
"../../../Engine/Shaders/Private/SobolRandom.ush" 1857
"../../../Engine/Shaders/Private/DepthOfFieldCommon.ush" 1858
"../../../Engine/Shaders/Private/CircleDOFCommon.ush" 1859
"../../../Engine/Shaders/Private/PhysicsFieldSampler.ush" 1860
"../../../Engine/Shaders/Private/PhysicsFieldShared.ush" 1861
"../../../Engine/Shaders/Private/HairShadingCommon.ush" 1862
"../../../Engine/Shaders/Private/HairStrands/HairCardsAttributeCommon.ush" 1863
"../../../Engine/Shaders/Private/HairStrands/HairStrandsVertexFactoryCommon.ush" 1864
"../../../Engine/Shaders/Shared/HairStrandsDefinitions.h" 1865
"../../../Engine/Shaders/Private/HairStrands/HairStrandsAttributeCommon.ush" 1866
"../../../Engine/Shaders/Private/SpeedTreeCommon.ush" 1867
"../../../Engine/Shaders/Private/VirtualTextureCommon.ush" 1868
"../../../Engine/Shaders/Private/MaterialTexture.ush" 1869
"../../../Engine/Shaders/Private/MinMaterialTexCoords.ush" 1870
"../../../Engine/Shaders/Private/SkyAtmosphereCommon.ush" 1871
"../../../Engine/Shaders/Private/SingleLayerWaterCommon.ush" 1872
"../../../Engine/Shaders/Private/TextureSampling.ush" 1873
"../../../Engine/Shaders/Private/PaniniProjection.ush" 1874
"../../../Engine/Shaders/Private/DBufferNormalReprojection.ush" 1875
"../../../Engine/Shaders/Private/Strata/StrataTree.ush" 1876
"../../../Engine/Shaders/Private/Strata/StrataEvaluation.ush" 1877
"../../../Engine/Shaders/Private/SHCommon.ush" 1878
"../../../Engine/Shaders/Private/ShadingModels.ush" 1879
"../../../Engine/Shaders/Private/CapsuleLight.ush" 1880
"../../../Engine/Shaders/Private/RectLight.ush" 1881
"../../../Engine/Shaders/Private/LightData.ush" 1882
"../../../Engine/Shaders/Private/AreaLightCommon.ush" 1883
"../../../Engine/Shaders/Private/TransmissionCommon.ush" 1884
"../../../Engine/Shaders/Private/HairBsdf.ush" 1885
"../../../Engine/Shaders/Private/MobileGGX.ush" 1886
"../../../Engine/Shaders/Private/ShadingModelsSampling.ush" 1887
"../../../Engine/Shaders/Private/HairStrands/HairBsdfSample.ush" 1888
"../../../Engine/Shaders/Private/HairStrands/HairStrandsCommon.ush" 1889
"../../../Engine/Shaders/Private/HairStrands/HairStrandsDeepTransmittanceCommon.ush" 1890
"../../../Engine/Shaders/Private/HairStrands/HairStrandsDeepTransmittanceDualScattering.ush" 1891
"../../../Engine/Shaders/Private/HairStrands/HairStrandsEnvironmentLightingCommon.ush" 1892
"../../../Engine/Shaders/Private/Strata/StrataLegacyConversion.ush" 1893
"../../../Engine/Shaders/Private/DBufferDecalShared.ush" 1894
"../../../Engine/Shaders/Private/CompositeUIPixelShader.usf" 1895
"../../../Engine/Shaders/Private/TonemapCommon.ush" 1896
"../../../Engine/Shaders/Private/ACES.ush" 1897
"../../../Engine/Shaders/Private/ColorDeficiency.ush" 1898
"../../../Engine/Shaders/Private/SlateMaskingShader.usf" 1899
"../../../Engine/Shaders/Private/SlatePostProcessColorDeficiencyPixelShader.usf" 1900
"../../../Engine/Shaders/Private/SlatePostProcessPixelShader.usf" 1901
"../../../Engine/Shaders/Private/SlateVertexShader.usf" 1902
"../../../Engine/Shaders/Private/TranslucentLightingShaders.usf" 1903
"../../../Engine/Shaders/Private/ShadowProjectionCommon.ush" 1904
"../../../Engine/Shaders/Private/CubemapCommon.ush" 1905
"../../../Engine/Shaders/Private/VectorFieldCompositeShaders.usf" 1906
"../../../Engine/Shaders/Private/UpdateTextureShaders.usf" 1907
"../../../Engine/Shaders/Private/StereoLayerShader.usf" 1908
"../../../Engine/Shaders/Private/MorphTargets.usf" 1909
"../../../Engine/Shaders/Private/SimpleElementColorChannelMaskPixelShader.usf" 1910
"../../../Engine/Shaders/Private/SimpleElementHitProxyPixelShader.usf" 1911
"../../../Engine/Shaders/Private/SimpleElementPixelShader.usf" 1912
"../../../Engine/Shaders/Private/IESLightProfilesCommon.ush" 1913
"../../../Engine/Shaders/Private/SimpleElementVertexShader.usf" 1914
"../../../Engine/Shaders/Private/ScreenPixelShaderOES.usf" 1915
"../../../Engine/Shaders/Private/ScreenVertexShader.usf" 1916
"../../../Engine/Shaders/Private/ScreenPixelShader.usf" 1917
"../../../Engine/Shaders/Private/SSProfilePreIntegratedMobile.usf" 1918
"../../../Engine/Shaders/Private/Nanite/NaniteClusterCulling.usf" 1919
"../../../Engine/Shaders/Private/Nanite/NaniteCulling.ush" 1920
"../../../Engine/Shaders/Private/Nanite/NaniteHierarchyTraversalCommon.ush" 1921
"../../../Engine/Shaders/Private/Nanite/NaniteHierarchyTraversal.ush" 1922
"../../../Engine/Shaders/Private/WaveOpUtil.ush" 1923
"../../../Engine/Shaders/Private/VirtualShadowMaps/VirtualShadowMapPageOverlap.ush" 1924
"../../../Engine/Shaders/Private/Nanite/NaniteHZBCull.ush" 1925
"../../../Engine/Shaders/Private/VirtualShadowMaps/VirtualShadowMapPageAccessCommon.ush" 1926
"../../../Engine/Shaders/Shared/VirtualShadowMapDefinitions.h" 1927
"../../../Engine/Shaders/Private/VirtualShadowMaps/VirtualShadowMapStaticCaching.ush" 1928
"../../../Engine/Shaders/Private/Nanite/NaniteCullingCommon.ush" 1929
"../../../Engine/Shaders/Private/GPUMessaging.ush" 1930
"../../../Engine/Shaders/Private/Nanite/NaniteTranscode.usf" 1931
"../../../Engine/Shaders/Private/VolumetricLightmapStreaming.usf" 1932
"../../../Engine/Shaders/Private/PhysicsFieldReset.usf" 1933
"../../../Engine/Shaders/Private/PhysicsFieldBuilder.usf" 1934
"../../../Engine/Shaders/Private/PhysicsFieldEval.ush" 1935
"../../../Engine/Shaders/Private/ParticleSortKeyGen.usf" 1936
"../../../Engine/Shaders/Private/ParticleBoundsShader.usf" 1937
"../../../Engine/Shaders/Private/ParticleSimVisualizeShader.usf" 1938
"../../../Engine/Shaders/Private/ParticleInjectionShader.usf" 1939
"../../../Engine/Shaders/Private/ParticleSimulationShader.usf" 1940
"../../../Engine/Shaders/Private/ParticleCurveInjectionShader.usf" 1941
"../../../Engine/Shaders/Private/CopyUIntBuffer.usf" 1942
"../../../Engine/Shaders/Private/RadixSortShaders.usf" 1943
"../../../Engine/Shaders/Private/RecomputeTangentsPerVertexPass.usf" 1944
"../../../Engine/Shaders/Private/RecomputeTangentsCommon.ush" 1945
"../../../Engine/Shaders/Private/RecomputeTangentsPerTrianglePass.usf" 1946
"../../../Engine/Shaders/Private/GpuSkinCacheComputeShader.usf" 1947
"../../../Engine/Shaders/Private/HeightFieldAtlasManagement.usf" 1948
"../../../Engine/Shaders/Private/LandscapePhysicalMaterial.usf" 1949
"../../../Engine/Shaders/Private/LandscapeGrassWeight.usf" 1950
"../../../Engine/Shaders/Private/Landscape/LandscapeLayersWeightmapsPS.usf" 1951
"../../../Engine/Shaders/Private/Landscape/LandscapeLayersHeightmapsPS.usf" 1952
"../../../Engine/Shaders/Private/Landscape/LandscapeCommon.ush" 1953
"../../../Engine/Shaders/Private/LandscapeLayersCS.usf" 1954
"../../../Engine/Shaders/Private/LandscapeLayersPS.usf" 1955
"../../../Engine/Shaders/Private/LandscapeLayersVS.usf" 1956
"../../../Engine/Shaders/Private/Landscape/LandscapeMergeHeightmapsPS.usf" 1957
"../../../Engine/Shaders/Private/WideCustomResolveShaders.usf" 1958
"../../../Engine/Shaders/Private/WideCustomResolve_Wide.ush" 1959
"../../../Engine/Shaders/Private/WideCustomResolve_Wider.ush" 1960
"../../../Engine/Shaders/Private/WideCustomResolve_Widest.ush" 1961
"../../../Engine/Shaders/Private/PageTableUpdate.usf" 1962
"../../../Engine/Shaders/Private/VirtualTextureCompress.usf" 1963
"../../../Engine/Shaders/Private/BlockCompressionCommon.ush" 1964
"../../../Engine/Shaders/Private/BCCompressionCommon.ush" 1965
"../../../Engine/Shaders/Private/ETCCompressionCommon.ush" 1966
"../../../Engine/Shaders/Private/VirtualTextureMaterial.usf" 1967
"../../../Engine/Shaders/Private/PixelShaderOutputCommon.ush" 1968
"../../../Engine/Shaders/Private/ShaderOutputCommon.ush" 1969
"../../../Engine/Shaders/Private/VolumetricRenderTarget.usf" 1970
"../../../Engine/Shaders/Private/VolumetricFogVoxelization.usf" 1971
"../../../Engine/Shaders/Private/VolumetricCloudMaterialPixelCommon.ush" 1972
"../../../Engine/Shaders/Private/VolumetricFogLightFunction.usf" 1973
"../../../Engine/Shaders/Private/LightFunctionCommon.ush" 1974
"../../../Engine/Shaders/Private/VolumetricFog.usf" 1975
"../../../Engine/Shaders/Private/DeferredLightingCommon.ush" 1976
"../../../Engine/Shaders/Private/DynamicLightingCommon.ush" 1977
"../../../Engine/Shaders/Private/CapsuleLightIntegrate.ush" 1978
"../../../Engine/Shaders/Private/CapsuleLightSampling.ush" 1979
"../../../Engine/Shaders/Private/RectLightIntegrate.ush" 1980
"../../../Engine/Shaders/Private/LightGridCommon.ush" 1981
"../../../Engine/Shaders/Private/HeightFogCommon.ush" 1982
"../../../Engine/Shaders/Private/DistanceFieldAOShared.ush" 1983
"../../../Engine/Shaders/Private/VolumeLightingCommon.ush" 1984
"../../../Engine/Shaders/Private/ShadowFilteringCommon.ush" 1985
"../../../Engine/Shaders/Private/PixelQuadMessagePassing.ush" 1986
"../../../Engine/Shaders/Private/VolumeLightingCommonSampling.ush" 1987
"../../../Engine/Shaders/Private/VolumetricLightmapShared.ush" 1988
"../../../Engine/Shaders/Private/ForwardShadowingCommon.ush" 1989
"../../../Engine/Shaders/Private/LightDataUniforms.ush" 1990
"../../../Engine/Shaders/Private/Lumen/LumenTranslucencyVolumeShared.ush" 1991
"../../../Engine/Shaders/Private/Lumen/LumenRadianceCacheInterpolation.ush" 1992
"../../../Engine/Shaders/Private/VirtualShadowMaps/VirtualShadowMapProjectionCommon.ush" 1993
"../../../Engine/Shaders/Private/VirtualShadowMaps/VirtualShadowMapProjectionStructs.ush" 1994
"../../../Engine/Shaders/Private/VolumetricCloudCommon.ush" 1995
"../../../Engine/Shaders/Private/VolumetricCloud.usf" 1996
"../../../Engine/Shaders/Private/ColorMap.ush" 1997
"../../../Engine/Shaders/Private/ShaderPrint.ush" 1998
"../../../Engine/Shaders/Private/ShaderPrintCommon.ush" 1999
"../../../Engine/Shaders/Private/MiniFontCommon.ush" 2000
"../../../Engine/Shaders/Private/ReflectionEnvironmentShared.ush" 2001
"../../../Engine/Shaders/Private/BlueNoise.ush" 2002
"../../../Engine/Shaders/Private/VisualizeVolumetricLightmap.usf" 2003
"../../../Engine/Shaders/Private/VirtualShadowMaps/VirtualShadowMapProjectionComposite.usf" 2004
"../../../Engine/Shaders/Private/LightShaderParameters.ush" 2005
"../../../Engine/Shaders/Private/VirtualShadowMaps/VirtualShadowMapMaskBitsCommon.ush" 2006
"../../../Engine/Shaders/Private/VirtualShadowMaps/VirtualShadowMapProjection.usf" 2007
"../../../Engine/Shaders/Private/HairStrands/HairStrandsVisibilityCommon.ush" 2008
"../../../Engine/Shaders/Private/Visualization.ush" 2009
"../../../Engine/Shaders/Private/VirtualShadowMaps/VirtualShadowMapProjectionFilter.ush" 2010
"../../../Engine/Shaders/Private/VirtualShadowMaps/VirtualShadowMapProjectionDirectional.ush" 2011
"../../../Engine/Shaders/Private/PathTracing/Utilities/PathTracingRandomSequence.ush" 2012
"../../../Engine/Shaders/Private/VirtualShadowMaps/VirtualShadowMapSMRTCommon.ush" 2013
"../../../Engine/Shaders/Private/VirtualShadowMaps/VirtualShadowMapSMRTTemplate.ush" 2014
"../../../Engine/Shaders/Private/VirtualShadowMaps/VirtualShadowMapProjectionSpot.ush" 2015
"../../../Engine/Shaders/Private/VirtualShadowMaps/VirtualShadowMapTransmissionCommon.ush" 2016
"../../../Engine/Shaders/Private/HairStrands/HairStrandsVoxelPageCommon.ush" 2017
"../../../Engine/Shaders/Private/HairStrands/HairStrandsVoxelPageTraversal.ush" 2018
"../../../Engine/Shaders/Private/VirtualShadowMaps/VirtualShadowMapCacheManagement.usf" 2019
"../../../Engine/Shaders/Private/VirtualShadowMaps/VirtualShadowMapPageCacheCommon.ush" 2020
"../../../Engine/Shaders/Private/ScreenSpaceDenoise/SSDDefinitions.ush" 2021
"../../../Engine/Shaders/Private/InstanceCulling/InstanceCullingLoadBalancer.ush" 2022
"../../../Engine/Shaders/Private/VirtualShadowMaps/VirtualShadowMapCopyStats.usf" 2023
"../../../Engine/Shaders/Private/VirtualShadowMaps/VirtualShadowMapPageManagement.usf" 2024
"../../../Engine/Shaders/Shared/SingleLayerWaterDefinitions.h" 2025
"../../../Engine/Shaders/Private/HairStrands/HairStrandsTileCommon.ush" 2026
"../../../Engine/Shaders/Private/ReductionCommon.ush" 2027
"../../../Engine/Shaders/Private/VirtualShadowMaps/VirtualShadowMapStats.ush" 2028
"../../../Engine/Shaders/Private/VirtualShadowMaps/VirtualShadowMapBuildPerPageDrawCommands.usf" 2029
"../../../Engine/Shaders/Private/InstanceCulling/InstanceCullingCommon.ush" 2030
"../../../Engine/Shaders/Private/VirtualShadowMaps/VirtualShadowMapPrintStats.usf" 2031
"../../../Engine/Shaders/Private/VirtualShadowMaps/VirtualShadowMapDebug.usf" 2032
"../../../Engine/Shaders/Private/VelocityShader.usf" 2033
"../../../Engine/Shaders/Private/VelocityCommon.ush" 2034
"../../../Engine/Shaders/Private/VariableRateShading/VRSShadingRatePreview.usf" 2035
"../../../Engine/Shaders/Private/VariableRateShading/VRSShadingRateCommon.ush" 2036
"../../../Engine/Shaders/Private/VariableRateShading/VRSShadingRateCombine.usf" 2037
"../../../Engine/Shaders/Private/VariableRateShading/FixedFoveationVariableRateShading.usf" 2038
"../../../Engine/Shaders/Private/VariableRateShading/VRSShadingRateReproject.usf" 2039
"../../../Engine/Shaders/Private/VariableRateShading/VRSShadingRateCalculate.usf" 2040
"../../../Engine/Shaders/Private/TranslucencyUpsampling.usf" 2041
"../../../Engine/Shaders/Private/ScreenPass.ush" 2042
"../../../Engine/Shaders/Private/ComposeSeparateTranslucency.usf" 2043
"../../../Engine/Shaders/Private/SeparateTranslucency.ush" 2044
"../../../Engine/Shaders/Private/TranslucentLightInjectionShaders.usf" 2045
"../../../Engine/Shaders/Private/TranslucentShadowDepthShaders.usf" 2046
"../../../Engine/Shaders/Private/ShadowDepthCommon.ush" 2047
"../../../Engine/Shaders/Private/RayTracing/RayTracingTest.usf" 2048
"../../../Engine/Shaders/Private/PostProcessSubsurfaceTile.usf" 2049
"../../../Engine/Shaders/Private/Strata/StrataVisualize.usf" 2050
"../../../Engine/Shaders/Private/Strata/StrataTile.ush" 2051
"../../../Engine/Shaders/Private/SkyLightingDiffuseShared.ush" 2052
"../../../Engine/Shaders/Private/SkyLightingShared.ush" 2053
"../../../Engine/Shaders/Private/ClearCoatCommon.ush" 2054
"../../../Engine/Shaders/Private/ReflectionEnvironmentComposite.ush" 2055
"../../../Engine/Shaders/Private/Strata/StrataLightingCommon.ush" 2056
"../../../Engine/Shaders/Private/Strata/StrataRoughRefraction.usf" 2057
"../../../Engine/Shaders/Private/PathTracing/Material/PathTracingFresnel.ush" 2058
"../../../Engine/Shaders/Private/PathTracing/Material/PathTracingGlossy.ush" 2059
"../../../Engine/Shaders/Private/Strata/StrataTile.usf" 2060
"../../../Engine/Shaders/Private/Strata/StrataMaterialClassification.usf" 2061
"../../../Engine/Shaders/Private/Strata/StrataDBuffer.usf" 2062
"../../../Engine/Shaders/Private/SparseVolumeTexture/VisualizeSparseVolumeTexture.usf" 2063
"../../../Engine/Shaders/Private/SkyAtmosphere.usf" 2064
"../../../Engine/Shaders/Private/CopyDepthTexture.usf" 2065
"../../../Engine/Shaders/Private/SingleLayerWaterComposite.usf" 2066
"../../../Engine/Shaders/Private/ShadowProjectionVertexShader.usf" 2067
"../../../Engine/Shaders/Private/ShadowProjectionPixelShader.usf" 2068
"../../../Engine/Shaders/Private/ShadowPercentageCloserFiltering.ush" 2069
"../../../Engine/Shaders/Private/TransmissionThickness.ush" 2070
"../../../Engine/Shaders/Private/CopyShadowMaps.usf" 2071
"../../../Engine/Shaders/Private/ShadowDepthPixelShader.usf" 2072
"../../../Engine/Shaders/Private/ShadowDepthVertexShader.usf" 2073
"../../../Engine/Shaders/Private/ShadingEnergyConservationTable.usf" 2074
"../../../Engine/Shaders/Shared/PathTracingDefinitions.h" 2075
"../../../Engine/Shaders/Private/ShadingFurnaceTest.usf" 2076
"../../../Engine/Shaders/Private/Strata/StrataDeferredLighting.ush" 2077
"../../../Engine/Shaders/Private/ShaderPrintDraw.usf" 2078
"../../../Engine/Shaders/Private/ShaderPrintDrawPrimitive.usf" 2079
"../../../Engine/Shaders/Private/SSRT/SSRTDiffuseIndirect.usf" 2080
"../../../Engine/Shaders/Private/SSRT/SSRTRayCast.ush" 2081
"../../../Engine/Shaders/Private/SSRT/SSRTTileClassificationBuffer.ush" 2082
"../../../Engine/Shaders/Private/SSRT/SSRTReflections.usf" 2083
"../../../Engine/Shaders/Private/ScreenSpaceDenoise/SSDPublic.ush" 2084
"../../../Engine/Shaders/Private/SSRT/SSRTTileClassification.usf" 2085
"../../../Engine/Shaders/Private/SSRT/SSRTPrevFrameReduction.usf" 2086
"../../../Engine/Shaders/Private/ScreenSpaceDenoise/SSDComposeHarmonics.usf" 2087
"../../../Engine/Shaders/Private/ScreenSpaceDenoise/SSDPublicHarmonics.ush" 2088
"../../../Engine/Shaders/Private/ScreenSpaceDenoise/SSDSignalFramework.ush" 2089
"../../../Engine/Shaders/Private/ScreenSpaceDenoise/SSDCommon.ush" 2090
"../../../Engine/Shaders/Private/SphericalGaussian.ush" 2091
"../../../Engine/Shaders/Public/WaveBroadcastIntrinsics.ush" 2092
"../../../Engine/Shaders/Private/ScreenSpaceDenoise/SSDMetadata.ush" 2093
"../../../Engine/Shaders/Private/ScreenSpaceDenoise/SSDSignalCore.ush" 2094
"../../../Engine/Shaders/Private/ScreenSpaceDenoise/DenoisingCommon.ush" 2095
"../../../Engine/Shaders/Private/ScreenSpaceDenoise/SSDSignalArray.ush" 2096
"../../../Engine/Shaders/Private/ScreenSpaceDenoise/SSDSignalBufferEncoding.ush" 2097
"../../../Engine/Shaders/Private/ScreenSpaceDenoise/SSDPublicBufferEncoding.ush" 2098
"../../../Engine/Shaders/Private/Lumen/LumenBufferEncoding.ush" 2099
"../../../Engine/Shaders/Private/ScreenSpaceDenoise/SSDTemporalAccumulation.usf" 2100
"../../../Engine/Shaders/Private/ScreenSpaceDenoise/SSDSpatialKernel.ush" 2101
"../../../Engine/Shaders/Private/ScreenSpaceDenoise/SSDSignalAccumulatorArray.ush" 2102
"../../../Engine/Shaders/Private/ScreenSpaceDenoise/SSDSignalAccumulator.ush" 2103
"../../../Engine/Shaders/Private/ScreenSpaceDenoise/SSDSignalCompression.ush" 2104
"../../../Engine/Shaders/Private/ScreenSpaceDenoise/SSDSpatialAccumulation.usf" 2105
"../../../Engine/Shaders/Private/ScreenSpaceDenoise/SSDInjest.usf" 2106
"../../../Engine/Shaders/Private/ScreenSpaceDenoise/SSDCompressMetadata.usf" 2107
"../../../Engine/Shaders/Private/DownsampleDepthPixelShader.usf" 2108
"../../../Engine/Shaders/Private/ScreenPass.usf" 2109
"../../../Engine/Shaders/Private/HZB.usf" 2110
"../../../Engine/Shaders/Private/OcclusionFeedbackShaders.usf" 2111
"../../../Engine/Shaders/Private/HZBOcclusion.usf" 2112
"../../../Engine/Shaders/Private/OcclusionQueryPixelShader.usf" 2113
"../../../Engine/Shaders/Private/OcclusionQueryVertexShader.usf" 2114
"../../../Engine/Shaders/Private/HitProxyPixelShader.usf" 2115
"../../../Engine/Shaders/Private/HitProxyVertexShader.usf" 2116
"../../../Engine/Shaders/Private/SceneCapturePixelShader.usf" 2117
"../../../Engine/Shaders/Private/RTWriteMaskDecode.usf" 2118
"../../../Engine/Shaders/Private/ReflectionEnvironmentShaders.usf" 2119
"../../../Engine/Shaders/Private/RectLightAtlas.usf" 2120
"../../../Engine/Shaders/Private/RayTracing/TraceRayInlineStatistics.usf" 2121
"../../../Engine/Shaders/Private/RayTracing/TraceRayInlineCommon.ush" 2122
"../../../Engine/Shaders/Private/RayTracing/VisualizeSkyLightMipTreePS.usf" 2123
"../../../Engine/Shaders/Private/RayTracing/MipTreeCommon.ush" 2124
"../../../Engine/Shaders/Private/RayTracing/CompositeSkyLightPS.usf" 2125
"../../../Engine/Shaders/Private/RayTracing/GenerateSkyLightVisibilityRaysCS.usf" 2126
"../../../Engine/Shaders/Private/RayTracing/RayTracingSkyLightCommon.ush" 2127
"../../../Engine/Shaders/Private/RayTracing/SkyLightVisibilityRaysData.ush" 2128
"../../../Engine/Shaders/Private/Raytracing/RaytracingSkylightRGS.usf" 2129
"../../../Engine/Shaders/Private/HairStrands/HairStrandsRaytracing.ush" 2130
"../../../Engine/Shaders/Private/Raytracing/RayTracingSkyLightEvaluation.ush" 2131
"../../../Engine/Shaders/Private/Raytracing/RayTracingDeferredShadingCommon.ush" 2132
"../../../Engine/Shaders/Private/RayTracing/RayTracingOcclusionRGS.usf" 2133
"../../../Engine/Shaders/Private/RayTracing/RayTracingDirectionalLight.ush" 2134
"../../../Engine/Shaders/Private/RayTracing/RayTracingRectLight.ush" 2135
"../../../Engine/Shaders/Private/RayTracing/RayTracingSphereLight.ush" 2136
"../../../Engine/Shaders/Private/RayTracing/RayTracingCapsuleLight.ush" 2137
"../../../Engine/Shaders/Private/RayTracing/SplitImaginaryReflectionGBufferCS.usf" 2138
"../../../Engine/Shaders/Private/RayTracing/RayTracingReflectionsCommon.ush" 2139
"../../../Engine/Shaders/Private/RayTracing/RayTracingReflections.usf" 2140
"../../../Engine/Shaders/Private/RayTracing/RayTracingLightingCommon.ush" 2141
"../../../Engine/Shaders/Private/RayTracing/RayTracingLightCullingCommon.ush" 2142
"../../../Engine/Shaders/Private/RayTracing/RayTracingReflectionEnvironment.ush" 2143
"../../../Engine/Shaders/Private/RayTracing/RayTracingPrimaryRays.usf" 2144
"../../../Engine/Shaders/Private/RayTracing/RayTracingMaterialDefaultHitShaders.usf" 2145
"../../../Engine/Shaders/Private/RayTracing/RayTracingMaterialHitShaders.usf" 2146
"../../../Engine/Shaders/Private/RayTracing/RayTracingCalcInterpolants.ush" 2147
"../../../Engine/Shaders/Private/LightmapCommon.ush" 2148
"../../../Engine/Shaders/Private/Lumen/LumenHardwareRayTracingPayloadCommon.ush" 2149
"../../../Engine/Shaders/Private/Strata/StrataExport.ush" 2150
"../../../Engine/Shaders/Private/RayTracing/RayTracingLightingMS.usf" 2151
"../../../Engine/Shaders/Private/RayTracing/RayTracingLightFunctionCommon.ush" 2152
"../../../Engine/Shaders/Private/RayTracing/GenerateCulledLightListCS.usf" 2153
"../../../Engine/Shaders/Private/Raytracing/RayTracingInstanceBufferUtil.usf" 2154
"../../../Engine/Shaders/Private/RayTracing/RayTracingFinalGatherRGS.usf" 2155
"../../../Engine/Shaders/Private/RayTracing/RayTracingGatherPoints.ush" 2156
"../../../Engine/Shaders/Private/PathTracing/Light/PathTracingLightSampling.ush" 2157
"../../../Engine/Shaders/Private/PathTracing/Light/PathTracingLightCommon.ush" 2158
"../../../Engine/Shaders/Shared/RayTracingTypes.h" 2159
"../../../Engine/Shaders/Private/PathTracing/Light/PathTracingDirectionalLight.ush" 2160
"../../../Engine/Shaders/Private/PathTracing/Light/PathTracingPointLight.ush" 2161
"../../../Engine/Shaders/Private/PathTracing/Light/PathTracingCapsuleLight.ush" 2162
"../../../Engine/Shaders/Private/PathTracing/Light/PathTracingRectLight.ush" 2163
"../../../Engine/Shaders/Private/PathTracing/Light/PathTracingSkyLight.ush" 2164
"../../../Engine/Shaders/Private/PathTracing/Light/PathTracingSpotLight.ush" 2165
"../../../Engine/Shaders/Private/RayTracing/RayTracingCreateGatherPointsRGS.usf" 2166
"../../../Engine/Shaders/Private/RayTracing/RayTracingGlobalIlluminationRGS.usf" 2167
"../../../Engine/Shaders/Private/RayTracing/RayTracingDynamicMesh.usf" 2168
"../../../Engine/Shaders/Private/RayTracing/RayTracingDeferredReflections.usf" 2169
"../../../Engine/Shaders/Private/RayTracing/RayTracingDeferredMaterials.ush" 2170
"../../../Engine/Shaders/Shared/ThirdParty/AMD/ags_shader_intrinsics_dx12.h" 2171
"../../../Engine/Shaders/Private/RayTracing/RayTracingDeferredReflections.ush" 2172
"../../../Engine/Shaders/Private/RayTracing/RayTracingReflectionResolve.usf" 2173
"../../../Engine/Shaders/Private/RayTracing/RayTracingReflectionsGenerateRaysCS.usf" 2174
"../../../Engine/Shaders/Private/RayTracing/MaterialSort.usf" 2175
"../../../Engine/Shaders/Private/RayTracing/RayTracingDeferredMaterials.usf" 2176
"../../../Engine/Shaders/Private/RayTracing/RayTracingDefaultDecalHitShader.usf" 2177
"../../../Engine/Shaders/Private/RayTracing/RayTracingDecalMaterialShader.usf" 2178
"../../../Engine/Shaders/Private/RayTracing/RayTracingBuildDecalGrid.usf" 2179
"../../../Engine/Shaders/Private/RayTracing/RayTracingDebugInstanceOverlap.usf" 2180
"../../../Engine/Shaders/Private/RayTracing/RayTracingDebugPicking.usf" 2181
"../../../Engine/Shaders/Private/RayTracing/RayTracingDebugUtils.ush" 2182
"../../../Engine/Shaders/Shared/RayTracingDebugTypes.h" 2183
"../../../Engine/Shaders/Private/RayTracing/RayTracingDebugTraversal.usf" 2184
"../../../Engine/Shaders/Private/Nanite/NaniteRayTrace.ush" 2185
"../../../Engine/Shaders/Shared/ThirdParty/RayTriangleIntersection.h" 2186
"../../../Engine/Shaders/Shared/RayTracingDebugDefinitions.h" 2187
"../../../Engine/Shaders/Private/RayTracing/TraceRayInline.ush" 2188
"../../../Engine/Shaders/Private/RayTracing/TraceRayInlineVulkan.ush" 2189
"../../../Engine/Shaders/Private/RayTracing/TraceRayInlineMetal.ush" 2190
"../../../Engine/Shaders/Private/RayTracing/RayTracingDebugMS.usf" 2191
"../../../Engine/Shaders/Private/RayTracing/RayTracingDebugCHS.usf" 2192
"../../../Engine/Shaders/Private/RayTracing/RayTracingDebug.usf" 2193
"../../../Engine/Shaders/Private/RayTracing/RayTracingBuiltInShaders.usf" 2194
"../../../Engine/Shaders/Private/RayTracing/RayTracingBarycentrics.usf" 2195
"../../../Engine/Shaders/Private/RayTracing/RayTracingAmbientOcclusionRGS.usf" 2196
"../../../Engine/Shaders/Private/VisualizeShadingModels.usf" 2197
"../../../Engine/Shaders/Private/PostProcessCommon.ush" 2198
"../../../Engine/Shaders/Private/MotionBlur/VisualizeMotionVectors.usf" 2199
"../../../Engine/Shaders/Private/TemporalSuperResolution/TSRDebugHistory.usf" 2200
"../../../Engine/Shaders/Private/TemporalSuperResolution/TSRCommon.ush" 2201
"../../../Engine/Shaders/Public/DualPixelVectorization.ush" 2202
"../../../Engine/Shaders/Private/TemporalSuperResolution/TSRResolveHistory.usf" 2203
"../../../Engine/Shaders/Private/TemporalSuperResolution/TSRUpdateHistory.usf" 2204
"../../../Engine/Shaders/Private/TemporalSuperResolution/TSRFilterAntiAliasing.usf" 2205
"../../../Engine/Shaders/Private/TemporalSuperResolution/TSRSpatialAntiAliasing.usf" 2206
"../../../Engine/Shaders/Private/TemporalSuperResolution/TSRRejectShading.usf" 2207
"../../../Engine/Shaders/Public/LaneVectorization.ush" 2208
"../../../Engine/Shaders/Private/TemporalSuperResolution/TSRCompareTranslucency.usf" 2209
"../../../Engine/Shaders/Private/TemporalSuperResolution/TSRDecimateHistory.usf" 2210
"../../../Engine/Shaders/Private/TemporalSuperResolution/TSRDilateVelocity.usf" 2211
"../../../Engine/Shaders/Private/MotionBlur/MotionBlurVelocityFlatten.ush" 2212
"../../../Engine/Shaders/Private/MotionBlur/MotionBlurCommon.ush" 2213
"../../../Engine/Shaders/Private/TemporalSuperResolution/TSRForwardScatterDepth.usf" 2214
"../../../Engine/Shaders/Private/TemporalSuperResolution/TSRClearPrevTextures.usf" 2215
"../../../Engine/Shaders/Private/TemporalSuperResolution/TSRComputeMoireLuma.usf" 2216
"../../../Engine/Shaders/Private/TemporalAA.usf" 2217
"../../../Engine/Shaders/Private/FilterPixelShader.usf" 2218
"../../../Engine/Shaders/Private/FilterVertexShader.usf" 2219
"../../../Engine/Shaders/Private/PostProcessVisualizeBuffer.usf" 2220
"../../../Engine/Shaders/Private/PostProcessVisualizeLocalExposure.usf" 2221
"../../../Engine/Shaders/Private/PostProcessHistogramCommon.ush" 2222
"../../../Engine/Shaders/Private/PostProcessVisualizeLevelInstance.usf" 2223
"../../../Engine/Shaders/Private/PostProcessVisualizeHDR.usf" 2224
"../../../Engine/Shaders/Private/ShaderComplexityApplyPixelShader.usf" 2225
"../../../Engine/Shaders/Private/QuadOverdraw.ush" 2226
"../../../Engine/Shaders/Private/PostProcessUpscale.usf" 2227
"../../../Engine/Shaders/Private/PostProcessTonemap.usf" 2228
"../../../Engine/Shaders/Private/PostProcessing/FilmGrainPackConstants.usf" 2229
"../../../Engine/Shaders/Private/PostProcessing/FilmGrainReduce.usf" 2230
"../../../Engine/Shaders/Private/PostProcessTestImage.usf" 2231
"../../../Engine/Shaders/Private/PostProcessSubsurface.usf" 2232
"../../../Engine/Shaders/Private/SeparableSSS.ush" 2233
"../../../Engine/Shaders/Private/SubsurfaceBurleyNormalized.ush" 2234
"../../../Engine/Shaders/Private/PostProcessSelectionOutline.usf" 2235
"../../../Engine/Shaders/Private/PostProcessPixelProjectedReflectionMobile.usf" 2236
"../../../Engine/Shaders/Private/MotionBlur/MotionBlurVisualize.usf" 2237
"../../../Engine/Shaders/Private/MotionBlur/MotionBlurApply.usf" 2238
"../../../Engine/Shaders/Private/MotionBlur/MotionBlurFilterTileClassify.usf" 2239
"../../../Engine/Shaders/Private/MotionBlur/MotionBlurTileScatter.usf" 2240
"../../../Engine/Shaders/Private/MotionBlur/MotionBlurTileGather.usf" 2241
"../../../Engine/Shaders/Private/MotionBlur/MotionBlurVelocityFlatten.usf" 2242
"../../../Engine/Shaders/Private/PostProcessMobile.usf" 2243
"../../../Engine/Shaders/Private/PostProcessMitchellNetravali.usf" 2244
"../../../Engine/Shaders/Private/PostProcessMaterialShaders.usf" 2245
"../../../Engine/Shaders/Private/PostProcessLocalExposure.usf" 2246
"../../../Engine/Shaders/Private/PostProcessLensFlares.usf" 2247
"../../../Engine/Shaders/Private/PostProcessHMD.usf" 2248
"../../../Engine/Shaders/Private/Histogram.usf" 2249
"../../../Engine/Shaders/Private/PostProcessHistogramReduce.usf" 2250
"../../../Engine/Shaders/Private/PostProcessHistogram.usf" 2251
"../../../Engine/Shaders/Private/PostProcessGBufferHints.usf" 2252
"../../../Engine/Shaders/Private/Bloom/BloomFinalizeApplyConstants.usf" 2253
"../../../Engine/Shaders/Private/Bloom/BloomCommon.ush" 2254
"../../../Engine/Shaders/Private/Bloom/BloomResizeKernel.usf" 2255
"../../../Engine/Shaders/Private/Bloom/BloomClampKernel.usf" 2256
"../../../Engine/Shaders/Private/Bloom/BloomPackKernelConstants.usf" 2257
"../../../Engine/Shaders/Private/Bloom/BloomSumScatterDispersionEnergy.usf" 2258
"../../../Engine/Shaders/Private/Bloom/BloomReduceKernelSurvey.usf" 2259
"../../../Engine/Shaders/Private/Bloom/BloomSurveyKernelCenterEnergy.usf" 2260
"../../../Engine/Shaders/Private/Bloom/BloomSurveyMaxScatterDispersion.usf" 2261
"../../../Engine/Shaders/Private/Bloom/BloomFindKernelCenter.usf" 2262
"../../../Engine/Shaders/Private/PostProcessEyeAdaptation.usf" 2263
"../../../Engine/Shaders/Private/PostProcessDownsample.usf" 2264
"../../../Engine/Shaders/Private/PostProcessDOF.usf" 2265
"../../../Engine/Shaders/Private/PostProcessDeviceEncodingOnly.usf" 2266
"../../../Engine/Shaders/Private/PostProcessCompositeEditorPrimitives.usf" 2267
"../../../Engine/Shaders/Private/PostProcessCombineLUTs.usf" 2268
"../../../Engine/Shaders/Private/PostProcessVisualizeDOF.usf" 2269
"../../../Engine/Shaders/Private/PostProcessBloom.usf" 2270
"../../../Engine/Shaders/Private/PostProcessAmbientOcclusionMobile.usf" 2271
"../../../Engine/Shaders/Private/PostProcessAmbientOcclusionCommon.ush" 2272
"../../../Engine/Shaders/Private/FXAAShader.usf" 2273
"../../../Engine/Shaders/Private/Fxaa3_11.ush" 2274
"../../../Engine/Shaders/Private/DiaphragmDOF/DOFRecombine.usf" 2275
"../../../Engine/Shaders/Private/DiaphragmDOF/DOFCommon.ush" 2276
"../../../Engine/Shaders/Private/DiaphragmDOF/DOFHybridScatterPixelShader.usf" 2277
"../../../Engine/Shaders/Private/DiaphragmDOF/DOFHybridScatterCommon.ush" 2278
"../../../Engine/Shaders/Private/DiaphragmDOF/DOFHybridScatterVertexShader.usf" 2279
"../../../Engine/Shaders/Private/DiaphragmDOF/DOFPostfiltering.usf" 2280
"../../../Engine/Shaders/Private/DiaphragmDOF/DOFGatherTileSuggest.ush" 2281
"../../../Engine/Shaders/Private/DiaphragmDOF/DOFCocTileCommon.ush" 2282
"../../../Engine/Shaders/Private/DiaphragmDOF/DOFGatherPass.usf" 2283
"../../../Engine/Shaders/Private/DiaphragmDOF/DOFGatherCommon.ush" 2284
"../../../Engine/Shaders/Private/DiaphragmDOF/DOFGatherAccumulator.ush" 2285
"../../../Engine/Shaders/Private/DiaphragmDOF/DOFGatherKernel.ush" 2286
"../../../Engine/Shaders/Private/DiaphragmDOF/DOFBokehLUT.usf" 2287
"../../../Engine/Shaders/Private/DiaphragmDOF/DOFHybridScatterCompilation.usf" 2288
"../../../Engine/Shaders/Private/DiaphragmDOF/DOFReduce.usf" 2289
"../../../Engine/Shaders/Private/DiaphragmDOF/DOFDownsample.ush" 2290
"../../../Engine/Shaders/Private/DiaphragmDOF/DOFHybridScatterCompilation.ush" 2291
"../../../Engine/Shaders/Private/DiaphragmDOF/DOFDownsample.usf" 2292
"../../../Engine/Shaders/Private/DiaphragmDOF/DOFCocTileDilate.usf" 2293
"../../../Engine/Shaders/Private/DiaphragmDOF/DOFCocTileFlatten.usf" 2294
"../../../Engine/Shaders/Private/DiaphragmDOF/DOFSetup.usf" 2295
"../../../Engine/Shaders/Private/PlanarReflectionShaders.usf" 2296
"../../../Engine/Shaders/Private/PlanarReflectionShared.ush" 2297
"../../../Engine/Shaders/Private/PhysicsFieldVisualizer.usf" 2298
"../../../Engine/Shaders/Private/PathTracing/PathTracingSpatialTemporalDenoising.usf" 2299
"../../../Engine/Shaders/Private/ColorDifference.ush" 2300
"../../../Engine/Shaders/Private/PathTracing/PathTracingCompositingPixelShader.usf" 2301
"../../../Engine/Shaders/Private/PathTracing/PathTracingDefaultHitShader.usf" 2302
"../../../Engine/Shaders/Private/PathTracing/PathTracingCommon.ush" 2303
"../../../Engine/Shaders/Private/PathTracing/Material/PathTracingMaterialCommon.ush" 2304
"../../../Engine/Shaders/Private/PathTracing/PathTracingMaterialHitShader.usf" 2305
"../../../Engine/Shaders/Private/PathTracing/PathTracingShaderUtils.ush" 2306
"../../../Engine/Shaders/Private/PathTracing/Material/PathTracingThinGlass.ush" 2307
"../../../Engine/Shaders/Private/PathTracing/Material/PathTracingEnergyConservation.ush" 2308
"../../../Engine/Shaders/Private/PathTracing/PathTracingLightingMissShader.usf" 2309
"../../../Engine/Shaders/Private/PathTracing/PathTracingMissShader.usf" 2310
"../../../Engine/Shaders/Private/PathTracing/PathTracingBuildAtmosphereLUT.usf" 2311
"../../../Engine/Shaders/Private/PathTracing/Volume/PathTracingAtmosphereCommon.ush" 2312
"../../../Engine/Shaders/Private/PathTracing/PathTracingSwizzleScanlines.usf" 2313
"../../../Engine/Shaders/Private/PathTracing/PathTracingInitExtinctionCoefficient.usf" 2314
"../../../Engine/Shaders/Private/PathTracing/PathTracing.usf" 2315
"../../../Engine/Shaders/Private/PathTracing/PathTracingCore.ush" 2316
"../../../Engine/Shaders/Private/RayTracing/RayTracingDecalGrid.ush" 2317
"../../../Engine/Shaders/Private/PathTracing/Utilities/PathTracingRIS.ush" 2318
"../../../Engine/Shaders/Private/PathTracing/Light/PathTracingLightGrid.ush" 2319
"../../../Engine/Shaders/Private/PathTracing/Material/PathTracingMaterialSampling.ush" 2320
"../../../Engine/Shaders/Private/PathTracing/Material/PathTracingLambert.ush" 2321
"../../../Engine/Shaders/Private/PathTracing/Material/PathTracingSolidGlass.ush" 2322
"../../../Engine/Shaders/Private/PathTracing/Material/PathTracingDefaultLit.ush" 2323
"../../../Engine/Shaders/Private/PathTracing/Material/PathTracingClearCoat.ush" 2324
"../../../Engine/Shaders/Private/PathTracing/Material/PathTracingTwoSidedFoliage.ush" 2325
"../../../Engine/Shaders/Private/PathTracing/Material/PathTracingCloth.ush" 2326
"../../../Engine/Shaders/Private/PathTracing/Material/PathTracingSubsurfaceProfile.ush" 2327
"../../../Engine/Shaders/Private/PathTracing/Material/PathTracingEye.ush" 2328
"../../../Engine/Shaders/Private/PathTracing/Material/PathTracingHair.ush" 2329
"../../../Engine/Shaders/Private/PathTracing/Material/PathTracingMedium.ush" 2330
"../../../Engine/Shaders/Private/PathTracing/Volume/PathTracingVolume.ush" 2331
"../../../Engine/Shaders/Private/PathTracing/Volume/PathTracingVolumeCommon.ush" 2332
"../../../Engine/Shaders/Private/PathTracing/Volume/PathTracingAtmosphere.ush" 2333
"../../../Engine/Shaders/Private/DoubleWordMath.ush" 2334
"../../../Engine/Shaders/Private/PathTracing/Volume/PathTracingFog.ush" 2335
"../../../Engine/Shaders/Private/PathTracing/Volume/PathTracingVolumeSampling.ush" 2336
"../../../Engine/Shaders/Private/PathTracing/PathTracingBuildLightGrid.usf" 2337
"../../../Engine/Shaders/Private/PathTracing/PathTracingSkylightMISCompensation.usf" 2338
"../../../Engine/Shaders/Private/PathTracing/PathTracingSkylightPrepare.usf" 2339
"../../../Engine/Shaders/Private/OIT/OITSorting.usf" 2340
"../../../Engine/Shaders/Private/OITCombine.usf" 2341
"../../../Engine/Shaders/Private/OITCommon.ush" 2342
"../../../Engine/Shaders/Private/Nanite/NaniteDebugViews.usf" 2343
"../../../Engine/Shaders/Private/Nanite/NaniteDepthDecode.usf" 2344
"../../../Engine/Shaders/Private/HTileEncoding.ush" 2345
"../../../Engine/Shaders/Private/Nanite/NaniteMaterialComplexity.usf" 2346
"../../../Engine/Shaders/Private/Nanite/NaniteVisualize.usf" 2347
"../../../Engine/Shaders/Private/Nanite/NaniteStreamOut.usf" 2348
"../../../Engine/Shaders/Private/Nanite/NaniteMaterialCulling.usf" 2349
"../../../Engine/Shaders/Private/Nanite/NaniteDepthExport.usf" 2350
"../../../Engine/Shaders/Private/Nanite/NaniteExportGBuffer.usf" 2351
"../../../Engine/Shaders/Private/Nanite/NaniteRasterizer.usf" 2352
"../../../Engine/Shaders/Private/Nanite/NaniteRasterizationCommon.ush" 2353
"../../../Engine/Shaders/Private/Nanite/NaniteRasterizer.ush" 2354
"../../../Engine/Shaders/Private/Nanite/NaniteWritePixel.ush" 2355
"../../../Engine/Shaders/Private/Nanite/NaniteTessellation.ush" 2356
"../../../Engine/Shaders/Private/WorkDistribution.ush" 2357
"../../../Engine/Shaders/Private/Nanite/NaniteRasterBinning.usf" 2358
"../../../Engine/Shaders/Private/Nanite/NaniteInstanceCulling.usf" 2359
"../../../Engine/Shaders/Private/Nanite/NaniteImposter.ush" 2360
"../../../Engine/Shaders/Private/Nanite/NanitePrimitiveFilter.usf" 2361
"../../../Engine/Shaders/Private/Nanite/NaniteRasterClear.usf" 2362
"../../../Engine/Shaders/Private/Nanite/NanitePrintStats.usf" 2363
"../../../Engine/Shaders/Private/Nanite/NaniteEmitShadow.usf" 2364
"../../../Engine/Shaders/Private/MobileDeferredUtils.usf" 2365
"../../../Engine/Shaders/Private/MobileFog.usf" 2366
"../../../Engine/Shaders/Private/DistortApplyScreenPS.usf" 2367
"../../../Engine/Shaders/Private/MobileDeferredShading.usf" 2368
"../../../Engine/Shaders/Private/MobileLightingCommon.ush" 2369
"../../../Engine/Shaders/Private/MobileBasePassPixelShader.usf" 2370
"../../../Engine/Shaders/Private/MobileBasePassCommon.ush" 2371
"../../../Engine/Shaders/Private/BasePassCommon.ush" 2372
"../../../Engine/Shaders/Private/ShadingModelsMaterial.ush" 2373
"../../../Engine/Shaders/Private/ThinTranslucentCommon.ush" 2374
"../../../Engine/Shaders/Private/SingleLayerWaterShading.ush" 2375
"../../../Engine/Shaders/Private/DistortionCommon.ush" 2376
"../../../Engine/Shaders/Private/Strata/StrataMobileForwardLighting.ush" 2377
"../../../Engine/Shaders/Private/MobileBasePassVertexShader.usf" 2378
"../../../Engine/Shaders/Private/Lumen/LumenVisualizeRadianceCache.usf" 2379
"../../../Engine/Shaders/Private/Lumen/LumenRadianceCacheCommon.ush" 2380
"../../../Engine/Shaders/Private/Lumen/LumenVisualizeHardwareRayTracing.usf" 2381
"../../../Engine/Shaders/Private/Lumen/LumenCardCommon.ush" 2382
"../../../Engine/Shaders/Private/Lumen/LumenTracingCommon.ush" 2383
"../../../Engine/Shaders/Private/DistanceField/GlobalDistanceFieldUtils.ush" 2384
"../../../Engine/Shaders/Private/DistanceField/GlobalDistanceFieldObjectGrid.ush" 2385
"../../../Engine/Shaders/Private/DistanceFieldLightingShared.ush" 2386
"../../../Engine/Shaders/Private/Lumen/SurfaceCache/LumenSurfaceCacheSampling.ush" 2387
"../../../Engine/Shaders/Private/Lumen/SurfaceCache/LumenSurfaceCache.ush" 2388
"../../../Engine/Shaders/Private/Lumen/LumenVisualize.ush" 2389
"../../../Engine/Shaders/Private/Lumen/LumenHardwareRayTracingCommon.ush" 2390
"../../../Engine/Shaders/Private/Lumen/LumenHardwareRayTracingPipelineCommon.ush" 2391
"../../../Engine/Shaders/Private/Lumen/LumenHardwareRayTracingPlatformCommon.ush" 2392
"../../../Engine/Shaders/Private/Lumen/LumenHairTracing.ush" 2393
"../../../Engine/Shaders/Private/Lumen/LumenFog.ush" 2394
"../../../Engine/Shaders/Private/Lumen/LumenVisualize.usf" 2395
"../../../Engine/Shaders/Private/Lumen/LumenVisualizeTraces.ush" 2396
"../../../Engine/Shaders/Private/Lumen/LumenTranslucencyVolumeLighting.usf" 2397
"../../../Engine/Shaders/Private/Lumen/LumenRadianceCacheMarkCommon.ush" 2398
"../../../Engine/Shaders/Private/Lumen/LumenTranslucencyVolumeLightingShared.ush" 2399
"../../../Engine/Shaders/Private/Lumen/LumenScreenProbeCommon.ush" 2400
"../../../Engine/Shaders/Private/Lumen/LumenTranslucencyVolumeHardwareRayTracing.usf" 2401
"../../../Engine/Shaders/Private/Lumen/LumenTranslucencyRadianceCacheMarkShaders.usf" 2402
"../../../Engine/Shaders/Private/Lumen/SurfaceCache/LumenSurfaceCacheFeedback.usf" 2403
"../../../Engine/Shaders/Private/Lumen/SurfaceCache/LumenSurfaceCache.usf" 2404
"../../../Engine/Shaders/Private/Lumen/LumenShortRangeAOHardwareRayTracing.usf" 2405
"../../../Engine/Shaders/Private/Lumen/LumenMaterial.ush" 2406
"../../../Engine/Shaders/Private/Lumen/LumenScreenSpaceBentNormal.usf" 2407
"../../../Engine/Shaders/Private/Lumen/LumenScreenTracing.ush" 2408
"../../../Engine/Shaders/Private/Lumen/LumenScreenProbeTracing.usf" 2409
"../../../Engine/Shaders/Private/Lumen/LumenScreenProbeTracingCommon.ush" 2410
"../../../Engine/Shaders/Private/Lumen/LumenScreenProbeImportanceSampling.usf" 2411
"../../../Engine/Shaders/Private/Lumen/LumenScreenProbeImportanceSamplingShared.ush" 2412
"../../../Engine/Shaders/Private/Lumen/LumenScreenProbeHardwareRayTracing.usf" 2413
"../../../Engine/Shaders/Private/Lumen/LumenScreenProbeGather.usf" 2414
"../../../Engine/Shaders/Private/Lumen/LumenScreenSpaceBentNormal.ush" 2415
"../../../Engine/Shaders/Private/Lumen/LumenReflectionsCombine.ush" 2416
"../../../Engine/Shaders/Private/Lumen/LumenScreenProbeLightSampling.usf" 2417
"../../../Engine/Shaders/Private/Lumen/LumenScreenProbeFiltering.usf" 2418
"../../../Engine/Shaders/Private/Lumen/LumenSceneLighting.usf" 2419
"../../../Engine/Shaders/Private/Lumen/LumenCardTile.ush" 2420
"../../../Engine/Shaders/Private/Lumen/LumenSceneLighting.ush" 2421
"../../../Engine/Shaders/Private/Lumen/Radiosity/LumenRadiosity.ush" 2422
"../../../Engine/Shaders/Private/Lumen/LumenCardPixelShader.usf" 2423
"../../../Engine/Shaders/Private/Lumen/LumenCardVertexShader.usf" 2424
"../../../Engine/Shaders/Private/Lumen/LumenSceneLightingDebug.usf" 2425
"../../../Engine/Shaders/Private/Lumen/LumenSceneDirectLightingHardwareRayTracing.usf" 2426
"../../../Engine/Shaders/Private/Lumen/LumenReflectionCommon.ush" 2427
"../../../Engine/Shaders/Private/Lumen/LumenSceneDirectLighting.ush" 2428
"../../../Engine/Shaders/Private/Lumen/LumenSceneDirectLightingSoftwareRayTracing.usf" 2429
"../../../Engine/Shaders/Private/DistanceFieldShadowingShared.ush" 2430
"../../../Engine/Shaders/Private/Lumen/LumenSceneDirectLightingPerLightShadowCommon.ush" 2431
"../../../Engine/Shaders/Private/Lumen/LumenSceneDirectLightingShadowMask.usf" 2432
"../../../Engine/Shaders/Private/Lumen/LumenSceneDirectLighting.usf" 2433
"../../../Engine/Shaders/Private/Lumen/LumenSceneDirectLightingCulling.usf" 2434
"../../../Engine/Shaders/Private/Lumen/LumenReflectionTracing.usf" 2435
"../../../Engine/Shaders/Private/Lumen/LumenReflections.usf" 2436
"../../../Engine/Shaders/Private/Lumen/LumenReflectionHardwareRayTracing.usf" 2437
"../../../Engine/Shaders/Private/Lumen/Radiosity/LumenVisualizeRadiosityProbes.usf" 2438
"../../../Engine/Shaders/Private/Lumen/Radiosity/LumenRadiosity.usf" 2439
"../../../Engine/Shaders/Private/RayTracing/RayGenUtils.ush" 2440
"../../../Engine/Shaders/Private/Lumen/Radiosity/LumenRadiosityHardwareRayTracing.usf" 2441
"../../../Engine/Shaders/Private/Lumen/Radiosity/LumenRadiosityCulling.usf" 2442
"../../../Engine/Shaders/Private/Lumen/LumenRadianceCacheHardwareRayTracing.usf" 2443
"../../../Engine/Shaders/Private/Lumen/LumenRadianceCacheTracingCommon.ush" 2444
"../../../Engine/Shaders/Private/Lumen/LumenRadianceCache.usf" 2445
"../../../Engine/Shaders/Private/Lumen/LumenRadianceCacheUpdate.ush" 2446
"../../../Engine/Shaders/Private/Lumen/LumenRadianceCacheDebug.usf" 2447
"../../../Engine/Shaders/Private/Lumen/LumenRadianceCacheUpdate.usf" 2448
"../../../Engine/Shaders/Private/Lumen/LumenMeshSDFCulling.usf" 2449
"../../../Engine/Shaders/Private/HybridIndirectLighting.ush" 2450
"../../../Engine/Shaders/Private/MeshDistanceFieldCommon.ush" 2451
"../../../Engine/Shaders/Private/Lumen/LumenIrradianceFieldGather.usf" 2452
"../../../Engine/Shaders/Private/Lumen/LumenHardwareRayTracingMaterials.usf" 2453
"../../../Engine/Shaders/Private/Lumen/LumenHardwareRayTracingPipeline.usf" 2454
"../../../Engine/Shaders/Private/Lumen/LumenFrontLayerTranslucency.usf" 2455
"../../../Engine/Shaders/Private/LightShaftShader.usf" 2456
"../../../Engine/Shaders/Private/StationaryLightOverlapShaders.usf" 2457
"../../../Engine/Shaders/Private/DeferredLightPixelShaders.usf" 2458
"../../../Engine/Shaders/Private/HairStrands/HairStrandsVisibilityUtils.ush" 2459
"../../../Engine/Shaders/Private/DeferredLightVertexShaders.usf" 2460
"../../../Engine/Shaders/Private/LightMapDensityShader.usf" 2461
"../../../Engine/Shaders/Private/LightGridInjection.usf" 2462
"../../../Engine/Shaders/Private/LightFunctionPixelShader.usf" 2463
"../../../Engine/Shaders/Private/LightFunctionVertexShader.usf" 2464
"../../../Engine/Shaders/Private/InstanceCulling/BuildInstanceDrawCommands.usf" 2465
"../../../Engine/Shaders/Private/InstanceCulling/InstanceCompactionCommon.ush" 2466
"../../../Engine/Shaders/Private/InstanceCulling/CompactVisibleInstances.usf" 2467
"../../../Engine/Shaders/Private/ThreadGroupPrefixSum.ush" 2468
"../../../Engine/Shaders/Private/ReflectionEnvironmentPixelShader.usf" 2469
"../../../Engine/Shaders/Private/Strata/StrataEnvironmentLighting.ush" 2470
"../../../Engine/Shaders/Private/AmbientCubemapComposite.usf" 2471
"../../../Engine/Shaders/Private/DiffuseIndirectComposite.usf" 2472
"../../../Engine/Shaders/Private/IESAtlas.usf" 2473
"../../../Engine/Shaders/Private/HeterogeneousVolumes/HeterogeneousVolumesSparseVoxelPipeline.usf" 2474
"../../../Engine/Shaders/Private/HeterogeneousVolumes/HeterogeneousVolumesSparseVoxelUtils.ush" 2475
"../../../Engine/Shaders/Private/HeterogeneousVolumes/HeterogeneousVolumesSparseVoxelUniformBufferUtils.ush" 2476
"../../../Engine/Shaders/Private/HeterogeneousVolumes/HeterogeneousVolumesPreshadingPipeline.usf" 2477
"../../../Engine/Shaders/Private/HeterogeneousVolumes/HeterogeneousVolumesTracingUtils.ush" 2478
"../../../Engine/Shaders/Private/HeterogeneousVolumes/HeterogeneousVolumesLightingUtils.ush" 2479
"../../../Engine/Shaders/Private/HeterogeneousVolumes/HeterogeneousVolumesRayMarchingUtils.ush" 2480
"../../../Engine/Shaders/Private/HeterogeneousVolumes/HeterogeneousVolumesTransmittanceVolumeUtils.ush" 2481
"../../../Engine/Shaders/Private/HeterogeneousVolumes/HeterogeneousVolumesMaterialBakingPipeline.usf" 2482
"../../../Engine/Shaders/Private/HeterogeneousVolumes/HeterogeneousVolumesLiveShadingUtils.ush" 2483
"../../../Engine/Shaders/Private/HeterogeneousVolumes/HeterogeneousVolumesLiveShadingPipeline.usf" 2484
"../../../Engine/Shaders/Private/HeterogeneousVolumes/HeterogeneousVolumesHardwareRayTracing.usf" 2485
"../../../Engine/Shaders/Private/HeterogeneousVolumes/HeterogeneousVolumesComposite.usf" 2486
"../../../Engine/Shaders/Private/HdrCustomResolveShaders.usf" 2487
"../../../Engine/Shaders/Private/HairStrands/HairStrandsVoxelMip.usf" 2488
"../../../Engine/Shaders/Private/HairStrands/HairStrandsVoxelRasterCompute.usf" 2489
"../../../Engine/Shaders/Private/HairStrands/HairStrandsClusterCommon.ush" 2490
"../../../Engine/Shaders/Private/HairStrands/HairStrandsVoxelPageAllocation.usf" 2491
"../../../Engine/Shaders/Private/Matrices.ush" 2492
"../../../Engine/Shaders/Private/HairStrands/HairStrandsAABBCommon.ush" 2493
"../../../Engine/Shaders/Private/HairStrands/HairStrandsVoxelOpaque.usf" 2494
"../../../Engine/Shaders/Private/HairStrands/HairStrandsRaytracingGeometry.usf" 2495
"../../../Engine/Shaders/Private/HairStrands/HairStrandsHitProxy.usf" 2496
"../../../Engine/Shaders/Private/HairStrands/HairStrandsVisibilityRasterComputeNaive.usf" 2497
"../../../Engine/Shaders/Private/HairStrands/HairStrandsVisibilityRasterHW.usf" 2498
"../../../Engine/Shaders/Private/HairStrands/HairStrandsVisibilityRasterCompute.usf" 2499
"../../../Engine/Shaders/Private/HairStrands/HairStrandsVisibilityRasterClassification.usf" 2500
"../../../Engine/Shaders/Private/HairStrands/HairStrandsCoverage.usf" 2501
"../../../Engine/Shaders/Private/HairStrands/HairStrandsVisibilityDepthPS.usf" 2502
"../../../Engine/Shaders/Private/HairStrands/HairStrandsVisibilityTransmittanceDepthPS.usf" 2503
"../../../Engine/Shaders/Private/HairStrands/HairStrandsVisibilityFillOpaqueDepthPS.usf" 2504
"../../../Engine/Shaders/Private/HairStrands/HairStrandsVisibilityCompactionComputeRaster.usf" 2505
"../../../Engine/Shaders/Private/HairStrands/HairStrandsVisibilityCompaction.usf" 2506
"../../../Engine/Shaders/Private/HairStrands/HairStrandsVisibilityCopyIndirectArg.usf" 2507
"../../../Engine/Shaders/Private/HairStrands/HairStrandsVisibilityClearPS.usf" 2508
"../../../Engine/Shaders/Private/HairStrands/HairStrandsVisibilityPS.usf" 2509
"../../../Engine/Shaders/Private/HairStrands/HairStrandsVisibilityVS.usf" 2510
"../../../Engine/Shaders/Private/HairStrands/HairStrandsVelocity.usf" 2511
"../../../Engine/Shaders/Private/HairStrands/HairStrandsVisibilityComputeSampleCoverage.usf" 2512
"../../../Engine/Shaders/Private/HairStrands/HairStrandsMaterialPS.usf" 2513
"../../../Engine/Shaders/Private/HairStrands/HairStrandsMaterialCommon.ush" 2514
"../../../Engine/Shaders/Private/HairStrands/HairStrandsMaterialVS.usf" 2515
"../../../Engine/Shaders/Private/HairStrands/HairStrandsLightSample.usf" 2516
"../../../Engine/Shaders/Private/HairStrands/HairStrandsDeepShadowMask.usf" 2517
"../../../Engine/Shaders/Private/HairStrands/HairStrandsDeepShadowCommon.ush" 2518
"../../../Engine/Shaders/Private/HairStrands/HairStrandsDeepTransmittanceMask.usf" 2519
"../../../Engine/Shaders/Private/HairStrands/HairStrandsVisibilityTile.usf" 2520
"../../../Engine/Shaders/Private/HairStrands/HairStrandsDeepShadowPS.usf" 2521
"../../../Engine/Shaders/Private/HairStrands/HairStrandsDeepShadowVS.usf" 2522
"../../../Engine/Shaders/Private/HairStrands/HairStrandsLUT.usf" 2523
"../../../Engine/Shaders/Private/HairStrands/HairStrandsForwardRaster.usf" 2524
"../../../Engine/Shaders/Private/HairStrands/HairStrandsForwardCulling.usf" 2525
"../../../Engine/Shaders/Private/HairStrands/HairStrandsEnvironmentLighting.usf" 2526
"../../../Engine/Shaders/Private/HairStrands/HairStrandsDebugCommonStruct.ush" 2527
"../../../Engine/Shaders/Private/HairStrands/HairStrandsEnvironmentAO.usf" 2528
"../../../Engine/Shaders/Private/HairStrands/HairStrandsDeepShadowAllocation.usf" 2529
"../../../Engine/Shaders/Private/HairStrands/HairStrandsVoxelDepthInjection.usf" 2530
"../../../Engine/Shaders/Private/HairStrands/HairStrandsClusterCulling.usf" 2531
"../../../Engine/Shaders/Private/HairStrands/HairStrandsDebug.usf" 2532
"../../../Engine/Shaders/Private/HairStrands/HairStrandsMeshProjectionCommon.ush" 2533
"../../../Engine/Shaders/Private/HairStrands/HairStrandsVoxelPageRayMarching.usf" 2534
"../../../Engine/Shaders/Private/HairStrands/HairStrandsGBufferWrite.usf" 2535
"../../../Engine/Shaders/Private/HairStrands/HairStrandsGBufferCommon.ush" 2536
"../../../Engine/Shaders/Private/HairStrands/HairStrandsVisibilityComposeSubPixelPS.usf" 2537
"../../../Engine/Shaders/Private/HairStrands/HairStrandsAABB.usf" 2538
"../../../Engine/Shaders/Private/GPUScene/GPUSceneDataManagement.usf" 2539
"../../../Engine/Shaders/Private/GPUSceneDebugRender.usf" 2540
"../../../Engine/Shaders/Private/GPUFastFourierTransform.usf" 2541
"../../../Engine/Shaders/Private/GPUFastFourierTransform2DCore.ush" 2542
"../../../Engine/Shaders/Private/GPUFastFourierTransformCore.ush" 2543
"../../../Engine/Shaders/Private/GPUBenchmark.usf" 2544
"../../../Engine/Shaders/Private/DistanceField/GlobalDistanceFieldDebug.usf" 2545
"../../../Engine/Shaders/Private/DistanceField/GlobalDistanceFieldMip.usf" 2546
"../../../Engine/Shaders/Private/DistanceField/GlobalDistanceField.usf" 2547
"../../../Engine/Shaders/Private/DistanceField/GlobalDistanceFieldUpdate.ush" 2548
"../../../Engine/Shaders/Private/DistanceField/GlobalDistanceFieldCompositeObjects.usf" 2549
"../../../Engine/Shaders/Private/DistanceField/GlobalDistanceFieldHeightfields.usf" 2550
"../../../Engine/Shaders/Private/HeightfieldLightingShared.ush" 2551
"../../../Engine/Shaders/Private/GenerateConservativeDepth.usf" 2552
"../../../Engine/Shaders/Private/HeightFogPixelShader.usf" 2553
"../../../Engine/Shaders/Private/HeightFogVertexShader.usf" 2554
"../../../Engine/Shaders/Private/DistortFiltering.usf" 2555
"../../../Engine/Shaders/Private/DistortAccumulatePS.usf" 2556
"../../../Engine/Shaders/Private/DistortAccumulateVS.usf" 2557
"../../../Engine/Shaders/Private/DistanceFieldVisualization.usf" 2558
"../../../Engine/Shaders/Private/DistanceFieldStreaming.usf" 2559
"../../../Engine/Shaders/Private/DistanceFieldShadowing.usf" 2560
"../../../Engine/Shaders/Private/DistanceFieldScreenGridLighting.usf" 2561
"../../../Engine/Shaders/Private/DistanceFieldObjectCulling.usf" 2562
"../../../Engine/Shaders/Private/DistanceFieldLightingPost.usf" 2563
"../../../Engine/Shaders/Private/DitheredTransitionStencil.usf" 2564
"../../../Engine/Shaders/Private/DepthOnlyPixelShader.usf" 2565
"../../../Engine/Shaders/Private/DepthOnlyVertexShader.usf" 2566
"../../../Engine/Shaders/Private/PositionOnlyDepthVertexShader.usf" 2567
"../../../Engine/Shaders/Private/DeferredDecal.usf" 2568
"../../../Engine/Shaders/Private/DecalCommon.ush" 2569
"../../../Engine/Shaders/Private/DebugViewModeVertexShader.usf" 2570
"../../../Engine/Shaders/Private/DebugViewModeCommon.ush" 2571
"../../../Engine/Shaders/Private/DebugViewModePixelShader.usf" 2572
"../../../Engine/Shaders/Private/DebugProbes.usf" 2573
"../../../Engine/Shaders/Private/MeshDecals.usf" 2574
"../../../Engine/Shaders/Private/PostProcessAmbientOcclusion.usf" 2575
"../../../Engine/Shaders/Private/ClusteredDeferredShadingPixelShader.usf" 2576
"../../../Engine/Shaders/Private/ClusteredDeferredShadingVertexShader.usf" 2577
"../../../Engine/Shaders/Private/CapsuleShadowShaders.usf" 2578
"../../../Engine/Shaders/Private/BasePassPixelShader.usf" 2579
"../../../Engine/Shaders/Private/ForwardLightingCommon.ush" 2580
"../../../Engine/Shaders/Private/Strata/StrataForwardLighting.ush" 2581
"../../../Engine/Shaders/Private/ComputeShaderOutputCommon.ush" 2582
"../../../Engine/Shaders/Private/BasePassVertexShader.usf" 2583
"../../../Engine/Shaders/Private/BasePassVertexCommon.ush" 2584
"../../../Engine/Shaders/Private/AnisotropyPassShader.usf" 2585
"../../../Engine/Shaders/Private/SimpleElementVolumeTexturePreviewPixelShader.usf" 2586
"../../../Engine/Shaders/Private/SimpleElementTexture2DPreviewPixelShader.usf" 2587
"../../../Engine/Shaders/Private/meshpaintdilatepixelshader.usf" 2588
"../../../Engine/Shaders/Private/meshpaintdilatevertexshader.usf" 2589
"../../../Engine/Shaders/Private/MeshPaintPixelShader.usf" 2590
"../../../Engine/Shaders/Private/MeshPaintVertexShader.usf" 2591
"../../../Engine/Shaders/Private/Tools/VisualizeTexture.usf" 2592
"../../../Engine/Shaders/Private/ByteBuffer.usf" 2593
"../../../Engine/Shaders/Private/ResolveVertexShader.usf" 2594
"../../../Engine/Shaders/Private/ResolvePixelShader.usf" 2595
"../../../Engine/Shaders/Private/Tools/SetupIndirectArgs.usf" 2596
"../../../Engine/Shaders/Private/Tools/ClearUAV.usf" 2597
"../../../Engine/Shaders/Private/ClearReplacementShaders.usf" 2598
"../../../Engine/Shaders/Private/Tools/DrawTexture.usf" 2599
"../../../Engine/Shaders/Private/RayTracing/RayTracingValidation.usf" 2600
"../../../Engine/Shaders/Private/RenderGraphUtilities.usf" 2601
"../../../Engine/Shaders/Private/OneColorShader.usf" 2602
"../../../Engine/Shaders/Private/OculusShaders.usf" 2603
"../../../Engine/Shaders/Private/MediaShaders.usf" 2604
"../../../Engine/Shaders/Private/GPUMessaging.usf" 2605
"../../../Engine/Shaders/Private/NullPixelShader.usf" 2606
"../../../Engine/Shaders/Private/ComputeGenerateMips.usf" 2607
"../../../Engine/Shaders/Private/Tools/DumpTexture.usf" 2608
"../../../Engine/Shaders/Private/CopyTextureShaders.usf" 2609
"../../../Engine/Shaders/Private/Tools/FullscreenVertexShader.usf" 2610
"../../../Engine/Shaders/Private/RayTracing/RayTracingDispatchDesc.usf" 2611
"../../../Engine/Shaders/Private/Bink.usf" 2612
"E:/Gry/UE_5.2/Engine/Plugins/2D/Paper2D/Content/DummySprite.uasset" 2613
"E:/Gry/UE_5.2/Engine/Plugins/Animation/ControlRigSpline/Content/SplineFunctionLibrary/SplineFunctionLibrary.uasset" 2614
"E:/Gry/UE_5.2/Engine/Plugins/Animation/ControlRig/Content/StandardFunctionLibrary/StandardFunctionLibrary.uasset" 2615
"F:/DANE/Project_2024/Content/FirstPerson/Blueprints/BP_FirstPersonGameMode.uasset" 2616
"E:/Gry/UE_5.2/Engine/Plugins/2D/Paper2D/Content/Tutorial/Paper2D/TutorialAssets/TutorialFlipBook.uasset" 2617
"E:/Gry/UE_5.2/Engine/Plugins/2D/Paper2D/Content/Tutorial/Paper2D/TutorialAssets/TutorialSprite.uasset" 2618
"../../../Engine/Content/EditorResources/S_Actor.uasset" 2619
"C:/Users/andrz/AppData/Local/UnrealEngine/Common/DerivedDataCache/Buckets/BulkDataList/ff/b2/626b3977be36fdc8acc1673ae89d3b1f20c4.udd" 2620
"F:/DANE/Project_2024/Intermediate/ShaderAutogen/PCD3D_SM6/AutogenShaderHeaders.ush" 2621
"F:/DANE/Project_2024/Intermediate/ShaderAutogen/PCD3D_ES3_1/AutogenShaderHeaders.ush" 2622
"../../../Engine/Content/EditorResources/S_BoxReflectionCapture.uasset" 2623
"C:/Users/andrz/AppData/Local/UnrealEngine/Common/DerivedDataCache/Buckets/BulkDataList/45/17/235d7378a915658fcebcd80d52a3e356053b.udd" 2624
"../../../Engine/Content/EngineResources/DefaultTexture.uasset" 2625
"C:/Users/andrz/AppData/Local/UnrealEngine/Common/DerivedDataCache/Buckets/BulkDataList/09/d7/f4030474b28d9178459750ebf2cd488d7e60.udd" 2626
"../../../Engine/Content/EngineResources/DefaultTextureCube.uasset" 2627
"C:/Users/andrz/AppData/Local/UnrealEngine/Common/DerivedDataCache/Buckets/BulkDataList/8f/f2/f08b48d78ac62acc95005b44e73ec2fa9229.udd" 2628
"../../../Engine/Content/EngineResources/DefaultVolumeTexture.uasset" 2629
"../../../Engine/Content/EngineResources/DefaultVolumeTexture2D.uasset" 2630
"C:/Users/andrz/AppData/Local/UnrealEngine/Common/DerivedDataCache/Buckets/BulkDataList/61/07/62c6636f905d3747062ed95d5f5602639c0b.udd" 2631
"C:/Users/andrz/AppData/Local/UnrealEngine/Common/DerivedDataCache/Buckets/BulkDataList/f9/9f/f238f6ad40eb7d6ed221c12059af1baac492.udd" 2632
"../../../Engine/Content/EngineFonts/RobotoDistanceField.uasset" 2633
"C:/Users/andrz/AppData/Local/UnrealEngine/Common/DerivedDataCache/Buckets/BulkDataList/98/45/cf41f66ebf26675a4eaffdc847a2a5e2ffbb.udd" 2634
"../../../Engine/Content/EngineMaterials/DefaultTextMaterialOpaque.uasset" 2635
"../../../Engine/Content/Functions/Engine_MaterialFunctions01/Shading/PowerToRoughness.uasset" 2636
"../../../Engine/Content/Functions/Engine_MaterialFunctions01/Shading/ConvertFromDiffSpec.uasset" 2637
"../../../Engine/Content/EngineMaterials/WorldGridMaterial.uasset" 2638
"../../../Engine/Content/Functions/Engine_MaterialFunctions01/Opacity/CameraDepthFade.uasset" 2639
"../../../Engine/Content/EngineMaterials/T_Default_Material_Grid_M.uasset" 2640
"../../../Engine/Content/EngineMaterials/T_Default_Material_Grid_N.uasset" 2641
"../../../Engine/Content/EngineMaterials/DefaultDeferredDecalMaterial.uasset" 2642
"../../../Engine/Content/EngineMaterials/DefaultDiffuse.uasset" 2643
"../../../Engine/Content/EngineMaterials/DefaultLightFunctionMaterial.uasset" 2644
"../../../Engine/Content/EngineMaterials/DefaultPostProcessMaterial.uasset" 2645
"../../../Engine/Content/Functions/Engine_MaterialFunctions02/Utility/BreakOutFloat2Components.uasset" 2646
"C:/Users/andrz/AppData/Local/UnrealEngine/Common/DerivedDataCache/Buckets/BulkDataList/0e/48/187a4bc323e2e90f1c467f2f99ebf293ed5c.udd" 2647
"C:/Users/andrz/AppData/Local/UnrealEngine/Common/DerivedDataCache/Buckets/BulkDataList/8c/4f/a66b1f5ad2fcb4171f79c3966d6cb22ad123.udd" 2648
"C:/Users/andrz/AppData/Local/UnrealEngine/Common/DerivedDataCache/Buckets/BulkDataList/30/f4/ff1d7f391eef52b5403d431055cf5cc3b088.udd" 2649
"../../../Engine/Content/EditorResources/S_Trigger.uasset" 2650
"C:/Users/andrz/AppData/Local/UnrealEngine/Common/DerivedDataCache/Buckets/BulkDataList/81/ff/fcb82c4167b9959115c6aba9f64de2633099.udd" 2651
"../../../Engine/Content/EditorResources/S_TriggerBox.uasset" 2652
"C:/Users/andrz/AppData/Local/UnrealEngine/Common/DerivedDataCache/Buckets/BulkDataList/3c/08/12cb9a66ce9d68ba00bfbeb96cc70b671e4f.udd" 2653
"../../../Engine/Content/EditorResources/S_TriggerCapsule.uasset" 2654
"C:/Users/andrz/AppData/Local/UnrealEngine/Common/DerivedDataCache/Buckets/BulkDataList/03/ec/f924ed942c4546d0a3905b756d19e66d5acf.udd" 2655
"../../../Engine/Content/EditorResources/S_TriggerSphere.uasset" 2656
"C:/Users/andrz/AppData/Local/UnrealEngine/Common/DerivedDataCache/Buckets/BulkDataList/37/d6/3675d2401627bf24cef05c0dea4cc9f5590e.udd" 2657
"../../../Engine/Content/EngineDamageTypes/DmgTypeBP_Environmental.uasset" 2658
"../../../Engine/Content/EngineSky/VolumetricClouds/m_SimpleVolumetricCloud_Inst.uasset" 2659
"../../../Engine/Content/EngineSky/VolumetricClouds/m_SimpleVolumetricCloud.uasset" 2660
"../../../Engine/Content/Functions/Engine_MaterialFunctions02/Utility/MakeFloat2.uasset" 2661
"../../../Engine/Content/EngineSky/VolumetricClouds/CloudGradientTexture.uasset" 2662
"../../../Engine/Content/EngineSky/VolumetricClouds/CloudWeatherTexture.uasset" 2663
"../../../Engine/Content/EngineSky/VolumetricClouds/T_VolumeNoiseErosion32.uasset" 2664
"../../../Engine/Content/EngineSky/VolumetricClouds/T_NoiseErosion.uasset" 2665
"../../../Engine/Content/EngineSky/VolumetricClouds/T_VolumeNoiseShape64.uasset" 2666
"../../../Engine/Content/EngineSky/VolumetricClouds/T_NoiseShape64.uasset" 2667
"C:/Users/andrz/AppData/Local/UnrealEngine/Common/DerivedDataCache/Buckets/BulkDataList/4f/c0/920dd976f2b2325aee6933e94c2771f89ba7.udd" 2668
"C:/Users/andrz/AppData/Local/UnrealEngine/Common/DerivedDataCache/Buckets/BulkDataList/86/3b/6e5ae470824b086c789f4182c9cf5fd255dc.udd" 2669
"C:/Users/andrz/AppData/Local/UnrealEngine/Common/DerivedDataCache/Buckets/BulkDataList/14/d3/cd6057f30b1ed6efa7e503b4a3e6a078f6d3.udd" 2670
"C:/Users/andrz/AppData/Local/UnrealEngine/Common/DerivedDataCache/Buckets/BulkDataList/14/c0/c36eb8d1acd54d4d59a985968f0626561396.udd" 2671
"C:/Users/andrz/AppData/Local/UnrealEngine/Common/DerivedDataCache/Buckets/BulkDataList/ae/be/cfb71182343fb2418731bc3d040633aca727.udd" 2672
"C:/Users/andrz/AppData/Local/UnrealEngine/Common/DerivedDataCache/Buckets/BulkDataList/92/c4/71b112c3892d8378112741cb7e383eee28d8.udd" 2673
"../../../Engine/Content/EngineMeshes/Sphere.uasset" 2674
"C:/Users/andrz/AppData/Local/UnrealEngine/Common/DerivedDataCache/Buckets/LegacyNavCollision/1a/ea/6b0e8fab9d1212ee8db58df061bb0b14406b.udd" 2675
"../../../Engine/Content/EngineResources/WhiteSquareTexture.uasset" 2676
"C:/Users/andrz/AppData/Local/UnrealEngine/Common/DerivedDataCache/Buckets/BulkDataList/ac/80/421faf134b790f09831885028b84267b265f.udd" 2677
"../../../Engine/Content/EngineResources/GradientTexture0.uasset" 2678
"C:/Users/andrz/AppData/Local/UnrealEngine/Common/DerivedDataCache/Buckets/BulkDataList/ee/3a/5d7d550ca98528bc67bb07f115a6d3683ab4.udd" 2679
"../../../Engine/Content/EngineResources/Black.uasset" 2680
"C:/Users/andrz/AppData/Local/UnrealEngine/Common/DerivedDataCache/Buckets/BulkDataList/9a/5d/c73b01bdd0a05dabcb44e8fdbf20965c623b.udd" 2681
"../../../Engine/Content/EngineMaterials/Widget3DPassThrough_Translucent.uasset" 2682
"../../../Engine/Content/EngineMaterials/Widget3DPassThrough.uasset" 2683
"../../../Engine/Content/EngineMaterials/Widget3DPassThrough_Translucent_OneSided.uasset" 2684
"../../../Engine/Content/EngineMaterials/Widget3DPassThrough_Opaque.uasset" 2685
"../../../Engine/Content/EngineMaterials/Widget3DPassThrough_Opaque_OneSided.uasset" 2686
"../../../Engine/Content/EngineMaterials/Widget3DPassThrough_Masked.uasset" 2687
"../../../Engine/Content/EngineMaterials/Widget3DPassThrough_Masked_OneSided.uasset" 2688
"../../../Engine/Content/VREditor/TransformGizmo/PlaneTranslationHandle.uasset" 2689
"../../../Engine/Content/VREditor/TransformGizmo/TransformGizmoMaterial.uasset" 2690
"../../../Engine/Content/VREditor/LaserPointer/VR_LaserPower_01.uasset" 2691
"../../../Engine/Content/VREditor/TransformGizmo/TranslucentTransformGizmoMaterial.uasset" 2692
"C:/Users/andrz/AppData/Local/UnrealEngine/Common/DerivedDataCache/Buckets/BulkDataList/df/04/43770330e319717aa604a11f9812b1d6cc02.udd" 2693
"../../../Engine/Content/VREditor/TransformGizmo/BoundingBoxCorner.uasset" 2694
"../../../Engine/Content/VREditor/TransformGizmo/BoundingBoxEdge.uasset" 2695
"../../../Engine/Content/VREditor/TransformGizmo/SM_Sequencer_Node.uasset" 2696
"../../../Engine/Content/VREditor/TransformGizmo/Main.uasset" 2697
"../../../Engine/Content/VREditor/TransformGizmo/Xray.uasset" 2698
"../../../Engine/Content/EditorMeshes/Camera/SM_CraneRig_Base.uasset" 2699
"../../../Engine/Content/EditorMaterials/Camera/MI_CineMat_Rig.uasset" 2700
"../../../Engine/Content/EditorMaterials/Camera/CineMat.uasset" 2701
"../../../Engine/Content/EditorMeshes/Camera/SM_CraneRig_Arm.uasset" 2702
"../../../Engine/Content/EditorMeshes/Camera/SM_CraneRig_Mount.uasset" 2703
"../../../Engine/Content/EditorMeshes/Camera/SM_CraneRig_Body.uasset" 2704
"../../../Engine/Content/EditorMeshes/Camera/SM_RailRig_Track.uasset" 2705
"../../../Engine/Content/EditorMeshes/Camera/SM_RailRig_Mount.uasset" 2706
"../../../Engine/Content/ArtTools/RenderToTexture/Meshes/S_1_Unit_Plane.uasset" 2707
"../../../Engine/Content/EngineDebugMaterials/M_SimpleUnlitTranslucent.uasset" 2708
"../../../Engine/Content/EngineFonts/Roboto.uasset" 2709
"../../../Engine/Content/EngineFonts/Faces/DroidSansFallback.uasset" 2710
"../../../Engine/Content/EngineFonts/Faces/RobotoBold.uasset" 2711
"../../../Engine/Content/EngineFonts/Faces/RobotoBoldItalic.uasset" 2712
"../../../Engine/Content/EngineFonts/Faces/RobotoItalic.uasset" 2713
"../../../Engine/Content/EngineFonts/Faces/RobotoLight.uasset" 2714
"../../../Engine/Content/EngineFonts/Faces/RobotoRegular.uasset" 2715
"../../../Engine/Content/EditorMaterials/ParticleSystems/PSysThumbnail_NoImage.uasset" 2716
"C:/Users/andrz/AppData/Local/UnrealEngine/Common/DerivedDataCache/Buckets/BulkDataList/bf/2b/1e1f36581f6a9f3ea5bcf5e027a647259d2c.udd" 2717
"../../../Engine/Content/EditorMaterials/ParticleSystems/PSysThumbnail_OOD.uasset" 2718
"C:/Users/andrz/AppData/Local/UnrealEngine/Common/DerivedDataCache/Buckets/BulkDataList/42/30/9de8869c1082ba4ebda48f4fc15a968ac946.udd" 2719
"../../../Engine/Content/EditorLandscapeResources/SplineEditorMesh.uasset" 2720
"../../../Engine/Content/EditorLandscapeResources/SplineEditorMeshMat.uasset" 2721
"../../../Engine/Content/EditorLandscapeResources/DataLayer.uasset" 2722
"../../../Engine/Content/EditorResources/S_Solver.uasset" 2723
"C:/Users/andrz/AppData/Local/UnrealEngine/Common/DerivedDataCache/Buckets/BulkDataList/0b/6d/21f689da0441b2c92dea37dbd716f83d4c17.udd" 2724
"../../../Engine/Content/EngineDebugMaterials/VolumeToRender.uasset" 2725
"C:/Users/andrz/AppData/Local/UnrealEngine/Common/DerivedDataCache/Buckets/BulkDataList/a8/19/557ab796ed722a1f68cf541e6331dc219524.udd" 2726
"../../../Engine/Content/EngineDebugMaterials/M_VolumeRenderSphereTracePP.uasset" 2727
"../../../Engine/Content/Functions/Engine_MaterialFunctions02/Utility/CameraDirectionVector.uasset" 2728
"../../../Engine/Content/Internationalization/icudt64l/coll/ucadata.icu" 2729
"../../../Engine/Content/Internationalization/icudt64l/coll/pl.res" 2730
"../../../Engine/Content/Internationalization/icudt64l/coll/root.res" 2731
"../../../Engine/Content/Animation/DefaultAnimBoneCompressionSettings.uasset" 2732
"../../../Engine/Content/Animation/DefaultRecorderBoneCompression.uasset" 2733
"../../../Engine/Content/Animation/DefaultAnimCurveCompressionSettings.uasset" 2734
"../../Plugins/Animation/ControlRig/Content/Controls/ControlRigXRayMaterial.uasset" 2735
"../../Plugins/Animation/ControlRig/Content/Controls/DefaultGizmoLibraryNormalized.uasset" 2736
"../../Plugins/Animation/ControlRig/Content/M_Manip.uasset" 2737
"../../../Engine/Content/Functions/Engine_MaterialFunctions02/WorldPositionOffset/CameraOffset.uasset" 2738
"../../Plugins/2D/Paper2D/Content/MaskedUnlitSpriteMaterial.uasset" 2739
"../../Plugins/2D/Paper2D/Content/DefaultSpriteMaterial.uasset" 2740
"../../Plugins/2D/Paper2D/Content/PlaceholderTextures/DummySpriteTexture.uasset" 2741
"C:/Users/andrz/AppData/Local/UnrealEngine/Common/DerivedDataCache/Buckets/BulkDataList/d9/90/b2eb6993d5ceabe76f36dafc3c363013c65b.udd" 2742
"../../Plugins/2D/Paper2D/Content/OpaqueUnlitSpriteMaterial.uasset" 2743
"../../Plugins/2D/Paper2D/Content/DefaultPaperTerrainMaterial.uasset" 2744
"../../Plugins/2D/Paper2D/Content/DummySprite.uasset" 2745
"../../Plugins/Media/MediaPlate/Content/SM_MediaPlateScreen.uasset" 2746
"../../Plugins/Editor/SpeedTreeImporter/Content/SpeedTree9/SpeedTreeMaster.uasset" 2747
"../../../Engine/Content/Functions/Engine_MaterialFunctions02/ObjectLocalBounds.uasset" 2748
"../../../Engine/Content/Functions/Engine_MaterialFunctions02/SafeNormalize.uasset" 2749
"../../../Engine/Content/Functions/Engine_MaterialFunctions02/Utility/BreakOutFloat3Components.uasset" 2750
"../../../Engine/Content/Functions/Engine_MaterialFunctions02/Utility/VectorLength.uasset" 2751
"../../../Engine/Content/Functions/Engine_MaterialFunctions02/UVs/BoundingBoxBased_0-1_UVW.uasset" 2752
"../../../Engine/Content/Functions/Engine_MaterialFunctions02/WorldPositionOffset/ObjectScale.uasset" 2753
"../../Plugins/Editor/SpeedTreeImporter/Content/SpeedTree9/SpeedTreeBranchMotion.uasset" 2754
"../../Plugins/Editor/SpeedTreeImporter/Content/SpeedTree9/SpeedTreeWindMotion.uasset" 2755
"../../Plugins/Editor/SpeedTreeImporter/Content/SpeedTree9/game_wind_noise.uasset" 2756
"../../Plugins/Editor/SpeedTreeImporter/Content/SpeedTree9/UnpackDirection.uasset" 2757
"../../Plugins/Editor/SpeedTreeImporter/Content/SpeedTree9/UnpackInteger3.uasset" 2758
"../../Plugins/Editor/SpeedTreeImporter/Content/SpeedTree9/SpeedTreeCameraFacing.uasset" 2759
"../../Plugins/Editor/SpeedTreeImporter/Content/SpeedTree9/SpeedTreeWind.uasset" 2760
"../../Plugins/Editor/SpeedTreeImporter/Content/SpeedTree9/Empty.uasset" 2761
"../../Plugins/Editor/SpeedTreeImporter/Content/SpeedTree9/EmptyNormal.uasset" 2762
"C:/Users/andrz/AppData/Local/UnrealEngine/Common/DerivedDataCache/Buckets/BulkDataList/4f/83/071636895125b8d630b2fe244a7cfa5f76ae.udd" 2763
"C:/Users/andrz/AppData/Local/UnrealEngine/Common/DerivedDataCache/Buckets/BulkDataList/a4/ff/71e811a38bd67da54bdd4e1b1961809a5041.udd" 2764
"C:/Users/andrz/AppData/Local/UnrealEngine/Common/DerivedDataCache/Buckets/BulkDataList/2b/5a/940522e670f8b2a62233a1accfe8d58248dc.udd" 2765
"C:/Users/andrz/AppData/Local/UnrealEngine/Common/DerivedDataCache/Buckets/BulkDataPayloadId/93/1e/fa687e128aa134c7085da39d1269fafb1746.udd" 2766
"C:/Users/andrz/AppData/Local/UnrealEngine/Common/DerivedDataCache/Buckets/BulkDataPayloadId/ac/cc/a6aa9daa7cbf76c8953f7e3d2c201a8a54cb.udd" 2767
"../../Plugins/Editor/SpeedTreeImporter/Content/SpeedTree9/SpeedTreeBillboardMaster.uasset" 2768
"../../Plugins/Editor/SpeedTreeImporter/Content/SpeedTree9/SpeedTreeBillboard.uasset" 2769
"F:/DANE/Project_2024/Saved/Config/WindowsEditor/ObjectMixerSerializedData.ini" 2770
"../../../Engine/Content/EngineMaterials/NaniteHiddenSectionMaterial.uasset" 2771
"../../../Engine/Content/EngineMaterials/RemoveSurfaceMaterial.uasset" 2772
"../../../Engine/Content/EngineDebugMaterials/DebugMeshMaterial.uasset" 2773
"../../../Engine/Content/EngineMaterials/EmissiveMeshMaterial.uasset" 2774
"../../../Engine/Content/EngineMaterials/DefaultWhiteGrid_Low.uasset" 2775
"C:/Users/andrz/AppData/Local/UnrealEngine/Common/DerivedDataCache/Buckets/BulkDataList/fa/17/b240bf461e0990fe0b2b7c4719562dbffe7c.udd" 2776
"../../../Engine/Content/EngineMaterials/M_InvalidLightmapSettings.uasset" 2777
"../../../Engine/Content/EngineMaterials/InvalidLightmapSettings.uasset" 2778
"C:/Users/andrz/AppData/Local/UnrealEngine/Common/DerivedDataCache/Buckets/BulkDataList/8f/16/2362b14b4760a91fcffe2fdfa770db0ef109.udd" 2779
"../../../Engine/Content/EngineMaterials/GizmoMaterial.uasset" 2780
"../../../Engine/Content/EngineMaterials/PhAT_JointLimitMaterial.uasset" 2781
"../../../Engine/Content/EngineMaterials/FlattenMaterial.uasset" 2782
"../../../Engine/Content/EngineMaterials/BaseFlattenDiffuseMap.uasset" 2783
"../../../Engine/Content/EngineMaterials/BaseFlattenEmissiveMap.uasset" 2784
"../../../Engine/Content/EngineMaterials/BaseFlattenGrayscaleMap.uasset" 2785
"../../../Engine/Content/EngineMaterials/BaseFlattenLinearColor.uasset" 2786
"../../../Engine/Content/EngineMaterials/BaseFlattenNormalMap.uasset" 2787
"../../../Engine/Content/Functions/Engine_MaterialFunctions02/PivotPainter2/Black_1x1_EXR_Texture.uasset" 2788
"C:/Users/andrz/AppData/Local/UnrealEngine/Common/DerivedDataCache/Buckets/BulkDataList/02/b7/b02b72d5ffddfc9da30450ac84e632a21352.udd" 2789
"C:/Users/andrz/AppData/Local/UnrealEngine/Common/DerivedDataCache/Buckets/BulkDataList/c1/5b/d280147a029fd2c344463829fbff87d669bb.udd" 2790
"C:/Users/andrz/AppData/Local/UnrealEngine/Common/DerivedDataCache/Buckets/BulkDataList/d8/f1/06a3d09e19c4ff8af10a99d071e780116809.udd" 2791
"C:/Users/andrz/AppData/Local/UnrealEngine/Common/DerivedDataCache/Buckets/BulkDataList/7b/5d/32abbf3b47c956fdb5b8bf2fc7b5a609b681.udd" 2792
"C:/Users/andrz/AppData/Local/UnrealEngine/Common/DerivedDataCache/Buckets/BulkDataList/a8/da/d43584aadebed587055194f65930c1e3d0ab.udd" 2793
"C:/Users/andrz/AppData/Local/UnrealEngine/Common/DerivedDataCache/Buckets/BulkDataList/17/4d/b9a53a62bcf910a32d4a5f12012ea99db854.udd" 2794
"../../../Engine/Content/EngineMaterials/FlattenMaterial_VT.uasset" 2795
"../../../Engine/Content/EngineMaterials/BaseFlattenDiffuseMap_VT.uasset" 2796
"../../../Engine/Content/EngineMaterials/BaseFlattenEmissiveMap_VT.uasset" 2797
"../../../Engine/Content/EngineMaterials/BaseFlattenGrayscaleMap_VT.uasset" 2798
"../../../Engine/Content/EngineMaterials/BaseFlattenLinearColor_VT.uasset" 2799
"../../../Engine/Content/EngineMaterials/BaseFlattenNormalMap_VT.uasset" 2800
"../../../Engine/Content/EngineMaterials/Black_1x1_EXR_Texture_VT.uasset" 2801
"C:/Users/andrz/AppData/Local/UnrealEngine/Common/DerivedDataCache/Buckets/BulkDataList/30/20/1de39b9eb0bb0cc5c343e75808ac2e8cf1f6.udd" 2802
"C:/Users/andrz/AppData/Local/UnrealEngine/Common/DerivedDataCache/Buckets/BulkDataList/ee/1c/1f6defa5e9116e2807201eafae47e50510da.udd" 2803
"C:/Users/andrz/AppData/Local/UnrealEngine/Common/DerivedDataCache/Buckets/BulkDataList/1e/05/79d6bec45a50545531aeac514f8aa2da21cd.udd" 2804
"C:/Users/andrz/AppData/Local/UnrealEngine/Common/DerivedDataCache/Buckets/BulkDataList/50/3d/e662f151e6c19bf85ca0ac51998a80d87d41.udd" 2805
"C:/Users/andrz/AppData/Local/UnrealEngine/Common/DerivedDataCache/Buckets/BulkDataList/51/28/b66c1c87b5e73c92be4dc507a4f29044fca7.udd" 2806
"C:/Users/andrz/AppData/Local/UnrealEngine/Common/DerivedDataCache/Buckets/BulkDataList/16/9f/abc51364197928fd164fe0bb25624955b85d.udd" 2807
"../../../Engine/Content/EngineMaterials/FlattenMaterial_WS_Normal_VT.uasset" 2808
"../../../Engine/Content/EngineMaterials/Good64x64TilingNoiseHighFreq.uasset" 2809
"C:/Users/andrz/AppData/Local/UnrealEngine/Common/DerivedDataCache/Buckets/BulkDataList/d4/1f/33bc80e51ba351ae59beade7e1a2abedbb96.udd" 2810
"../../../Engine/Content/EngineMaterials/DefaultBokeh.uasset" 2811
"C:/Users/andrz/AppData/Local/UnrealEngine/Common/DerivedDataCache/Buckets/BulkDataList/d6/cb/de17cbd3d82898dc6742b9c3b8f483334054.udd" 2812
"../../../Engine/Content/EngineMaterials/PreintegratedSkinBRDF.uasset" 2813
"C:/Users/andrz/AppData/Local/UnrealEngine/Common/DerivedDataCache/Buckets/BulkDataList/71/86/e18821e25458310e37146ea3eaca42024420.udd" 2814
"../../../Engine/Content/EngineMaterials/MiniFont.uasset" 2815
"C:/Users/andrz/AppData/Local/UnrealEngine/Common/DerivedDataCache/Buckets/BulkDataList/b2/48/cb9e7c20d5d27d3d66617b357a78e10834e6.udd" 2816
"../../../Engine/Content/EngineMaterials/WeightMapPlaceholderTexture.uasset" 2817
"C:/Users/andrz/AppData/Local/UnrealEngine/Common/DerivedDataCache/Buckets/BulkDataList/c1/b7/121ba558dd2de84b4218f2ec3d39817dca62.udd" 2818
"../../../Engine/Content/EngineMaterials/DefaultWhiteGrid.uasset" 2819
"C:/Users/andrz/AppData/Local/UnrealEngine/Common/DerivedDataCache/Buckets/BulkDataList/2d/51/a6b33f948c9e5e8e439bee3efe8ab1f241fe.udd" 2820
"../../../Engine/Content/EngineMaterials/DefaultPhysicalMaterial.uasset" 2821
"../../../Engine/Content/EngineMaterials/DefaultDestructiblePhysicalMaterial.uasset" 2822
"../../../Engine/Content/EditorLandscapeResources/DefaultAlphaTexture.uasset" 2823
"C:/Users/andrz/AppData/Local/UnrealEngine/Common/DerivedDataCache/Buckets/BulkDataList/c7/f7/1cb692a4074291855019b11c6d8e54b28229.udd" 2824
"../../../Engine/Content/EditorResources/S_Terrain.uasset" 2825
"C:/Users/andrz/AppData/Local/UnrealEngine/Common/DerivedDataCache/Buckets/BulkDataList/a0/5d/893bb81d79dc408b43a0d26e16ee253a5d1a.udd" 2826
"../../../Engine/Content/BasicShapes/Cube.uasset" 2827
"../../../Engine/Content/BasicShapes/Sphere.uasset" 2828
"../../../Engine/Content/EngineMaterials/DefaultMaterial.uasset" 2829
"../../../Engine/Content/BasicShapes/Cylinder.uasset" 2830
"../../../Engine/Content/BasicShapes/Cone.uasset" 2831
"../../../Engine/Content/BasicShapes/Plane.uasset" 2832
"../../Plugins/Runtime/MeshModelingToolset/Content/Materials/M_DynamicMeshComponentVtxColor.uasset" 2833
"../../Plugins/FX/Niagara/Content/ParameterDefinitions/SpriteRenderer.uasset" 2834
"../../Plugins/FX/Niagara/Content/ParameterDefinitions/RibbonRenderer.uasset" 2835
"../../Plugins/FX/Niagara/Content/ParameterDefinitions/MeshRenderer.uasset" 2836
"../../Plugins/FX/Niagara/Content/ParameterDefinitions/LightRenderer.uasset" 2837
"../../Plugins/FX/Niagara/Content/ParameterDefinitions/DecalRenderer.uasset" 2838
"../../Plugins/FX/Niagara/Content/ParameterDefinitions/CoreParameters.uasset" 2839
"../../../Engine/Content/EditorResources/SequenceRecorder/Countdown.uasset" 2840
"C:/Users/andrz/AppData/Local/UnrealEngine/Common/DerivedDataCache/Buckets/BulkDataList/89/0a/083f8913ea637b55377bf8561f16d8695985.udd" 2841
"../../../Engine/Content/EditorResources/SequenceRecorder/RecordingIndicator.uasset" 2842
"C:/Users/andrz/AppData/Local/UnrealEngine/Common/DerivedDataCache/Buckets/BulkDataList/25/42/9b122c0c6a2a2cf689100a91410c84ab2824.udd" 2843
"../../../Engine/Content/EditorMaterials/PhAT_UnselectedMaterial.uasset" 2844
"../../../Engine/Content/EditorMaterials/PhAT_NoCollisionMaterial.uasset" 2845
"C:/Users/andrz/AppData/Local/UnrealEngine/Common/DerivedDataCache/Buckets/GlobalShaderMap/03/2b/ffbf1d20fb5f645e5c901310786712081752.udd" 2846
"C:/Users/andrz/AppData/Local/UnrealEngine/Common/DerivedDataCache/Buckets/GlobalShaderMap/95/ce/de8a49b40a316e37865533678320db75caaa.udd" 2847
"C:/Users/andrz/AppData/Local/UnrealEngine/Common/DerivedDataCache/Buckets/GlobalShaderMap/18/ab/7c41f2a33428f05b3da63e798f9c1005b876.udd" 2848
"C:/Users/andrz/AppData/Local/UnrealEngine/Common/DerivedDataCache/Buckets/GlobalShaderMap/00/77/793f7a182235f0f2d3815a19f0af5d4102d4.udd" 2849
"C:/Users/andrz/AppData/Local/UnrealEngine/Common/DerivedDataCache/Buckets/GlobalShaderMap/80/8a/a5d1a556f0fc8cb75805813ed9c48ef6503f.udd" 2850
"C:/Users/andrz/AppData/Local/UnrealEngine/Common/DerivedDataCache/Buckets/GlobalShaderMap/30/74/d5356d4a3ddae8f44974c2e5d45b2936539a.udd" 2851
"C:/Users/andrz/AppData/Local/UnrealEngine/Common/DerivedDataCache/Buckets/GlobalShaderMap/d5/70/d1a9c328b14a95124d71b1991348b65a8ae0.udd" 2852
"C:/Users/andrz/AppData/Local/UnrealEngine/Common/DerivedDataCache/Buckets/GlobalShaderMap/0b/44/adfdd653a2fbab221305ebaeee9a891610ea.udd" 2853
"C:/Users/andrz/AppData/Local/UnrealEngine/Common/DerivedDataCache/Buckets/GlobalShaderMap/ac/16/362600a689fee3fa10d4409c81c65ef93875.udd" 2854
"C:/Users/andrz/AppData/Local/UnrealEngine/Common/DerivedDataCache/Buckets/GlobalShaderMap/3b/82/39233b5efab78116ad57df9e8d130239a969.udd" 2855
"C:/Users/andrz/AppData/Local/UnrealEngine/Common/DerivedDataCache/Buckets/GlobalShaderMap/86/af/88955ab2bd7aab4f9a44f514b5268c79349e.udd" 2856
"C:/Users/andrz/AppData/Local/UnrealEngine/Common/DerivedDataCache/Buckets/GlobalShaderMap/93/95/1dee1c7dcbf888db43e827cc30c0ab61093a.udd" 2857
"C:/Users/andrz/AppData/Local/UnrealEngine/Common/DerivedDataCache/Buckets/GlobalShaderMap/51/5a/dac484540fb3e5466abca0525c4e40c9c8c3.udd" 2858
"C:/Users/andrz/AppData/Local/UnrealEngine/Common/DerivedDataCache/Buckets/GlobalShaderMap/3f/ca/f62562d9b60bf7b38b6f3224134b4d4c1355.udd" 2859
"C:/Users/andrz/AppData/Local/UnrealEngine/Common/DerivedDataCache/Buckets/GlobalShaderMap/ae/b5/3db78dd69ead8de5c8a7e5df7ecd5f72e930.udd" 2860
"C:/Users/andrz/AppData/Local/UnrealEngine/Common/DerivedDataCache/Buckets/GlobalShaderMap/49/0f/8e69c2c3cf5e3fde1904122f1841c1bd9a58.udd" 2861
"C:/Users/andrz/AppData/Local/UnrealEngine/Common/DerivedDataCache/Buckets/GlobalShaderMap/51/88/f762c36aad7cf4ca28effc8470f16cc87727.udd" 2862
"C:/Users/andrz/AppData/Local/UnrealEngine/Common/DerivedDataCache/Buckets/GlobalShaderMap/1e/90/a3975fa45e33223d2c77c487188e4930451b.udd" 2863
"C:/Users/andrz/AppData/Local/UnrealEngine/Common/DerivedDataCache/Buckets/GlobalShaderMap/19/cb/04fd01f83e60575bba36009220d9b4e19cef.udd" 2864
"C:/Users/andrz/AppData/Local/UnrealEngine/Common/DerivedDataCache/Buckets/GlobalShaderMap/95/20/2827b4e41cccf8700db76e1627a358ba7855.udd" 2865
"C:/Users/andrz/AppData/Local/UnrealEngine/Common/DerivedDataCache/Buckets/GlobalShaderMap/9f/03/643caa8a802fbe5ac4402423551b5d6c2d54.udd" 2866
"C:/Users/andrz/AppData/Local/UnrealEngine/Common/DerivedDataCache/Buckets/GlobalShaderMap/92/e9/f4a7fe6bd08e2e3383fc01ef1b76a92b3704.udd" 2867
"C:/Users/andrz/AppData/Local/UnrealEngine/Common/DerivedDataCache/Content/69/d1/275917e7c0b27f156455d91a6e515899a303.udd" 2868
"C:/Users/andrz/AppData/Local/UnrealEngine/Common/DerivedDataCache/Buckets/GlobalShaderMap/86/58/3b9c7e0128aec9be0ec496655ce55eef0e79.udd" 2869
"C:/Users/andrz/AppData/Local/UnrealEngine/Common/DerivedDataCache/Buckets/GlobalShaderMap/09/22/4380509ccec6a9f39efe6b53dce694f2303a.udd" 2870
"C:/Users/andrz/AppData/Local/UnrealEngine/Common/DerivedDataCache/Buckets/GlobalShaderMap/ca/f9/5c4b57e3b0d1532de7a45d2a0aa40db668d8.udd" 2871
"C:/Users/andrz/AppData/Local/UnrealEngine/Common/DerivedDataCache/Buckets/GlobalShaderMap/3d/bd/b4e16a3da03f2b315cd976c00d243107dde4.udd" 2872
"C:/Users/andrz/AppData/Local/UnrealEngine/Common/DerivedDataCache/Buckets/GlobalShaderMap/55/f8/8ef647b22ce79e8fd3a88ddd2c2a9fe2cc9b.udd" 2873
"C:/Users/andrz/AppData/Local/UnrealEngine/Common/DerivedDataCache/Buckets/GlobalShaderMap/bf/c0/a21629e464e406a9927915f203d2f59d1f0a.udd" 2874
"C:/Users/andrz/AppData/Local/UnrealEngine/Common/DerivedDataCache/Content/5d/10/f94d107c828f54cb176acdea6727a9bc27e5.udd" 2875
"C:/Users/andrz/AppData/Local/UnrealEngine/Common/DerivedDataCache/Buckets/GlobalShaderMap/2b/72/f8bee6d4fd32d8d2b9a07a15aaa17d9bf330.udd" 2876
"C:/Users/andrz/AppData/Local/UnrealEngine/Common/DerivedDataCache/Buckets/GlobalShaderMap/29/2f/ec27805a200beb7bef48fa419b90b0149865.udd" 2877
"C:/Users/andrz/AppData/Local/UnrealEngine/Common/DerivedDataCache/Buckets/GlobalShaderMap/05/d1/af3d97395196b9b40fe4a23d67218b0de92e.udd" 2878
"C:/Users/andrz/AppData/Local/UnrealEngine/Common/DerivedDataCache/Buckets/GlobalShaderMap/ed/31/e4c76659a39651ad92d8d9246830429deeea.udd" 2879
"C:/Users/andrz/AppData/Local/UnrealEngine/Common/DerivedDataCache/Buckets/GlobalShaderMap/cb/83/e3d5253ef8c4f04e14c2e1b9a19470e073a1.udd" 2880
"C:/Users/andrz/AppData/Local/UnrealEngine/Common/DerivedDataCache/Buckets/GlobalShaderMap/c6/63/963df28b6c7444e958938567c1bade9e8660.udd" 2881
"C:/Users/andrz/AppData/Local/UnrealEngine/Common/DerivedDataCache/Buckets/GlobalShaderMap/6c/e9/4177dcebbfbaffdb0a97adbea93ffd72281a.udd" 2882
"C:/Users/andrz/AppData/Local/UnrealEngine/Common/DerivedDataCache/Buckets/GlobalShaderMap/6f/2f/7db725e707f387a112ffa608465267f27269.udd" 2883
"C:/Users/andrz/AppData/Local/UnrealEngine/Common/DerivedDataCache/Buckets/GlobalShaderMap/89/2f/e8381293a71e99532f7b012b856fd2eb20cb.udd" 2884
"C:/Users/andrz/AppData/Local/UnrealEngine/Common/DerivedDataCache/Buckets/GlobalShaderMap/a9/11/9ce42e4c42c6fd82419463cbfe61107394ee.udd" 2885
"C:/Users/andrz/AppData/Local/UnrealEngine/Common/DerivedDataCache/Buckets/GlobalShaderMap/f0/24/f02e8f08dbd9b54324b06afe61e82e70a6d0.udd" 2886
"C:/Users/andrz/AppData/Local/UnrealEngine/Common/DerivedDataCache/Buckets/GlobalShaderMap/c3/5d/3216b9ccc633c731c7275ed83d8276624a80.udd" 2887
"C:/Users/andrz/AppData/Local/UnrealEngine/Common/DerivedDataCache/Buckets/GlobalShaderMap/09/83/70956abfd50e5cd22365ff0269fc2fe34b22.udd" 2888
"C:/Users/andrz/AppData/Local/UnrealEngine/Common/DerivedDataCache/Content/0f/5c/225b62438109faa5afcedb4942cddf7ab82b.udd" 2889
"C:/Users/andrz/AppData/Local/UnrealEngine/Common/DerivedDataCache/Buckets/GlobalShaderMap/56/11/8b5bef2aed8d7d4082453519aecf11708111.udd" 2890
"C:/Users/andrz/AppData/Local/UnrealEngine/Common/DerivedDataCache/Buckets/GlobalShaderMap/c4/b4/9c156e505786fc2084bc65c4086bb4ddb3d1.udd" 2891
"C:/Users/andrz/AppData/Local/UnrealEngine/Common/DerivedDataCache/Buckets/GlobalShaderMap/22/3f/520b34c3cc8ca61939d7b62380d6521e67d9.udd" 2892
"C:/Users/andrz/AppData/Local/UnrealEngine/Common/DerivedDataCache/Buckets/GlobalShaderMap/56/8a/dfd5bb76280640d0c2a910fb0d94896d188d.udd" 2893
"C:/Users/andrz/AppData/Local/UnrealEngine/Common/DerivedDataCache/Buckets/GlobalShaderMap/e1/3d/6a54eaee564e03ffbfde88f36f4c3994f357.udd" 2894
"C:/Users/andrz/AppData/Local/UnrealEngine/Common/DerivedDataCache/Content/1c/5a/d9b23bec38d6b5b47f9be29650d1f4304310.udd" 2895
"C:/Users/andrz/AppData/Local/UnrealEngine/Common/DerivedDataCache/Buckets/GlobalShaderMap/7c/73/375a1335c9200b664c96af26caa6aae01d70.udd" 2896
"C:/Users/andrz/AppData/Local/UnrealEngine/Common/DerivedDataCache/Buckets/GlobalShaderMap/b9/da/17e22464114d2569275cc8587e369c5c758c.udd" 2897
"C:/Users/andrz/AppData/Local/UnrealEngine/Common/DerivedDataCache/Buckets/GlobalShaderMap/cb/ee/2ff2a694dfe2e698fe2977c5bda2aa9ebc2f.udd" 2898
"C:/Users/andrz/AppData/Local/UnrealEngine/Common/DerivedDataCache/Buckets/GlobalShaderMap/ab/fd/3023c845a26a5748909d0f3e73d060f0b427.udd" 2899
"C:/Users/andrz/AppData/Local/UnrealEngine/Common/DerivedDataCache/Buckets/GlobalShaderMap/2a/f4/444ec05ee6b8958e0cc8e8cd972101b904d6.udd" 2900
"C:/Users/andrz/AppData/Local/UnrealEngine/Common/DerivedDataCache/Buckets/GlobalShaderMap/49/1a/75fad135b90c06f0bd17c08ff94540889db0.udd" 2901
"C:/Users/andrz/AppData/Local/UnrealEngine/Common/DerivedDataCache/Buckets/GlobalShaderMap/d2/31/35134ac585c3be622c0950459156bd0e0e49.udd" 2902
"C:/Users/andrz/AppData/Local/UnrealEngine/Common/DerivedDataCache/Buckets/GlobalShaderMap/4c/3e/b9062cdaa06ac88967ce3ea92c9dac5e23b4.udd" 2903
"C:/Users/andrz/AppData/Local/UnrealEngine/Common/DerivedDataCache/Buckets/GlobalShaderMap/5a/da/3cfb1201bd212285546fbb3355ee8874a2de.udd" 2904
"C:/Users/andrz/AppData/Local/UnrealEngine/Common/DerivedDataCache/Buckets/GlobalShaderMap/e1/59/fcdc116eb61d1788a663505bd5cf520319e6.udd" 2905
"C:/Users/andrz/AppData/Local/UnrealEngine/Common/DerivedDataCache/Buckets/GlobalShaderMap/07/0d/2112edea1873e28f81c9b1d17f6b76c451bb.udd" 2906
"C:/Users/andrz/AppData/Local/UnrealEngine/Common/DerivedDataCache/Buckets/GlobalShaderMap/5b/90/db79f520cb0f630a1d346702b2077970e7ab.udd" 2907
"C:/Users/andrz/AppData/Local/UnrealEngine/Common/DerivedDataCache/Buckets/GlobalShaderMap/3a/b0/998eaeb38d1e1b052e6e2bb0e4055e8019c4.udd" 2908
"C:/Users/andrz/AppData/Local/UnrealEngine/Common/DerivedDataCache/Buckets/GlobalShaderMap/9f/6b/903c09727e3db440a9693a4ef54870b6295d.udd" 2909
"C:/Users/andrz/AppData/Local/UnrealEngine/Common/DerivedDataCache/Buckets/GlobalShaderMap/b2/a6/ed5e130198ef47166013cc09570153822c17.udd" 2910
"C:/Users/andrz/AppData/Local/UnrealEngine/Common/DerivedDataCache/Buckets/GlobalShaderMap/dd/ba/d56742af48591de37fb81d33e8abc91b450c.udd" 2911
"C:/Users/andrz/AppData/Local/UnrealEngine/Common/DerivedDataCache/Buckets/GlobalShaderMap/a3/a0/a1e67f827a68863fb40b742521d5f50e7ff9.udd" 2912
"C:/Users/andrz/AppData/Local/UnrealEngine/Common/DerivedDataCache/Buckets/GlobalShaderMap/01/03/a4257cef9e2ed66e4bfbe9c9ddfbee1f9b93.udd" 2913
"C:/Users/andrz/AppData/Local/UnrealEngine/Common/DerivedDataCache/Buckets/GlobalShaderMap/aa/93/04424407339b05921563779440e635565f1e.udd" 2914
"C:/Users/andrz/AppData/Local/UnrealEngine/Common/DerivedDataCache/Content/ab/26/20f999fdd943cbaaf2e5e089b10e79916362.udd" 2915
"C:/Users/andrz/AppData/Local/UnrealEngine/Common/DerivedDataCache/Buckets/GlobalShaderMap/a5/1a/92808247f5e125ff53868458d310c6a44d9e.udd" 2916
"C:/Users/andrz/AppData/Local/UnrealEngine/Common/DerivedDataCache/Content/cc/68/2e571d5ec481a5fa57b07cadc2729e5553bc.udd" 2917
"C:/Users/andrz/AppData/Local/UnrealEngine/Common/DerivedDataCache/Buckets/GlobalShaderMap/8d/0b/6c9faaea9d7a78514a8447c2194ef4e40715.udd" 2918
"C:/Users/andrz/AppData/Local/UnrealEngine/Common/DerivedDataCache/Buckets/GlobalShaderMap/7a/e9/ba677e0262c871f3c4a7171ff6222a593330.udd" 2919
"C:/Users/andrz/AppData/Local/UnrealEngine/Common/DerivedDataCache/Buckets/GlobalShaderMap/39/e6/bb7b9145bafd20caaaf76c5a3ac68b0921e2.udd" 2920
"C:/Users/andrz/AppData/Local/UnrealEngine/Common/DerivedDataCache/Buckets/GlobalShaderMap/ca/9c/d5a2a3afcd8033023f8a8c7ed7d849117704.udd" 2921
"C:/Users/andrz/AppData/Local/UnrealEngine/Common/DerivedDataCache/Buckets/GlobalShaderMap/06/3e/a4e355b229644f4a6e1617ece1097c03306a.udd" 2922
"C:/Users/andrz/AppData/Local/UnrealEngine/Common/DerivedDataCache/Buckets/GlobalShaderMap/cc/51/12d0ed96d6d37a62d991da8eb739550575c0.udd" 2923
"C:/Users/andrz/AppData/Local/UnrealEngine/Common/DerivedDataCache/Buckets/GlobalShaderMap/3e/3f/ebef137215ad2b1bffe59cf399e1bc018d24.udd" 2924
"C:/Users/andrz/AppData/Local/UnrealEngine/Common/DerivedDataCache/Buckets/GlobalShaderMap/24/e7/e5f5bed67c0f3b5d821e77fb855704547d6d.udd" 2925
"C:/Users/andrz/AppData/Local/UnrealEngine/Common/DerivedDataCache/Buckets/GlobalShaderMap/90/1b/ddf73d6ec2122144174005f5faa7b133256e.udd" 2926
"C:/Users/andrz/AppData/Local/UnrealEngine/Common/DerivedDataCache/Buckets/GlobalShaderMap/b6/2f/f07b8a40d93fbafdc6b8397879da23892b5b.udd" 2927
"C:/Users/andrz/AppData/Local/UnrealEngine/Common/DerivedDataCache/Buckets/GlobalShaderMap/95/74/24ae86674f77376e5deb046cd8c6609cfbcc.udd" 2928
"C:/Users/andrz/AppData/Local/UnrealEngine/Common/DerivedDataCache/Buckets/GlobalShaderMap/1f/cf/7f596ba7987870aae10029d520a5282345bc.udd" 2929
"C:/Users/andrz/AppData/Local/UnrealEngine/Common/DerivedDataCache/Buckets/GlobalShaderMap/a7/ed/439236e533d042d7e0ab4b9bb55ead6e9ff7.udd" 2930
"C:/Users/andrz/AppData/Local/UnrealEngine/Common/DerivedDataCache/Buckets/GlobalShaderMap/b7/6f/1e5091cea0ed569008763a2eff603a19515f.udd" 2931
"C:/Users/andrz/AppData/Local/UnrealEngine/Common/DerivedDataCache/Buckets/GlobalShaderMap/de/34/2ff4fb3af4760fd9b8bb451c5b062b7261a7.udd" 2932
"C:/Users/andrz/AppData/Local/UnrealEngine/Common/DerivedDataCache/Buckets/GlobalShaderMap/92/55/b8a004f882b4b3577123c85c71a48430e43e.udd" 2933
"C:/Users/andrz/AppData/Local/UnrealEngine/Common/DerivedDataCache/Buckets/GlobalShaderMap/e9/f9/6bf9d40f46ea41a39c00b8aa0d5104dbd799.udd" 2934
"C:/Users/andrz/AppData/Local/UnrealEngine/Common/DerivedDataCache/Buckets/GlobalShaderMap/4f/8d/4e56c6f16db84e20a219b603775c9f1df69b.udd" 2935
"C:/Users/andrz/AppData/Local/UnrealEngine/Common/DerivedDataCache/Buckets/GlobalShaderMap/78/25/f1e65467b1f27da1c72242acd01a21d9a765.udd" 2936
"C:/Users/andrz/AppData/Local/UnrealEngine/Common/DerivedDataCache/Buckets/GlobalShaderMap/21/3d/00eec1ead2eaba6062c6b6a3a7ddce170f65.udd" 2937
"C:/Users/andrz/AppData/Local/UnrealEngine/Common/DerivedDataCache/Buckets/GlobalShaderMap/58/21/ef9305faf685c162296f81f9675d8fa53653.udd" 2938
"C:/Users/andrz/AppData/Local/UnrealEngine/Common/DerivedDataCache/Buckets/GlobalShaderMap/21/a7/abd1b11a752790d014067f8deb5276a5410b.udd" 2939
"C:/Users/andrz/AppData/Local/UnrealEngine/Common/DerivedDataCache/Buckets/GlobalShaderMap/51/ab/5a7b12337b7b2bc93c458501dacba48e0a1c.udd" 2940
"C:/Users/andrz/AppData/Local/UnrealEngine/Common/DerivedDataCache/Buckets/GlobalShaderMap/b3/7b/e47ce440fa35821961886f01673a0958410e.udd" 2941
"C:/Users/andrz/AppData/Local/UnrealEngine/Common/DerivedDataCache/Buckets/GlobalShaderMap/66/74/cfb2f9b4021a26b3dd00deb62a5fc8e8d586.udd" 2942
"C:/Users/andrz/AppData/Local/UnrealEngine/Common/DerivedDataCache/Content/72/9d/6a6a96cdfed64ff6984f369d2e486d57a6a6.udd" 2943
"C:/Users/andrz/AppData/Local/UnrealEngine/Common/DerivedDataCache/Buckets/GlobalShaderMap/70/0c/ac85def2e206ec098ce0509adecb6bf22410.udd" 2944
"C:/Users/andrz/AppData/Local/UnrealEngine/Common/DerivedDataCache/Content/aa/f9/671232838aaeff69e5e64c44c6536d5e0302.udd" 2945
"C:/Users/andrz/AppData/Local/UnrealEngine/Common/DerivedDataCache/Buckets/GlobalShaderMap/7c/84/39aef3a7cdf234a66202c1f508dd75b8ffed.udd" 2946
"C:/Users/andrz/AppData/Local/UnrealEngine/Common/DerivedDataCache/Buckets/GlobalShaderMap/73/1e/5b624f68c4b4abb38975fdf2f744886d04a5.udd" 2947
"C:/Users/andrz/AppData/Local/UnrealEngine/Common/DerivedDataCache/Buckets/GlobalShaderMap/7a/56/457df0de274d7d9e98860b5b9e979240957a.udd" 2948
"C:/Users/andrz/AppData/Local/UnrealEngine/Common/DerivedDataCache/Buckets/GlobalShaderMap/5b/cc/f88191301012eb939a5e0d30b232da540dd2.udd" 2949
"C:/Users/andrz/AppData/Local/UnrealEngine/Common/DerivedDataCache/Buckets/GlobalShaderMap/26/11/fb7f1d01f73d902e741951d3c6bda34f0785.udd" 2950
"C:/Users/andrz/AppData/Local/UnrealEngine/Common/DerivedDataCache/Buckets/GlobalShaderMap/a9/31/2330c439e065c0ef6f13f5a2985a272fb19b.udd" 2951
"C:/Users/andrz/AppData/Local/UnrealEngine/Common/DerivedDataCache/Buckets/GlobalShaderMap/36/22/96e269b7378d63b4f42e173efcd27317d29e.udd" 2952
"C:/Users/andrz/AppData/Local/UnrealEngine/Common/DerivedDataCache/Buckets/GlobalShaderMap/f1/61/9183e95643fd7396e2395c4eea2566cdc11a.udd" 2953
"C:/Users/andrz/AppData/Local/UnrealEngine/Common/DerivedDataCache/Buckets/GlobalShaderMap/10/d9/9603a9a2ac4fd13de2cd9be0c13a5509d88e.udd" 2954
"C:/Users/andrz/AppData/Local/UnrealEngine/Common/DerivedDataCache/Buckets/GlobalShaderMap/4d/5c/0901e97dec222680e10732550e071df2ec4a.udd" 2955
"C:/Users/andrz/AppData/Local/UnrealEngine/Common/DerivedDataCache/Buckets/GlobalShaderMap/27/78/2c9035a85ae1a846b2ee52bcb07fd6aa7517.udd" 2956
"C:/Users/andrz/AppData/Local/UnrealEngine/Common/DerivedDataCache/Buckets/GlobalShaderMap/63/fe/33e85cb31024c91c5784ccae124b175b7958.udd" 2957
"C:/Users/andrz/AppData/Local/UnrealEngine/Common/DerivedDataCache/Buckets/GlobalShaderMap/c9/6b/ad79c3b8c9e9aede295f63dbb148882cbfdc.udd" 2958
"C:/Users/andrz/AppData/Local/UnrealEngine/Common/DerivedDataCache/Buckets/GlobalShaderMap/45/d0/f159306a11cd8e745f321c8045e7d57f1f35.udd" 2959
"C:/Users/andrz/AppData/Local/UnrealEngine/Common/DerivedDataCache/Buckets/GlobalShaderMap/53/0f/c37e2f6bfaf74d9e4ee196af89b2f95fcff4.udd" 2960
"C:/Users/andrz/AppData/Local/UnrealEngine/Common/DerivedDataCache/Buckets/GlobalShaderMap/41/83/5a3a780bcc051f7cc3ac9c7af45723ac0c28.udd" 2961
"C:/Users/andrz/AppData/Local/UnrealEngine/Common/DerivedDataCache/Buckets/GlobalShaderMap/a0/98/6b7a0a85a113f5cea8a98c07e4941052c8b7.udd" 2962
"C:/Users/andrz/AppData/Local/UnrealEngine/Common/DerivedDataCache/Buckets/GlobalShaderMap/e9/3c/f401e35e580f183695c2fe6ec5e6bfe51d33.udd" 2963
"C:/Users/andrz/AppData/Local/UnrealEngine/Common/DerivedDataCache/Buckets/GlobalShaderMap/60/f6/b08253adee4c1948d5faced6e0ad10645b19.udd" 2964
"C:/Users/andrz/AppData/Local/UnrealEngine/Common/DerivedDataCache/Buckets/GlobalShaderMap/e0/e4/ffbda745941ac79398b9e229c7b492635a9f.udd" 2965
"C:/Users/andrz/AppData/Local/UnrealEngine/Common/DerivedDataCache/Buckets/GlobalShaderMap/bb/e5/924690657c13c1338886bb55f93636a56987.udd" 2966
"C:/Users/andrz/AppData/Local/UnrealEngine/Common/DerivedDataCache/Buckets/GlobalShaderMap/6f/e7/6ef23d90327a4a86109770a3c11781baaa0a.udd" 2967
"C:/Users/andrz/AppData/Local/UnrealEngine/Common/DerivedDataCache/Buckets/GlobalShaderMap/31/71/8ea85f78a6438df73c909c477a91034b1d2b.udd" 2968
"C:/Users/andrz/AppData/Local/UnrealEngine/Common/DerivedDataCache/Buckets/GlobalShaderMap/5e/ce/aca4b87e677929594c61df96743d2ea11d2c.udd" 2969
"C:/Users/andrz/AppData/Local/UnrealEngine/Common/DerivedDataCache/Buckets/GlobalShaderMap/9a/5c/e22f4ce7a4d33daa77a6616c901255a7b448.udd" 2970
"C:/Users/andrz/AppData/Local/UnrealEngine/Common/DerivedDataCache/Buckets/GlobalShaderMap/c0/ac/bdfbfdadef2eb02ccb596db85481b3911955.udd" 2971
"C:/Users/andrz/AppData/Local/UnrealEngine/Common/DerivedDataCache/Buckets/GlobalShaderMap/7c/8a/e5e9663cf487fe297aeda92f0980f3d9180b.udd" 2972
"C:/Users/andrz/AppData/Local/UnrealEngine/Common/DerivedDataCache/Buckets/GlobalShaderMap/36/1f/fbb8ea8d561f3541d5e44d10b8731431061d.udd" 2973
"C:/Users/andrz/AppData/Local/UnrealEngine/Common/DerivedDataCache/Buckets/GlobalShaderMap/76/b8/e68c2d335d214ea49dba2695a27e6f8fa421.udd" 2974
"C:/Users/andrz/AppData/Local/UnrealEngine/Common/DerivedDataCache/Buckets/GlobalShaderMap/b5/13/7d61bd67e4951de04f57f9d8d29dac91a31d.udd" 2975
"C:/Users/andrz/AppData/Local/UnrealEngine/Common/DerivedDataCache/Buckets/GlobalShaderMap/8b/47/3c94620ca26805c5cccc36f5b02126a7328b.udd" 2976
"C:/Users/andrz/AppData/Local/UnrealEngine/Common/DerivedDataCache/Buckets/GlobalShaderMap/73/c8/1317cb94ba9d98a7bba99fba304caa402036.udd" 2977
"C:/Users/andrz/AppData/Local/UnrealEngine/Common/DerivedDataCache/Content/7b/a1/6ad25d5e348f5cdef3bd41673117c8a0e4f1.udd" 2978
"C:/Users/andrz/AppData/Local/UnrealEngine/Common/DerivedDataCache/Buckets/GlobalShaderMap/99/85/d16f09863c50993ab788400ebc46dadfd5de.udd" 2979
"C:/Users/andrz/AppData/Local/UnrealEngine/Common/DerivedDataCache/Buckets/GlobalShaderMap/01/a8/c78a13e4b9fdee90f1600525d1dbca88023e.udd" 2980
"C:/Users/andrz/AppData/Local/UnrealEngine/Common/DerivedDataCache/Buckets/GlobalShaderMap/d6/46/aec79d5eb537b329d0d59b30fd96be2a7702.udd" 2981
"C:/Users/andrz/AppData/Local/UnrealEngine/Common/DerivedDataCache/Buckets/GlobalShaderMap/55/97/665230e8843a93cce333864e5cb2649b3190.udd" 2982
"C:/Users/andrz/AppData/Local/UnrealEngine/Common/DerivedDataCache/Buckets/GlobalShaderMap/33/1a/306c1a8a40eda0b16c5e951e2e599cdc6f52.udd" 2983
"C:/Users/andrz/AppData/Local/UnrealEngine/Common/DerivedDataCache/Buckets/GlobalShaderMap/10/46/f3531cec8ee0f15e28d15437d6acf8129188.udd" 2984
"C:/Users/andrz/AppData/Local/UnrealEngine/Common/DerivedDataCache/Buckets/GlobalShaderMap/7e/6e/1dd8ab371f196b219b1b1199c13f08f5dcf6.udd" 2985
"C:/Users/andrz/AppData/Local/UnrealEngine/Common/DerivedDataCache/Buckets/GlobalShaderMap/59/9a/ee26750ab9c96bccd6884d0b0756adf0aa4e.udd" 2986
"C:/Users/andrz/AppData/Local/UnrealEngine/Common/DerivedDataCache/Buckets/GlobalShaderMap/c7/cd/bc3a1a69944933661f8f809d8d1205960b01.udd" 2987
"C:/Users/andrz/AppData/Local/UnrealEngine/Common/DerivedDataCache/Buckets/GlobalShaderMap/78/f2/918ae2c069257bd85215423ec8da995b47a7.udd" 2988
"C:/Users/andrz/AppData/Local/UnrealEngine/Common/DerivedDataCache/Buckets/GlobalShaderMap/32/e5/a8af57247e2c8637286b8d0feeb7e8c93ee0.udd" 2989
"C:/Users/andrz/AppData/Local/UnrealEngine/Common/DerivedDataCache/Buckets/GlobalShaderMap/be/72/46ad3afb5269f12a46d11f4e78925d544632.udd" 2990
"C:/Users/andrz/AppData/Local/UnrealEngine/Common/DerivedDataCache/Buckets/GlobalShaderMap/9a/7d/3669c750af9d2d375798282fe6b80c7967e3.udd" 2991
"C:/Users/andrz/AppData/Local/UnrealEngine/Common/DerivedDataCache/Buckets/GlobalShaderMap/74/3c/6b2bd27e905e65fc4f38db6d61c615fbf938.udd" 2992
"C:/Users/andrz/AppData/Local/UnrealEngine/Common/DerivedDataCache/Buckets/GlobalShaderMap/bf/0c/ea5c8323828ff602927b54fa5ce48177ce0e.udd" 2993
"C:/Users/andrz/AppData/Local/UnrealEngine/Common/DerivedDataCache/Buckets/GlobalShaderMap/4c/83/15dc766d4a389284f8720f460a2bc1f78dd2.udd" 2994
"C:/Users/andrz/AppData/Local/UnrealEngine/Common/DerivedDataCache/Buckets/GlobalShaderMap/3a/f8/a9ba13efa61746206600be6e6bad98c8afa9.udd" 2995
"C:/Users/andrz/AppData/Local/UnrealEngine/Common/DerivedDataCache/Buckets/GlobalShaderMap/5f/5b/6c5ed230800594909137d2437a053221ad3a.udd" 2996
"C:/Users/andrz/AppData/Local/UnrealEngine/Common/DerivedDataCache/Buckets/GlobalShaderMap/5b/c7/e8e15bcbae14b8330ccf9459baa203304bda.udd" 2997
"C:/Users/andrz/AppData/Local/UnrealEngine/Common/DerivedDataCache/Buckets/GlobalShaderMap/fe/26/9b643ac6e4f0d436d86916863806b08f28c6.udd" 2998
"C:/Users/andrz/AppData/Local/UnrealEngine/Common/DerivedDataCache/Buckets/GlobalShaderMap/57/17/96f16e890d339a4db8b3d3ae215c8ad7c224.udd" 2999
"C:/Users/andrz/AppData/Local/UnrealEngine/Common/DerivedDataCache/Buckets/GlobalShaderMap/bd/95/3d513f4b3b794ced7b5a32775f1f349cac89.udd" 3000
"C:/Users/andrz/AppData/Local/UnrealEngine/Common/DerivedDataCache/Buckets/GlobalShaderMap/44/f8/b0b6e4d6abdf43b3788451654e63857915af.udd" 3001
"C:/Users/andrz/AppData/Local/UnrealEngine/Common/DerivedDataCache/Buckets/GlobalShaderMap/87/49/4887b8c8afa9a8ce8acac062c00683ec7fbc.udd" 3002
"C:/Users/andrz/AppData/Local/UnrealEngine/Common/DerivedDataCache/Buckets/GlobalShaderMap/18/84/f3e5f77eaa9788327912acdca03d3c5fbe1c.udd" 3003
"C:/Users/andrz/AppData/Local/UnrealEngine/Common/DerivedDataCache/Buckets/GlobalShaderMap/8e/ae/7de0bc89af6ec1b4f072448b4a0fed378079.udd" 3004
"C:/Users/andrz/AppData/Local/UnrealEngine/Common/DerivedDataCache/Buckets/GlobalShaderMap/0f/3d/48330b6e2aa93d07e9a1c1cba6dedcfbc171.udd" 3005
"C:/Users/andrz/AppData/Local/UnrealEngine/Common/DerivedDataCache/Buckets/GlobalShaderMap/9d/c9/e3f8ee4de4e5593ecf69f77e5059b8a74b83.udd" 3006
"C:/Users/andrz/AppData/Local/UnrealEngine/Common/DerivedDataCache/Buckets/GlobalShaderMap/07/3d/c15864b5f0cf7fe062beb5db8cc80899dcde.udd" 3007
"C:/Users/andrz/AppData/Local/UnrealEngine/Common/DerivedDataCache/Buckets/GlobalShaderMap/e8/ca/d4f3084f2a46311212241f1a234f016d1cb5.udd" 3008
"C:/Users/andrz/AppData/Local/UnrealEngine/Common/DerivedDataCache/Buckets/GlobalShaderMap/c3/3e/00af7a38fc2ad5c5ef4b92d5718b36aa8d49.udd" 3009
"C:/Users/andrz/AppData/Local/UnrealEngine/Common/DerivedDataCache/Buckets/GlobalShaderMap/6f/ca/6d9e1cc66d542605f614a237a1f560ef578b.udd" 3010
"C:/Users/andrz/AppData/Local/UnrealEngine/Common/DerivedDataCache/Buckets/GlobalShaderMap/eb/5f/588f923ac34d166ebcfa3026b17a4570288c.udd" 3011
"C:/Users/andrz/AppData/Local/UnrealEngine/Common/DerivedDataCache/Buckets/GlobalShaderMap/8d/09/b82343c141ceeee00b7323340f8b36885496.udd" 3012
"C:/Users/andrz/AppData/Local/UnrealEngine/Common/DerivedDataCache/Buckets/GlobalShaderMap/7e/89/4d95588331c0feb5a163e951e6a14191bc83.udd" 3013
"C:/Users/andrz/AppData/Local/UnrealEngine/Common/DerivedDataCache/Buckets/GlobalShaderMap/39/bc/62bab4abdd3acf876388b671ca80701e5c51.udd" 3014
"C:/Users/andrz/AppData/Local/UnrealEngine/Common/DerivedDataCache/Buckets/GlobalShaderMap/6f/3c/65ec5109c285b634d225546f4f7ae841903f.udd" 3015
"C:/Users/andrz/AppData/Local/UnrealEngine/Common/DerivedDataCache/Buckets/GlobalShaderMap/7b/6c/f7f7480265aa9d6dc5622e4a87d9d24e399b.udd" 3016
"C:/Users/andrz/AppData/Local/UnrealEngine/Common/DerivedDataCache/Buckets/GlobalShaderMap/7c/a3/406accc4c8a432e66b1f6fdcaeb7e706b13a.udd" 3017
"C:/Users/andrz/AppData/Local/UnrealEngine/Common/DerivedDataCache/Buckets/GlobalShaderMap/9e/cd/4dbab14dee903e1e8afc55d310d902e08ff8.udd" 3018
"C:/Users/andrz/AppData/Local/UnrealEngine/Common/DerivedDataCache/Buckets/GlobalShaderMap/14/88/3dc5a5edddce4367cc842a29d54db288f2fa.udd" 3019
"C:/Users/andrz/AppData/Local/UnrealEngine/Common/DerivedDataCache/Buckets/GlobalShaderMap/c4/8c/48d5aaec71ee56a11028e3d2ef016ce501e5.udd" 3020
"C:/Users/andrz/AppData/Local/UnrealEngine/Common/DerivedDataCache/Buckets/GlobalShaderMap/a5/86/5c13d0dca3e298b3728cf116987b3739668e.udd" 3021
"C:/Users/andrz/AppData/Local/UnrealEngine/Common/DerivedDataCache/Buckets/GlobalShaderMap/92/ca/bafa9394277b3521d7e64805f035f691e1f4.udd" 3022
"C:/Users/andrz/AppData/Local/UnrealEngine/Common/DerivedDataCache/Buckets/GlobalShaderMap/d4/63/263e1ce7e4d1ca5f0b34f33d05ea45e4de64.udd" 3023
"C:/Users/andrz/AppData/Local/UnrealEngine/Common/DerivedDataCache/Buckets/GlobalShaderMap/08/2e/f83091bba092a6abf461996ae36c44774c16.udd" 3024
"C:/Users/andrz/AppData/Local/UnrealEngine/Common/DerivedDataCache/Buckets/GlobalShaderMap/25/c6/ecca7141bbd7830fb215d936427e8abfccb7.udd" 3025
"C:/Users/andrz/AppData/Local/UnrealEngine/Common/DerivedDataCache/Buckets/GlobalShaderMap/0e/b6/1e84c640eeb8e020ea69b03c809935c62c7c.udd" 3026
"C:/Users/andrz/AppData/Local/UnrealEngine/Common/DerivedDataCache/Buckets/GlobalShaderMap/cf/68/a3f14327f6756ec663be70e3d0e96e8e9584.udd" 3027
"C:/Users/andrz/AppData/Local/UnrealEngine/Common/DerivedDataCache/Buckets/GlobalShaderMap/2a/ee/2379c1030eed911a2e21e87081acfa016f65.udd" 3028
"C:/Users/andrz/AppData/Local/UnrealEngine/Common/DerivedDataCache/Buckets/GlobalShaderMap/39/40/85038f9b55312ed47acd2baafb9e1d53439c.udd" 3029
"C:/Users/andrz/AppData/Local/UnrealEngine/Common/DerivedDataCache/Buckets/GlobalShaderMap/71/f4/4394bd9c95d4fdc062fc59903f43f2dbd320.udd" 3030
"C:/Users/andrz/AppData/Local/UnrealEngine/Common/DerivedDataCache/Buckets/GlobalShaderMap/9d/5d/b4d1dd974d7beaa6ec8ffa749cf587e22a77.udd" 3031
"C:/Users/andrz/AppData/Local/UnrealEngine/Common/DerivedDataCache/Buckets/GlobalShaderMap/fa/e5/5cc4551960ae86e5a38dd53cf5165fc03176.udd" 3032
"C:/Users/andrz/AppData/Local/UnrealEngine/Common/DerivedDataCache/Buckets/GlobalShaderMap/49/e3/94399b53cf2b7936ddc4224c0c4d6d4ea487.udd" 3033
"C:/Users/andrz/AppData/Local/UnrealEngine/Common/DerivedDataCache/Buckets/GlobalShaderMap/3a/69/d169c5ceb3fb28f343616b6df4ac7c52ad02.udd" 3034
"C:/Users/andrz/AppData/Local/UnrealEngine/Common/DerivedDataCache/Buckets/GlobalShaderMap/12/58/fad72760e56c547de2ee58a96b0427aa3784.udd" 3035
"C:/Users/andrz/AppData/Local/UnrealEngine/Common/DerivedDataCache/Buckets/GlobalShaderMap/80/d3/acea6779564471fe2d5c960a65867503b71d.udd" 3036
"C:/Users/andrz/AppData/Local/UnrealEngine/Common/DerivedDataCache/Buckets/GlobalShaderMap/55/6d/db38fee10e49fcb4a657c03cd275ab5b6cfd.udd" 3037
"C:/Users/andrz/AppData/Local/UnrealEngine/Common/DerivedDataCache/Buckets/GlobalShaderMap/cf/8f/c132afc70133152bd59f25a89bd3eb4c68dd.udd" 3038
"C:/Users/andrz/AppData/Local/UnrealEngine/Common/DerivedDataCache/Buckets/GlobalShaderMap/58/9b/a110adb93a751c4dee817ab6f9e8f4f51841.udd" 3039
"C:/Users/andrz/AppData/Local/UnrealEngine/Common/DerivedDataCache/Buckets/GlobalShaderMap/7e/b8/4cb369b36fac4fdf555c811304cb039b7604.udd" 3040
"C:/Users/andrz/AppData/Local/UnrealEngine/Common/DerivedDataCache/Buckets/GlobalShaderMap/c6/08/c55d6ebb061d88c47480a6eacb25e14af5d8.udd" 3041
"C:/Users/andrz/AppData/Local/UnrealEngine/Common/DerivedDataCache/Buckets/GlobalShaderMap/84/bb/6e92b5ec85b2b3bd2be2b23dc29d1402f80d.udd" 3042
"C:/Users/andrz/AppData/Local/UnrealEngine/Common/DerivedDataCache/Buckets/GlobalShaderMap/ec/d1/f021477753c7eaaebaec9468bfc1d773329f.udd" 3043
"C:/Users/andrz/AppData/Local/UnrealEngine/Common/DerivedDataCache/Buckets/GlobalShaderMap/ef/b2/fba1e513de561ccba8837ba727385fcb8f3c.udd" 3044
"C:/Users/andrz/AppData/Local/UnrealEngine/Common/DerivedDataCache/Buckets/GlobalShaderMap/54/83/e552656f427315e5bf1b93cfeb98524e11ae.udd" 3045
"C:/Users/andrz/AppData/Local/UnrealEngine/Common/DerivedDataCache/Buckets/GlobalShaderMap/8f/ab/b1f8339c5452a9cc3ab07aa1131de026dabc.udd" 3046
"C:/Users/andrz/AppData/Local/UnrealEngine/Common/DerivedDataCache/Buckets/GlobalShaderMap/88/8c/aa3d3e59c56b7c85513c226affac74336eab.udd" 3047
"C:/Users/andrz/AppData/Local/UnrealEngine/Common/DerivedDataCache/Buckets/GlobalShaderMap/35/82/9e731bf09e593953e89d205fab5fb3996d37.udd" 3048
"C:/Users/andrz/AppData/Local/UnrealEngine/Common/DerivedDataCache/Buckets/GlobalShaderMap/06/29/2f7e3b3554a8a4d3f014e4ba24fe0cec83ee.udd" 3049
"C:/Users/andrz/AppData/Local/UnrealEngine/Common/DerivedDataCache/Buckets/GlobalShaderMap/a4/7d/d4d0d16eadca66e873fb1d259ca25e3db020.udd" 3050
"C:/Users/andrz/AppData/Local/UnrealEngine/Common/DerivedDataCache/Buckets/GlobalShaderMap/bf/9d/c2c159a86c7d0c62f032c3a04a8695283133.udd" 3051
"C:/Users/andrz/AppData/Local/UnrealEngine/Common/DerivedDataCache/Buckets/GlobalShaderMap/b8/40/2d61e7c19c7a39e01eacaab9a59defaa9e8e.udd" 3052
"C:/Users/andrz/AppData/Local/UnrealEngine/Common/DerivedDataCache/Buckets/GlobalShaderMap/04/ec/88237570da8a6516f3cf44860834fac89780.udd" 3053
"C:/Users/andrz/AppData/Local/UnrealEngine/Common/DerivedDataCache/Buckets/GlobalShaderMap/75/02/f9bc8f8c8bedb0dad886f755ec999c3f953f.udd" 3054
"C:/Users/andrz/AppData/Local/UnrealEngine/Common/DerivedDataCache/Buckets/GlobalShaderMap/6f/18/aec8fc13ca705c0c5eb1648f510648305062.udd" 3055
"C:/Users/andrz/AppData/Local/UnrealEngine/Common/DerivedDataCache/Buckets/GlobalShaderMap/d3/5e/e8477dfad22ede04b3876724c48efe4a970c.udd" 3056
"C:/Users/andrz/AppData/Local/UnrealEngine/Common/DerivedDataCache/Buckets/GlobalShaderMap/09/d8/279dabfb4f40f3a6a3211ad5e12c8f9beca7.udd" 3057
"C:/Users/andrz/AppData/Local/UnrealEngine/Common/DerivedDataCache/Buckets/GlobalShaderMap/b8/be/ed0c0f31857d5f8ac3309446ab8a40a93e81.udd" 3058
"C:/Users/andrz/AppData/Local/UnrealEngine/Common/DerivedDataCache/Buckets/GlobalShaderMap/2d/f7/16803f7ef5dfcfd374deff6f9487da3c0243.udd" 3059
"C:/Users/andrz/AppData/Local/UnrealEngine/Common/DerivedDataCache/Buckets/GlobalShaderMap/50/21/179e5cb1b503a9846a2a397b9ed5aab66ce2.udd" 3060
"C:/Users/andrz/AppData/Local/UnrealEngine/Common/DerivedDataCache/Buckets/GlobalShaderMap/45/7a/0bddd7239056cf8de942f70a726f26f6c56d.udd" 3061
"C:/Users/andrz/AppData/Local/UnrealEngine/Common/DerivedDataCache/Buckets/GlobalShaderMap/c3/dd/e18b0e4055d7bad8ca60b0fc3f02392fe814.udd" 3062
"C:/Users/andrz/AppData/Local/UnrealEngine/Common/DerivedDataCache/Buckets/GlobalShaderMap/73/64/ea71e10b5dde1ddd400f5152337550bafa3c.udd" 3063
"C:/Users/andrz/AppData/Local/UnrealEngine/Common/DerivedDataCache/Buckets/GlobalShaderMap/44/79/3a3ba9a7a6c87aaca7b420cabff0a994515f.udd" 3064
"C:/Users/andrz/AppData/Local/UnrealEngine/Common/DerivedDataCache/Buckets/GlobalShaderMap/0d/c4/286d54ead2516d72f07dba62f52b3fb877f2.udd" 3065
"C:/Users/andrz/AppData/Local/UnrealEngine/Common/DerivedDataCache/Buckets/GlobalShaderMap/95/f6/2bd8a2b277e8fb38ab05f0cfbd390ecf9b21.udd" 3066
"C:/Users/andrz/AppData/Local/UnrealEngine/Common/DerivedDataCache/Buckets/GlobalShaderMap/22/8b/d694b693a5e987ea10cd6ad9e258d5d04734.udd" 3067
"C:/Users/andrz/AppData/Local/UnrealEngine/Common/DerivedDataCache/Buckets/GlobalShaderMap/fe/a9/a8cef2f41d8f3d82701955dd37f284d2a163.udd" 3068
"C:/Users/andrz/AppData/Local/UnrealEngine/Common/DerivedDataCache/Buckets/GlobalShaderMap/92/12/0740f49017511abe15d5c28c6f8a46ed2553.udd" 3069
"C:/Users/andrz/AppData/Local/UnrealEngine/Common/DerivedDataCache/Buckets/GlobalShaderMap/91/cf/d7ae7eff1154a625155253f06896cc00ae37.udd" 3070
"C:/Users/andrz/AppData/Local/UnrealEngine/Common/DerivedDataCache/Buckets/GlobalShaderMap/56/57/3cd5081afad3c4f42c1ace0b3a9f863403bc.udd" 3071
"C:/Users/andrz/AppData/Local/UnrealEngine/Common/DerivedDataCache/Buckets/GlobalShaderMap/60/f9/e91ee330a8ff602d527f10d2abdded8bfc68.udd" 3072
"C:/Users/andrz/AppData/Local/UnrealEngine/Common/DerivedDataCache/Buckets/GlobalShaderMap/3a/0d/2925db154d366d6c31de1ad3e2e6ea5e4d1a.udd" 3073
"C:/Users/andrz/AppData/Local/UnrealEngine/Common/DerivedDataCache/Buckets/GlobalShaderMap/40/e8/550aef5666079b9dee959432d56e85aad30e.udd" 3074
"C:/Users/andrz/AppData/Local/UnrealEngine/Common/DerivedDataCache/Buckets/GlobalShaderMap/1e/06/8aae307fb2f5c7d9be18eb8d0502e12c3d60.udd" 3075
"C:/Users/andrz/AppData/Local/UnrealEngine/Common/DerivedDataCache/Buckets/GlobalShaderMap/65/73/6f6bbc0dbb2eb74a0c5a6824efa06864ee0b.udd" 3076
"C:/Users/andrz/AppData/Local/UnrealEngine/Common/DerivedDataCache/Buckets/GlobalShaderMap/c7/2c/0952de513a2aa0db4e89538874fb00802145.udd" 3077
"C:/Users/andrz/AppData/Local/UnrealEngine/Common/DerivedDataCache/Buckets/GlobalShaderMap/e2/a1/2109b541228363cbe56a620a64efee052775.udd" 3078
"C:/Users/andrz/AppData/Local/UnrealEngine/Common/DerivedDataCache/Buckets/GlobalShaderMap/49/16/863881042c27c65668f4692b091d4c63fcc0.udd" 3079
"C:/Users/andrz/AppData/Local/UnrealEngine/Common/DerivedDataCache/Buckets/GlobalShaderMap/80/16/5f970bc504b7b20e603e7aace64c79946a0b.udd" 3080
"C:/Users/andrz/AppData/Local/UnrealEngine/Common/DerivedDataCache/Buckets/GlobalShaderMap/78/33/4ba14b207463a5f3fead2b6ef4ffa5d1470e.udd" 3081
"C:/Users/andrz/AppData/Local/UnrealEngine/Common/DerivedDataCache/Buckets/GlobalShaderMap/e4/f1/9a934e7dc47ac6af3d09d2fdbbfb797bf2a4.udd" 3082
"C:/Users/andrz/AppData/Local/UnrealEngine/Common/DerivedDataCache/Buckets/GlobalShaderMap/d6/d2/262a70302f753d0c687b7df61520439c4918.udd" 3083
"C:/Users/andrz/AppData/Local/UnrealEngine/Common/DerivedDataCache/Buckets/GlobalShaderMap/63/30/52d59e72810bf104a11fea22ba7fd9929c1a.udd" 3084
"C:/Users/andrz/AppData/Local/UnrealEngine/Common/DerivedDataCache/Buckets/GlobalShaderMap/0a/70/7e0239914d658b5741384702df4ebe450e56.udd" 3085
"C:/Users/andrz/AppData/Local/UnrealEngine/Common/DerivedDataCache/Buckets/GlobalShaderMap/c8/4c/27f1822b1719f461467d128c3a39f5383f98.udd" 3086
"C:/Users/andrz/AppData/Local/UnrealEngine/Common/DerivedDataCache/Buckets/GlobalShaderMap/70/5f/3f9784283b15567e1f938504dab421e6e008.udd" 3087
"C:/Users/andrz/AppData/Local/UnrealEngine/Common/DerivedDataCache/Buckets/GlobalShaderMap/2c/15/b8ad8880c329e8b8a955e0347ba75c9efc34.udd" 3088
"C:/Users/andrz/AppData/Local/UnrealEngine/Common/DerivedDataCache/Buckets/GlobalShaderMap/48/e7/6e910d06a4af06de9ea915b366ce2089ee50.udd" 3089
"C:/Users/andrz/AppData/Local/UnrealEngine/Common/DerivedDataCache/Buckets/GlobalShaderMap/3c/3b/78e0d2f18283ea561bbf702fc8d9e250c3d0.udd" 3090
"C:/Users/andrz/AppData/Local/UnrealEngine/Common/DerivedDataCache/Buckets/GlobalShaderMap/79/cb/830f6cfe16a9129679036e53b1b70d5f2511.udd" 3091
"C:/Users/andrz/AppData/Local/UnrealEngine/Common/DerivedDataCache/Buckets/GlobalShaderMap/db/4f/cbd47273f178406ed4bcbf437c28ea24ae9c.udd" 3092
"C:/Users/andrz/AppData/Local/UnrealEngine/Common/DerivedDataCache/Buckets/GlobalShaderMap/43/f1/136b229685a4e79bc1cc26f4923e94a2262b.udd" 3093
"C:/Users/andrz/AppData/Local/UnrealEngine/Common/DerivedDataCache/Buckets/GlobalShaderMap/e0/02/f9d3dd37a95685ad678b1f6b4cb64942e721.udd" 3094
"C:/Users/andrz/AppData/Local/UnrealEngine/Common/DerivedDataCache/Buckets/GlobalShaderMap/40/fd/801e3b7b33b1db0e459f9873c3461c827303.udd" 3095
"C:/Users/andrz/AppData/Local/UnrealEngine/Common/DerivedDataCache/Buckets/GlobalShaderMap/9e/6c/8b940af8e80906ced12dbaec34bd8b32023e.udd" 3096
"C:/Users/andrz/AppData/Local/UnrealEngine/Common/DerivedDataCache/Buckets/GlobalShaderMap/27/39/daef59381a47df020a6ef6e83b9a57a5e1d4.udd" 3097
"C:/Users/andrz/AppData/Local/UnrealEngine/Common/DerivedDataCache/Buckets/GlobalShaderMap/eb/54/b6fbe92393cc58055ccb98cb2720e380133c.udd" 3098
"C:/Users/andrz/AppData/Local/UnrealEngine/Common/DerivedDataCache/Buckets/GlobalShaderMap/50/ab/493eef7ec7b60d9971fde99716a5911e4644.udd" 3099
"C:/Users/andrz/AppData/Local/UnrealEngine/Common/DerivedDataCache/Buckets/GlobalShaderMap/24/29/a92964e33e79ec96d7c23bdcfaabaf6a12f6.udd" 3100
"C:/Users/andrz/AppData/Local/UnrealEngine/Common/DerivedDataCache/Buckets/GlobalShaderMap/30/cf/f1ef93bc45e9c291935b7d9752add88c72fc.udd" 3101
"C:/Users/andrz/AppData/Local/UnrealEngine/Common/DerivedDataCache/Buckets/GlobalShaderMap/20/07/765325d02be0072c39cb6efccbc92d9fc80e.udd" 3102
"C:/Users/andrz/AppData/Local/UnrealEngine/Common/DerivedDataCache/Buckets/GlobalShaderMap/5d/b5/2b7fdc08177efa2fcbdfff22252ae6074093.udd" 3103
"C:/Users/andrz/AppData/Local/UnrealEngine/Common/DerivedDataCache/Buckets/GlobalShaderMap/04/58/aa0132bd3d45b11df60942851076325ec72d.udd" 3104
"C:/Users/andrz/AppData/Local/UnrealEngine/Common/DerivedDataCache/Buckets/GlobalShaderMap/a9/fb/e2907de097ecbd886986bb24f886eaf84c81.udd" 3105
"C:/Users/andrz/AppData/Local/UnrealEngine/Common/DerivedDataCache/Buckets/GlobalShaderMap/c6/43/0d288961231be88bcdf2fa7c8b475b3c8d15.udd" 3106
"C:/Users/andrz/AppData/Local/UnrealEngine/Common/DerivedDataCache/Buckets/GlobalShaderMap/2e/07/aab3d3b55d5ad2687a097b1277d530e0371c.udd" 3107
"C:/Users/andrz/AppData/Local/UnrealEngine/Common/DerivedDataCache/Buckets/GlobalShaderMap/cf/24/1ee579e677f004d28cd4a5bc04a30fb3e6c1.udd" 3108
"C:/Users/andrz/AppData/Local/UnrealEngine/Common/DerivedDataCache/Buckets/GlobalShaderMap/de/74/3138e9f7df6c53d62a5b04528e81382bc010.udd" 3109
"C:/Users/andrz/AppData/Local/UnrealEngine/Common/DerivedDataCache/Buckets/GlobalShaderMap/e7/35/51935d84c9959e987eb45b650c6e1ee3fa64.udd" 3110
"C:/Users/andrz/AppData/Local/UnrealEngine/Common/DerivedDataCache/Buckets/GlobalShaderMap/ed/08/22dc5d17ae58c70555c9cbfddea2e9791b10.udd" 3111
"C:/Users/andrz/AppData/Local/UnrealEngine/Common/DerivedDataCache/Buckets/GlobalShaderMap/d1/77/442f4b7407402b970d9b5255f64949d2cff4.udd" 3112
"C:/Users/andrz/AppData/Local/UnrealEngine/Common/DerivedDataCache/Buckets/GlobalShaderMap/33/fc/b19339830a7b335a4d9c0db684a7670e6918.udd" 3113
"C:/Users/andrz/AppData/Local/UnrealEngine/Common/DerivedDataCache/Buckets/GlobalShaderMap/02/58/3fc1d6334e6e0bb3041684c934b2b6aea7b4.udd" 3114
"C:/Users/andrz/AppData/Local/UnrealEngine/Common/DerivedDataCache/Buckets/GlobalShaderMap/b7/ca/dccf905a7c24af022ebdf9303bed542b6a7a.udd" 3115
"C:/Users/andrz/AppData/Local/UnrealEngine/Common/DerivedDataCache/Buckets/GlobalShaderMap/96/d8/1beca4d54727f1b4c829cb8f6a71b5045aba.udd" 3116
"C:/Users/andrz/AppData/Local/UnrealEngine/Common/DerivedDataCache/Buckets/GlobalShaderMap/23/b2/c1171aca59a3d90033547ffe0e2ab0306152.udd" 3117
"C:/Users/andrz/AppData/Local/UnrealEngine/Common/DerivedDataCache/Buckets/GlobalShaderMap/87/83/ab887e7e412f63f71e71137dcdd51681d990.udd" 3118
"C:/Users/andrz/AppData/Local/UnrealEngine/Common/DerivedDataCache/Buckets/GlobalShaderMap/e5/a6/9b1752eeb6b2cb9a395a3cdf3ab210618d3c.udd" 3119
"C:/Users/andrz/AppData/Local/UnrealEngine/Common/DerivedDataCache/Buckets/GlobalShaderMap/42/ec/9b56d8fef1c7b9a4694ad4cc910388b55498.udd" 3120
"C:/Users/andrz/AppData/Local/UnrealEngine/Common/DerivedDataCache/Buckets/GlobalShaderMap/c8/7c/ea623bceecf2d511c7e09c82d014a3587373.udd" 3121
"C:/Users/andrz/AppData/Local/UnrealEngine/Common/DerivedDataCache/Buckets/GlobalShaderMap/06/8a/dd727714c95c00d6639d5b4e2c84b7e15345.udd" 3122
"C:/Users/andrz/AppData/Local/UnrealEngine/Common/DerivedDataCache/Buckets/GlobalShaderMap/81/90/e53ca2965399acb7d3e075be5cc0e6bf583e.udd" 3123
"C:/Users/andrz/AppData/Local/UnrealEngine/Common/DerivedDataCache/Buckets/GlobalShaderMap/79/89/f8b6514bd42edbf7625b37210644abfa664f.udd" 3124
"C:/Users/andrz/AppData/Local/UnrealEngine/Common/DerivedDataCache/Buckets/GlobalShaderMap/bc/27/3893a46206e10bda30f27826274055d7976d.udd" 3125
"C:/Users/andrz/AppData/Local/UnrealEngine/Common/DerivedDataCache/Buckets/GlobalShaderMap/16/75/9916d012d730b5147d0cb94aae3a7f792090.udd" 3126
"C:/Users/andrz/AppData/Local/UnrealEngine/Common/DerivedDataCache/Buckets/GlobalShaderMap/73/f4/4ad5fff96baa9415f5b294c90191ac243c13.udd" 3127
"C:/Users/andrz/AppData/Local/UnrealEngine/Common/DerivedDataCache/Buckets/GlobalShaderMap/ed/f6/0e7d6b9838386e983feb4cdabc598886939b.udd" 3128
"C:/Users/andrz/AppData/Local/UnrealEngine/Common/DerivedDataCache/Buckets/GlobalShaderMap/b2/42/ab6a8fa2ad4737fb929bc7cd6f64a49d72d5.udd" 3129
"C:/Users/andrz/AppData/Local/UnrealEngine/Common/DerivedDataCache/Buckets/GlobalShaderMap/40/d0/89b231416d8cd610bf243500d7ebdaea9759.udd" 3130
"C:/Users/andrz/AppData/Local/UnrealEngine/Common/DerivedDataCache/Content/d7/88/fe7587fe13fc05af946a6d87ad004e55e53e.udd" 3131
"C:/Users/andrz/AppData/Local/UnrealEngine/Common/DerivedDataCache/Buckets/GlobalShaderMap/c0/dd/430ac5250a1c81f53ccc5a059f81742358b6.udd" 3132
"C:/Users/andrz/AppData/Local/UnrealEngine/Common/DerivedDataCache/Buckets/GlobalShaderMap/f1/a2/b5bdf39d91edb0322be514d66e41d62c722e.udd" 3133
"C:/Users/andrz/AppData/Local/UnrealEngine/Common/DerivedDataCache/Buckets/GlobalShaderMap/3b/cf/f408039cf36201e9381f2364c57b4996682b.udd" 3134
"C:/Users/andrz/AppData/Local/UnrealEngine/Common/DerivedDataCache/Buckets/GlobalShaderMap/2f/40/8912caaef65a712330cc69eac4712336985c.udd" 3135
"C:/Users/andrz/AppData/Local/UnrealEngine/Common/DerivedDataCache/Buckets/GlobalShaderMap/e3/33/566e840b76e51a79d54368af8db644896816.udd" 3136
"C:/Users/andrz/AppData/Local/UnrealEngine/Common/DerivedDataCache/Buckets/GlobalShaderMap/6f/29/0443dcdd5c54fd07be1671629dca93ac79cf.udd" 3137
"C:/Users/andrz/AppData/Local/UnrealEngine/Common/DerivedDataCache/Buckets/GlobalShaderMap/84/65/147769030f66e33e0af822da5b3c5b135fa4.udd" 3138
"C:/Users/andrz/AppData/Local/UnrealEngine/Common/DerivedDataCache/Buckets/GlobalShaderMap/3d/13/8179970eb5c2b3de703b3e4d4149c1a2b3bd.udd" 3139
"C:/Users/andrz/AppData/Local/UnrealEngine/Common/DerivedDataCache/Buckets/GlobalShaderMap/70/c9/7109bd09e2745e8260d4cbcf895db28377a1.udd" 3140
"C:/Users/andrz/AppData/Local/UnrealEngine/Common/DerivedDataCache/Buckets/GlobalShaderMap/0e/51/f3b069106e045c3cf0ff99c44060a60795f3.udd" 3141
"C:/Users/andrz/AppData/Local/UnrealEngine/Common/DerivedDataCache/Buckets/GlobalShaderMap/f3/4f/3ac880b749098ec3be96e3c7fb00b6c17b6c.udd" 3142
"C:/Users/andrz/AppData/Local/UnrealEngine/Common/DerivedDataCache/Buckets/GlobalShaderMap/20/2e/dfe47a22f9576520b5b82be46e011673a820.udd" 3143
"C:/Users/andrz/AppData/Local/UnrealEngine/Common/DerivedDataCache/Buckets/GlobalShaderMap/f5/96/2e39f6de4fc677b1969d1dec831e07bdaad2.udd" 3144
"C:/Users/andrz/AppData/Local/UnrealEngine/Common/DerivedDataCache/Buckets/GlobalShaderMap/53/1a/25b06446bb5b723938a2fc686d489883a260.udd" 3145
"C:/Users/andrz/AppData/Local/UnrealEngine/Common/DerivedDataCache/Buckets/GlobalShaderMap/39/80/57c5536e98431d415ae672db118466666bd9.udd" 3146
"C:/Users/andrz/AppData/Local/UnrealEngine/Common/DerivedDataCache/Buckets/GlobalShaderMap/74/3d/4b5699e076a837bffd6ccef9f4a3539fbba4.udd" 3147
"C:/Users/andrz/AppData/Local/UnrealEngine/Common/DerivedDataCache/Buckets/GlobalShaderMap/fe/6e/c45d846a201a4626b809afaf8d4b996c4bcc.udd" 3148
"C:/Users/andrz/AppData/Local/UnrealEngine/Common/DerivedDataCache/Buckets/GlobalShaderMap/c0/f5/330e9361f7a612ca99f6e0395b93a14ca12b.udd" 3149
"C:/Users/andrz/AppData/Local/UnrealEngine/Common/DerivedDataCache/Buckets/GlobalShaderMap/b5/a6/5272c6c53f2465ebe0c0ed195ad616752eaf.udd" 3150
"C:/Users/andrz/AppData/Local/UnrealEngine/Common/DerivedDataCache/Buckets/GlobalShaderMap/01/20/f9713e5e22df25df74d18fe3912b466aa01e.udd" 3151
"C:/Users/andrz/AppData/Local/UnrealEngine/Common/DerivedDataCache/Buckets/GlobalShaderMap/40/45/433165fee2c0df202ef754fb78b8b4c5b226.udd" 3152
"C:/Users/andrz/AppData/Local/UnrealEngine/Common/DerivedDataCache/Buckets/GlobalShaderMap/b6/96/af62dc1d84b68e13b60fcd682acce6b1eafc.udd" 3153
"C:/Users/andrz/AppData/Local/UnrealEngine/Common/DerivedDataCache/Buckets/GlobalShaderMap/72/e2/15b4d9a6a6cfa70d7b533bd9094fbb2c2dc2.udd" 3154
"C:/Users/andrz/AppData/Local/UnrealEngine/Common/DerivedDataCache/Buckets/GlobalShaderMap/31/b1/56005ece73523973c61c0a67274346f3dec9.udd" 3155
"C:/Users/andrz/AppData/Local/UnrealEngine/Common/DerivedDataCache/Buckets/GlobalShaderMap/ad/1d/1ade4bcf2ad7bda498085cb983a99fd9210e.udd" 3156
"C:/Users/andrz/AppData/Local/UnrealEngine/Common/DerivedDataCache/Buckets/GlobalShaderMap/ba/e6/7ffbe23b72c7e187f4d21ae877c58a639c84.udd" 3157
"C:/Users/andrz/AppData/Local/UnrealEngine/Common/DerivedDataCache/Buckets/GlobalShaderMap/b4/d8/b11f0cd00614d12cae251cc01f3921d72fdb.udd" 3158
"C:/Users/andrz/AppData/Local/UnrealEngine/Common/DerivedDataCache/Buckets/GlobalShaderMap/b6/e5/91117faef638eb4cdd38b9e2b2187e85db7c.udd" 3159
"C:/Users/andrz/AppData/Local/UnrealEngine/Common/DerivedDataCache/Content/42/13/669c49278699fdae6eaa13b97a3b3900ce2f.udd" 3160
"C:/Users/andrz/AppData/Local/UnrealEngine/Common/DerivedDataCache/Buckets/GlobalShaderMap/9d/c1/c4ea435062d6b3a140e64cff88b5c25e8233.udd" 3161
"C:/Users/andrz/AppData/Local/UnrealEngine/Common/DerivedDataCache/Buckets/GlobalShaderMap/05/34/09c84d8e351071f951ebb02328c42de6c693.udd" 3162
"C:/Users/andrz/AppData/Local/UnrealEngine/Common/DerivedDataCache/Buckets/GlobalShaderMap/8f/6c/c6902465ab0ecacf30b7c3c3e93320e591b2.udd" 3163
"C:/Users/andrz/AppData/Local/UnrealEngine/Common/DerivedDataCache/Buckets/GlobalShaderMap/12/c0/86289b1c7366ab6d71e1e4a7feb7c81dcbce.udd" 3164
"C:/Users/andrz/AppData/Local/UnrealEngine/Common/DerivedDataCache/Buckets/GlobalShaderMap/f6/dd/d4d75c31d3bf8d222bb863badeca70394548.udd" 3165
"C:/Users/andrz/AppData/Local/UnrealEngine/Common/DerivedDataCache/Buckets/GlobalShaderMap/e8/04/500a1924603bdc21d6a8499277d960df417f.udd" 3166
"C:/Users/andrz/AppData/Local/UnrealEngine/Common/DerivedDataCache/Buckets/GlobalShaderMap/9e/6f/79ebb1e5c81e25635d77936b7d8c2b9d19f2.udd" 3167
"C:/Users/andrz/AppData/Local/UnrealEngine/Common/DerivedDataCache/Buckets/GlobalShaderMap/dc/f9/1866e4bd8f8dce756d49173388dd38f8483d.udd" 3168
"C:/Users/andrz/AppData/Local/UnrealEngine/Common/DerivedDataCache/Buckets/GlobalShaderMap/4b/f3/d6b660d3d60cc108c14e2c3961283d5418e8.udd" 3169
"C:/Users/andrz/AppData/Local/UnrealEngine/Common/DerivedDataCache/Buckets/GlobalShaderMap/46/f0/5296c3025422f8905540c65d39689b8b09f9.udd" 3170
"C:/Users/andrz/AppData/Local/UnrealEngine/Common/DerivedDataCache/Buckets/GlobalShaderMap/d9/f3/7a59390c57c0b9a8ae1c918b13871cde05fb.udd" 3171
"C:/Users/andrz/AppData/Local/UnrealEngine/Common/DerivedDataCache/Buckets/GlobalShaderMap/e7/aa/4c5d49e61914885e36ab3ce7b24435d692e3.udd" 3172
"C:/Users/andrz/AppData/Local/UnrealEngine/Common/DerivedDataCache/Buckets/GlobalShaderMap/12/3d/7cb88bf60d84ccc794694ea36feec7d75d6b.udd" 3173
"C:/Users/andrz/AppData/Local/UnrealEngine/Common/DerivedDataCache/Buckets/GlobalShaderMap/ce/52/58488a5e53db5f0a4943bad709e3b7e846f7.udd" 3174
"C:/Users/andrz/AppData/Local/UnrealEngine/Common/DerivedDataCache/Buckets/GlobalShaderMap/bc/d0/eebb4690cdad8899d07fba307400548f8f5f.udd" 3175
"C:/Users/andrz/AppData/Local/UnrealEngine/Common/DerivedDataCache/Buckets/GlobalShaderMap/75/74/d93170a18765004502639cd359b0ed2f4ea2.udd" 3176
"C:/Users/andrz/AppData/Local/UnrealEngine/Common/DerivedDataCache/Buckets/GlobalShaderMap/ae/6f/4254d2198b798dfd0205978f6c971fcbcfcb.udd" 3177
"C:/Users/andrz/AppData/Local/UnrealEngine/Common/DerivedDataCache/Buckets/GlobalShaderMap/b2/cc/e2850347c5b1db928d9089a51f26bcab9f90.udd" 3178
"C:/Users/andrz/AppData/Local/UnrealEngine/Common/DerivedDataCache/Buckets/GlobalShaderMap/5c/63/75c643306f811f6d230c5aad36e03e324a5f.udd" 3179
"C:/Users/andrz/AppData/Local/UnrealEngine/Common/DerivedDataCache/Buckets/GlobalShaderMap/42/f2/4dcf990cc384cef4006973ed8ed9fe0120ca.udd" 3180
"C:/Users/andrz/AppData/Local/UnrealEngine/Common/DerivedDataCache/Buckets/GlobalShaderMap/24/e9/7f0cef3b8d6dcd6086059c2fc1c9d7142972.udd" 3181
"C:/Users/andrz/AppData/Local/UnrealEngine/Common/DerivedDataCache/Buckets/GlobalShaderMap/09/49/3cd42a10f46705a9c4ad42ff2e703600757f.udd" 3182
"C:/Users/andrz/AppData/Local/UnrealEngine/Common/DerivedDataCache/Buckets/GlobalShaderMap/c9/37/1705f1e8ffe1a97e516f32b71255796a4658.udd" 3183
"C:/Users/andrz/AppData/Local/UnrealEngine/Common/DerivedDataCache/Buckets/GlobalShaderMap/e8/7c/9ca3178cfeb29d4958cee5bf461e9f018246.udd" 3184
"C:/Users/andrz/AppData/Local/UnrealEngine/Common/DerivedDataCache/Buckets/GlobalShaderMap/2c/98/33e8f28b5597469f5dd27766d4ea72c84656.udd" 3185
"C:/Users/andrz/AppData/Local/UnrealEngine/Common/DerivedDataCache/Buckets/GlobalShaderMap/26/c8/0eb9bd4d86f416bdc5550e264e83b2aa0d86.udd" 3186
"C:/Users/andrz/AppData/Local/UnrealEngine/Common/DerivedDataCache/Buckets/GlobalShaderMap/b6/4c/794a75d7d529d6d014591799cef84db273bb.udd" 3187
"C:/Users/andrz/AppData/Local/UnrealEngine/Common/DerivedDataCache/Buckets/GlobalShaderMap/10/a5/be9d4d3067b2471c9f9c30b56c9c04b37bdb.udd" 3188
"C:/Users/andrz/AppData/Local/UnrealEngine/Common/DerivedDataCache/Buckets/GlobalShaderMap/e0/7a/b0469c396a52f2662fae6607b04ca2526f1c.udd" 3189
"C:/Users/andrz/AppData/Local/UnrealEngine/Common/DerivedDataCache/Buckets/GlobalShaderMap/2f/28/1bc03ea9a6a94385a0cff25ddfbd255201a0.udd" 3190
"C:/Users/andrz/AppData/Local/UnrealEngine/Common/DerivedDataCache/Buckets/GlobalShaderMap/19/82/9bafb6862eace091188c42203148325564f5.udd" 3191
"C:/Users/andrz/AppData/Local/UnrealEngine/Common/DerivedDataCache/Buckets/GlobalShaderMap/67/c1/b0055f9e767b8d8568005276fcc1021feca2.udd" 3192
"C:/Users/andrz/AppData/Local/UnrealEngine/Common/DerivedDataCache/Buckets/GlobalShaderMap/96/5d/07418075ee3ad43f995d499202ac4723d390.udd" 3193
"C:/Users/andrz/AppData/Local/UnrealEngine/Common/DerivedDataCache/Buckets/GlobalShaderMap/1a/48/ff540e046ca95b31e792e3048d9309e6e880.udd" 3194
"C:/Users/andrz/AppData/Local/UnrealEngine/Common/DerivedDataCache/Buckets/GlobalShaderMap/ba/4b/e58a266b441288d82c8afa1d0f4a7d3c1c6f.udd" 3195
"C:/Users/andrz/AppData/Local/UnrealEngine/Common/DerivedDataCache/Buckets/GlobalShaderMap/a1/8d/1e86765dc95a95f600e99dabb553c311b71f.udd" 3196
"C:/Users/andrz/AppData/Local/UnrealEngine/Common/DerivedDataCache/Buckets/GlobalShaderMap/b8/f1/85f7005b6f6b7bbc8e8b360e2eb0b6e0b249.udd" 3197
"C:/Users/andrz/AppData/Local/UnrealEngine/Common/DerivedDataCache/Buckets/GlobalShaderMap/5b/dd/220e49a42c5a5ffd4a329377707bd879d8de.udd" 3198
"C:/Users/andrz/AppData/Local/UnrealEngine/Common/DerivedDataCache/Buckets/GlobalShaderMap/3b/cc/31ed61a145f3c74d484e40a0c220a1b125f5.udd" 3199
"C:/Users/andrz/AppData/Local/UnrealEngine/Common/DerivedDataCache/Buckets/GlobalShaderMap/60/d6/66d869a4241b7540a4f60d1c932fd8e469b5.udd" 3200
"C:/Users/andrz/AppData/Local/UnrealEngine/Common/DerivedDataCache/Buckets/GlobalShaderMap/da/26/e9c3886376acafd0639e9c71f1a84d0260d7.udd" 3201
"C:/Users/andrz/AppData/Local/UnrealEngine/Common/DerivedDataCache/Buckets/GlobalShaderMap/53/d6/106e29e7891730d44df08251bc22db895cca.udd" 3202
"C:/Users/andrz/AppData/Local/UnrealEngine/Common/DerivedDataCache/Buckets/GlobalShaderMap/d7/4b/d476829b66554d314bd921218cf7f29981d3.udd" 3203
"C:/Users/andrz/AppData/Local/UnrealEngine/Common/DerivedDataCache/Buckets/GlobalShaderMap/53/17/f98672cae8bc318bfd5555a2636bd470e7b7.udd" 3204
"C:/Users/andrz/AppData/Local/UnrealEngine/Common/DerivedDataCache/Buckets/GlobalShaderMap/f6/e3/1554702c76dc6a5d63b38c5d3b3cbab6f128.udd" 3205
"C:/Users/andrz/AppData/Local/UnrealEngine/Common/DerivedDataCache/Buckets/GlobalShaderMap/76/12/886fb426e832210d6086ae4eb1758408baf8.udd" 3206
"C:/Users/andrz/AppData/Local/UnrealEngine/Common/DerivedDataCache/Buckets/GlobalShaderMap/03/fd/4ac3c1a79426688bd87e40529dff882aa6cf.udd" 3207
"C:/Users/andrz/AppData/Local/UnrealEngine/Common/DerivedDataCache/Buckets/GlobalShaderMap/ee/5d/4669c5632b3058a7545d49b153bb00fd048e.udd" 3208
"C:/Users/andrz/AppData/Local/UnrealEngine/Common/DerivedDataCache/Buckets/GlobalShaderMap/be/2f/3fb9dd7f5cb4cb414c5cc37057bd111a22c4.udd" 3209
"C:/Users/andrz/AppData/Local/UnrealEngine/Common/DerivedDataCache/Buckets/GlobalShaderMap/a0/09/f4904d3bb7a431060c35efed2460b109ab65.udd" 3210
"C:/Users/andrz/AppData/Local/UnrealEngine/Common/DerivedDataCache/Buckets/GlobalShaderMap/6c/3c/5a3a6bc865fa9804a80bf37b68bbbfc08663.udd" 3211
"C:/Users/andrz/AppData/Local/UnrealEngine/Common/DerivedDataCache/Buckets/GlobalShaderMap/1f/c9/f3566ced28da4da1a9dfab8eb778157eb351.udd" 3212
"C:/Users/andrz/AppData/Local/UnrealEngine/Common/DerivedDataCache/Buckets/GlobalShaderMap/6c/5d/55ce0ce480ba4da721eb4a11a5c92ab763b0.udd" 3213
"C:/Users/andrz/AppData/Local/UnrealEngine/Common/DerivedDataCache/Buckets/GlobalShaderMap/3a/4a/98769d4aa67a7bfa6d0460d9650532c0b84b.udd" 3214
"C:/Users/andrz/AppData/Local/UnrealEngine/Common/DerivedDataCache/Buckets/GlobalShaderMap/1e/0c/6c56cefa3011363b2d1aacd395300cf95903.udd" 3215
"C:/Users/andrz/AppData/Local/UnrealEngine/Common/DerivedDataCache/Buckets/GlobalShaderMap/0a/fd/c8b0098cfee1234a28a6cb9d9e541b56ced2.udd" 3216
"C:/Users/andrz/AppData/Local/UnrealEngine/Common/DerivedDataCache/Buckets/GlobalShaderMap/25/99/eef6a236c60cb9306cf855c44ced5339b2bf.udd" 3217
"C:/Users/andrz/AppData/Local/UnrealEngine/Common/DerivedDataCache/Buckets/GlobalShaderMap/df/e5/a399e7666a280519d69be0ef1d7f55c6dff2.udd" 3218
"C:/Users/andrz/AppData/Local/UnrealEngine/Common/DerivedDataCache/Buckets/GlobalShaderMap/c9/41/75b475bd0d3e30ef5af89c4df33688d45320.udd" 3219
"C:/Users/andrz/AppData/Local/UnrealEngine/Common/DerivedDataCache/Buckets/GlobalShaderMap/de/02/317838505d1cbef000c19c5a491a4ce245b3.udd" 3220
"C:/Users/andrz/AppData/Local/UnrealEngine/Common/DerivedDataCache/Buckets/GlobalShaderMap/ca/65/013cedc07d386128b1fd95734269911bfa0a.udd" 3221
"C:/Users/andrz/AppData/Local/UnrealEngine/Common/DerivedDataCache/Buckets/GlobalShaderMap/30/f0/d6da302c1e01b37ff64ef41a03444c96394d.udd" 3222
"C:/Users/andrz/AppData/Local/UnrealEngine/Common/DerivedDataCache/Buckets/GlobalShaderMap/f3/35/2c29cb75e4b02c6fca0e6dafbf8c4183500e.udd" 3223
"C:/Users/andrz/AppData/Local/UnrealEngine/Common/DerivedDataCache/Buckets/GlobalShaderMap/96/96/2364e1c551f33085359be7dc337de35a9b96.udd" 3224
"C:/Users/andrz/AppData/Local/UnrealEngine/Common/DerivedDataCache/Buckets/GlobalShaderMap/4b/43/1801a401e2bc6b0959a73cf8bfd03ec2018f.udd" 3225
"C:/Users/andrz/AppData/Local/UnrealEngine/Common/DerivedDataCache/Buckets/GlobalShaderMap/5a/1e/8f0e42ff4221790588bafa8dfa3bef512264.udd" 3226
"C:/Users/andrz/AppData/Local/UnrealEngine/Common/DerivedDataCache/Buckets/GlobalShaderMap/bc/2c/ab8c6c710040fc5cfe10ccf1ca975ea6c4e1.udd" 3227
"C:/Users/andrz/AppData/Local/UnrealEngine/Common/DerivedDataCache/Content/ab/77/2d995b0baa7726ed15ab90260573f9885a40.udd" 3228
"C:/Users/andrz/AppData/Local/UnrealEngine/Common/DerivedDataCache/Buckets/GlobalShaderMap/c9/89/86669ab725072361b6b56149a9db5c3a850f.udd" 3229
"C:/Users/andrz/AppData/Local/UnrealEngine/Common/DerivedDataCache/Buckets/GlobalShaderMap/e6/f4/2fd1cd5afc24535a1ee16233220ebb66fc41.udd" 3230
"C:/Users/andrz/AppData/Local/UnrealEngine/Common/DerivedDataCache/Buckets/GlobalShaderMap/f9/8e/2057cde120e2943f1e51e13175d7c4e1c642.udd" 3231
"C:/Users/andrz/AppData/Local/UnrealEngine/Common/DerivedDataCache/Buckets/GlobalShaderMap/9a/41/a9bc46d340c2464705ec4580d39fbd83cb7e.udd" 3232
"C:/Users/andrz/AppData/Local/UnrealEngine/Common/DerivedDataCache/Buckets/GlobalShaderMap/c2/d4/7c3802a4c13c5fce65168bb94ea447dff284.udd" 3233
"C:/Users/andrz/AppData/Local/UnrealEngine/Common/DerivedDataCache/Buckets/GlobalShaderMap/26/27/efaa5690b4c059bde39eb25def73954bc74d.udd" 3234
"C:/Users/andrz/AppData/Local/UnrealEngine/Common/DerivedDataCache/Buckets/GlobalShaderMap/c0/6b/a6514d024f7a64e0105ce2d26f883467ec39.udd" 3235
"C:/Users/andrz/AppData/Local/UnrealEngine/Common/DerivedDataCache/Buckets/GlobalShaderMap/ff/41/d08e799a7ff9e03ea3f65947898f863b3264.udd" 3236
"C:/Users/andrz/AppData/Local/UnrealEngine/Common/DerivedDataCache/Buckets/GlobalShaderMap/e3/99/24baefff92d3df1fac3a4594e3e85c6fb791.udd" 3237
"C:/Users/andrz/AppData/Local/UnrealEngine/Common/DerivedDataCache/Buckets/GlobalShaderMap/4b/65/5ae74d5ca176dadb05b9005d4db4081a9095.udd" 3238
"C:/Users/andrz/AppData/Local/UnrealEngine/Common/DerivedDataCache/Buckets/GlobalShaderMap/25/9d/2677dcc47aaef11288e1655a0d6a39d1bb29.udd" 3239
"C:/Users/andrz/AppData/Local/UnrealEngine/Common/DerivedDataCache/Buckets/GlobalShaderMap/24/a8/3007ffc8c1ed7c23ee47c881c9dbfd915d42.udd" 3240
"C:/Users/andrz/AppData/Local/UnrealEngine/Common/DerivedDataCache/Buckets/GlobalShaderMap/22/07/e0f6fbc0fadce291f0c695351efbf8568e0e.udd" 3241
"C:/Users/andrz/AppData/Local/UnrealEngine/Common/DerivedDataCache/Buckets/GlobalShaderMap/d8/bb/056fa1f9a11d6fc47eceb443f5447cc7fe32.udd" 3242
"C:/Users/andrz/AppData/Local/UnrealEngine/Common/DerivedDataCache/Buckets/GlobalShaderMap/28/67/aa0da1eac4734f2958ad788ab8771637bea4.udd" 3243
"C:/Users/andrz/AppData/Local/UnrealEngine/Common/DerivedDataCache/Buckets/GlobalShaderMap/c0/ff/f1b2cdaadd18de7903d3900c1526231f375a.udd" 3244
"C:/Users/andrz/AppData/Local/UnrealEngine/Common/DerivedDataCache/Buckets/GlobalShaderMap/69/a5/9ff0c9bc61ca0f96c357a08473ebf10f012b.udd" 3245
"C:/Users/andrz/AppData/Local/UnrealEngine/Common/DerivedDataCache/Buckets/GlobalShaderMap/c7/47/c0b0e5e11d9dc11473aa35fb614a8990b1e9.udd" 3246
"C:/Users/andrz/AppData/Local/UnrealEngine/Common/DerivedDataCache/Buckets/GlobalShaderMap/33/be/e6e3a9161b01ea4f37fd0643edf43209fae4.udd" 3247
"C:/Users/andrz/AppData/Local/UnrealEngine/Common/DerivedDataCache/Buckets/GlobalShaderMap/66/d8/a18b9d2d3d64d25eeea5be3a33b52b76fc2a.udd" 3248
"C:/Users/andrz/AppData/Local/UnrealEngine/Common/DerivedDataCache/Buckets/GlobalShaderMap/16/46/4a5ccdff192d028b7ccb6996c01bda6226c8.udd" 3249
"C:/Users/andrz/AppData/Local/UnrealEngine/Common/DerivedDataCache/Buckets/GlobalShaderMap/f2/d4/999c9cfe6b8b789ae29fb6c5283a02b334eb.udd" 3250
"C:/Users/andrz/AppData/Local/UnrealEngine/Common/DerivedDataCache/Buckets/GlobalShaderMap/ad/e9/f5b1f1066eed74a86ae7e306623114c9f0ae.udd" 3251
"C:/Users/andrz/AppData/Local/UnrealEngine/Common/DerivedDataCache/Buckets/GlobalShaderMap/2b/c3/fbea53a97e12d3c340edb859515846a6221d.udd" 3252
"C:/Users/andrz/AppData/Local/UnrealEngine/Common/DerivedDataCache/Buckets/GlobalShaderMap/04/1b/1cdf950c4b2fcfc825fb5236cc2cf2daa32e.udd" 3253
"C:/Users/andrz/AppData/Local/UnrealEngine/Common/DerivedDataCache/Buckets/GlobalShaderMap/97/f2/df72e1ca6b456b25890822192ff861dd0ea8.udd" 3254
"C:/Users/andrz/AppData/Local/UnrealEngine/Common/DerivedDataCache/Buckets/GlobalShaderMap/a3/b8/e1ad2450c28690bc96f3c46d81a06073cc0c.udd" 3255
"C:/Users/andrz/AppData/Local/UnrealEngine/Common/DerivedDataCache/Buckets/GlobalShaderMap/98/6f/bb9fd01f9858fbce1bd0e16dde3253c7c520.udd" 3256
"C:/Users/andrz/AppData/Local/UnrealEngine/Common/DerivedDataCache/Buckets/GlobalShaderMap/86/0c/9ab07efd3272ccaeda3391d7191ddcc3bfc0.udd" 3257
"C:/Users/andrz/AppData/Local/UnrealEngine/Common/DerivedDataCache/Buckets/GlobalShaderMap/67/3d/96886a66b7a492ed4b89ce69800b61f68c0f.udd" 3258
"C:/Users/andrz/AppData/Local/UnrealEngine/Common/DerivedDataCache/Buckets/GlobalShaderMap/4f/0e/b309ca0170ad344516ec586966b56c85d165.udd" 3259
"C:/Users/andrz/AppData/Local/UnrealEngine/Common/DerivedDataCache/Buckets/GlobalShaderMap/b4/00/dfe7447dd2bf25e6bfe9ab58f60caa281fd0.udd" 3260
"C:/Users/andrz/AppData/Local/UnrealEngine/Common/DerivedDataCache/Buckets/GlobalShaderMap/37/03/c67d912dd0496cabe0f8bc8eb01beb1b9ac0.udd" 3261
"C:/Users/andrz/AppData/Local/UnrealEngine/Common/DerivedDataCache/Buckets/GlobalShaderMap/fd/35/3137dd95eb9187a0a6c18dcd9fe65488339d.udd" 3262
"C:/Users/andrz/AppData/Local/UnrealEngine/Common/DerivedDataCache/Buckets/GlobalShaderMap/b1/05/8c0d8af9872c7dba5119bfa7ba8ff7dd9b8e.udd" 3263
"C:/Users/andrz/AppData/Local/UnrealEngine/Common/DerivedDataCache/Buckets/GlobalShaderMap/6c/87/58ae259537d0de36ae815bf19e5c09b25807.udd" 3264
"C:/Users/andrz/AppData/Local/UnrealEngine/Common/DerivedDataCache/Buckets/GlobalShaderMap/12/65/85affbc3b036d8a9876f7d6c708346aae3ca.udd" 3265
"C:/Users/andrz/AppData/Local/UnrealEngine/Common/DerivedDataCache/Buckets/GlobalShaderMap/f2/45/bbe77895c85f7de5ae4a10f8f12ee1bcfcf9.udd" 3266
"C:/Users/andrz/AppData/Local/UnrealEngine/Common/DerivedDataCache/Buckets/GlobalShaderMap/10/85/710782f5628107673a6ac86bbd004972fb17.udd" 3267
"C:/Users/andrz/AppData/Local/UnrealEngine/Common/DerivedDataCache/Buckets/GlobalShaderMap/7f/f1/5ed51212d30f1bde1d5fc33004ccaffcf1c8.udd" 3268
"C:/Users/andrz/AppData/Local/UnrealEngine/Common/DerivedDataCache/Buckets/GlobalShaderMap/7a/c1/78285db789204c08b0b27311c9f1d321f27b.udd" 3269
"C:/Users/andrz/AppData/Local/UnrealEngine/Common/DerivedDataCache/Buckets/GlobalShaderMap/18/94/eb9d0e26368d1b92b4808c7a11d8a0eed08f.udd" 3270
"C:/Users/andrz/AppData/Local/UnrealEngine/Common/DerivedDataCache/Buckets/GlobalShaderMap/0d/31/ba0d3a4e4fcf32c2b58245e4a8071fe0207c.udd" 3271
"C:/Users/andrz/AppData/Local/UnrealEngine/Common/DerivedDataCache/Buckets/GlobalShaderMap/04/17/97e2dde73f32cd6f6b9601763c33a438e82f.udd" 3272
"C:/Users/andrz/AppData/Local/UnrealEngine/Common/DerivedDataCache/Buckets/GlobalShaderMap/fd/7e/c0a9cabf52c7b6e55e831a809b246f3486ed.udd" 3273
"C:/Users/andrz/AppData/Local/UnrealEngine/Common/DerivedDataCache/Buckets/GlobalShaderMap/85/9f/367f793228318bb2fdff2383adf8eb21a23b.udd" 3274
"C:/Users/andrz/AppData/Local/UnrealEngine/Common/DerivedDataCache/Buckets/GlobalShaderMap/d1/ad/02c9b13724496cb527ed317418414d533171.udd" 3275
"C:/Users/andrz/AppData/Local/UnrealEngine/Common/DerivedDataCache/Buckets/GlobalShaderMap/46/f7/a6b5a94ff8947436870e7292ddfdfa6a8093.udd" 3276
"C:/Users/andrz/AppData/Local/UnrealEngine/Common/DerivedDataCache/Buckets/GlobalShaderMap/f8/20/9825bd98b39278afd0cd9f8f1683073eb69a.udd" 3277
"C:/Users/andrz/AppData/Local/UnrealEngine/Common/DerivedDataCache/Buckets/GlobalShaderMap/18/14/6702b637209c1a12b24cceded5d7e5f60e1d.udd" 3278
"C:/Users/andrz/AppData/Local/UnrealEngine/Common/DerivedDataCache/Buckets/GlobalShaderMap/c3/22/80df58ea7432ef6df0e2a8b81296acede371.udd" 3279
"C:/Users/andrz/AppData/Local/UnrealEngine/Common/DerivedDataCache/Buckets/GlobalShaderMap/1d/a8/f6d2182f6a5f6a8e491805dad354cd8cc36f.udd" 3280
"C:/Users/andrz/AppData/Local/UnrealEngine/Common/DerivedDataCache/Buckets/GlobalShaderMap/9e/c2/b586e0ef93832a4842da6df7e4e4f3830219.udd" 3281
"C:/Users/andrz/AppData/Local/UnrealEngine/Common/DerivedDataCache/Buckets/GlobalShaderMap/d6/a5/2a03e3e8c7e718bf7da0d441a4c61f6d9a30.udd" 3282
"C:/Users/andrz/AppData/Local/UnrealEngine/Common/DerivedDataCache/Buckets/GlobalShaderMap/0c/12/cb6a78f89ea0c7a2a932f067886646ef8363.udd" 3283
"C:/Users/andrz/AppData/Local/UnrealEngine/Common/DerivedDataCache/Buckets/GlobalShaderMap/84/28/a4e51493739c48572d11f39d8738b23a00d1.udd" 3284
"C:/Users/andrz/AppData/Local/UnrealEngine/Common/DerivedDataCache/Buckets/GlobalShaderMap/7a/26/967ae6f40f7077f701b34da0d2cc83658233.udd" 3285
"C:/Users/andrz/AppData/Local/UnrealEngine/Common/DerivedDataCache/Buckets/GlobalShaderMap/6a/cf/b4270d22a79f285afa4ca8627a0928224bf9.udd" 3286
"C:/Users/andrz/AppData/Local/UnrealEngine/Common/DerivedDataCache/Buckets/GlobalShaderMap/e9/fe/8551e9331d46fb0b49e8ee54ff5fdec121df.udd" 3287
"C:/Users/andrz/AppData/Local/UnrealEngine/Common/DerivedDataCache/Buckets/GlobalShaderMap/bc/85/1f6a83350d5db17970c8aefc126203840c24.udd" 3288
"C:/Users/andrz/AppData/Local/UnrealEngine/Common/DerivedDataCache/Buckets/GlobalShaderMap/3c/2a/a3702052a6a0b8001cd8ffe2210e194d66e3.udd" 3289
"C:/Users/andrz/AppData/Local/UnrealEngine/Common/DerivedDataCache/Buckets/GlobalShaderMap/2b/9b/49621bc6203c66052e5d344f01fec948ffc5.udd" 3290
"C:/Users/andrz/AppData/Local/UnrealEngine/Common/DerivedDataCache/Buckets/GlobalShaderMap/aa/1e/3b2ce0a93a23350eebdf40873dfe7fab7432.udd" 3291
"C:/Users/andrz/AppData/Local/UnrealEngine/Common/DerivedDataCache/Buckets/GlobalShaderMap/0a/8c/f3ade264eaeb4e84a806c3765c721176f17b.udd" 3292
"C:/Users/andrz/AppData/Local/UnrealEngine/Common/DerivedDataCache/Buckets/GlobalShaderMap/b5/b8/0b3c3e21f703c2b22909b37ca136e79bfddb.udd" 3293
"C:/Users/andrz/AppData/Local/UnrealEngine/Common/DerivedDataCache/Buckets/GlobalShaderMap/84/51/615a710f0cc99be6eb69b32309a0d7c36f40.udd" 3294
"C:/Users/andrz/AppData/Local/UnrealEngine/Common/DerivedDataCache/Buckets/GlobalShaderMap/3d/58/01a47967e7d12732281b77a63907b8bb581c.udd" 3295
"C:/Users/andrz/AppData/Local/UnrealEngine/Common/DerivedDataCache/Buckets/GlobalShaderMap/0a/c6/053a031e56fd82a253c86be7f6d9c7aac9ff.udd" 3296
"C:/Users/andrz/AppData/Local/UnrealEngine/Common/DerivedDataCache/Buckets/GlobalShaderMap/59/fa/a8242ba0a8190b1072ad46bda92634ca81c5.udd" 3297
"C:/Users/andrz/AppData/Local/UnrealEngine/Common/DerivedDataCache/Buckets/GlobalShaderMap/d9/89/3d1f2437d8a486c9961b4da1aabdd2a17898.udd" 3298
"C:/Users/andrz/AppData/Local/UnrealEngine/Common/DerivedDataCache/Buckets/GlobalShaderMap/8a/02/fd5b27272fb1cf909a9f28e961c34cb6acc5.udd" 3299
"C:/Users/andrz/AppData/Local/UnrealEngine/Common/DerivedDataCache/Buckets/GlobalShaderMap/08/8b/07575e3380865b1f317a1d92eb526c29fa72.udd" 3300
"C:/Users/andrz/AppData/Local/UnrealEngine/Common/DerivedDataCache/Buckets/GlobalShaderMap/a0/99/8096b14dcb1e4cdf5761ae29e3ee7127bc40.udd" 3301
"C:/Users/andrz/AppData/Local/UnrealEngine/Common/DerivedDataCache/Buckets/GlobalShaderMap/a6/61/53ffeab5aca8822c816317ca7374c1248e54.udd" 3302
"C:/Users/andrz/AppData/Local/UnrealEngine/Common/DerivedDataCache/Buckets/GlobalShaderMap/93/5c/69c49d34822567ecee208edd71a6bb9f0bae.udd" 3303
"C:/Users/andrz/AppData/Local/UnrealEngine/Common/DerivedDataCache/Buckets/GlobalShaderMap/c0/69/eef5d78e907be145bc497e31de5eb9b97ac3.udd" 3304
"C:/Users/andrz/AppData/Local/UnrealEngine/Common/DerivedDataCache/Buckets/GlobalShaderMap/39/0c/37ec405d5c340e1b4e37b4ba9780351a9280.udd" 3305
"C:/Users/andrz/AppData/Local/UnrealEngine/Common/DerivedDataCache/Buckets/GlobalShaderMap/33/ec/9f0519f8b666e0e9c6c102faac06dcb3994d.udd" 3306
"C:/Users/andrz/AppData/Local/UnrealEngine/Common/DerivedDataCache/Buckets/GlobalShaderMap/6f/e2/1785f192ac1cdf86fab509b972a16320ad48.udd" 3307
"C:/Users/andrz/AppData/Local/UnrealEngine/Common/DerivedDataCache/Buckets/GlobalShaderMap/fb/f3/b4613d0fb86d18a1803a99d4e1abdfb4baae.udd" 3308
"C:/Users/andrz/AppData/Local/UnrealEngine/Common/DerivedDataCache/Buckets/GlobalShaderMap/f9/c3/4b90ddf16dbaeacf40eaf66a17b584453af5.udd" 3309
"C:/Users/andrz/AppData/Local/UnrealEngine/Common/DerivedDataCache/Buckets/GlobalShaderMap/80/c6/2179656572e80b5c971f2998f85c313f1259.udd" 3310
"C:/Users/andrz/AppData/Local/UnrealEngine/Common/DerivedDataCache/Buckets/GlobalShaderMap/fc/f6/b6bcc47f17433ae52e8e7bd98e646d8c8eb7.udd" 3311
"C:/Users/andrz/AppData/Local/UnrealEngine/Common/DerivedDataCache/Buckets/GlobalShaderMap/bf/c3/c65863aa5eb8401c42f1753c387929c58552.udd" 3312
"C:/Users/andrz/AppData/Local/UnrealEngine/Common/DerivedDataCache/Buckets/GlobalShaderMap/e2/f2/b953a37cfeacb5d0dba492024d7d58ef37fe.udd" 3313
"C:/Users/andrz/AppData/Local/UnrealEngine/Common/DerivedDataCache/Buckets/GlobalShaderMap/db/50/00129976155beebd400eaa2b0e563cca8ac9.udd" 3314
"C:/Users/andrz/AppData/Local/UnrealEngine/Common/DerivedDataCache/Buckets/GlobalShaderMap/58/1c/87f7f8d1ac86a53cf9a685f502a5df158eaa.udd" 3315
"C:/Users/andrz/AppData/Local/UnrealEngine/Common/DerivedDataCache/Buckets/GlobalShaderMap/32/6e/84613d3bcb0e56268c12935909778b3f4e9c.udd" 3316
"C:/Users/andrz/AppData/Local/UnrealEngine/Common/DerivedDataCache/Buckets/GlobalShaderMap/6f/e8/6fa7945402eb7a3b3cc2233eeb1b1acd954a.udd" 3317
"C:/Users/andrz/AppData/Local/UnrealEngine/Common/DerivedDataCache/Buckets/GlobalShaderMap/a4/c0/f4404d0afe681927806e29cd9094d35e717c.udd" 3318
"C:/Users/andrz/AppData/Local/UnrealEngine/Common/DerivedDataCache/Buckets/GlobalShaderMap/50/47/2c2109a180d6b74396932978c01de001ee7b.udd" 3319
"C:/Users/andrz/AppData/Local/UnrealEngine/Common/DerivedDataCache/Buckets/GlobalShaderMap/a5/48/be0eef16b177882bee3cc1b9941d904e132a.udd" 3320
"C:/Users/andrz/AppData/Local/UnrealEngine/Common/DerivedDataCache/Buckets/GlobalShaderMap/89/c3/51dd4b8861e7d225de7f730f3c2c348d10ea.udd" 3321
"C:/Users/andrz/AppData/Local/UnrealEngine/Common/DerivedDataCache/Buckets/GlobalShaderMap/e9/f6/8222f9fa98b6949040b13cb77ca7430f37a6.udd" 3322
"C:/Users/andrz/AppData/Local/UnrealEngine/Common/DerivedDataCache/Buckets/GlobalShaderMap/78/be/c18384bb96e2b75b0a6617591070231bc06f.udd" 3323
"C:/Users/andrz/AppData/Local/UnrealEngine/Common/DerivedDataCache/Buckets/GlobalShaderMap/68/44/1d331bff0878677e03746e02d4d21191d16a.udd" 3324
"C:/Users/andrz/AppData/Local/UnrealEngine/Common/DerivedDataCache/Buckets/GlobalShaderMap/e3/b1/7b0bb9173348ab4a46837fba8e947be516c4.udd" 3325
"C:/Users/andrz/AppData/Local/UnrealEngine/Common/DerivedDataCache/Buckets/GlobalShaderMap/43/f9/e3b3d6711ae2f520c803b786b03103214190.udd" 3326
"C:/Users/andrz/AppData/Local/UnrealEngine/Common/DerivedDataCache/Buckets/GlobalShaderMap/90/e6/86e7a8c1cc71fc00db728bc862b286325256.udd" 3327
"C:/Users/andrz/AppData/Local/UnrealEngine/Common/DerivedDataCache/Buckets/GlobalShaderMap/6a/55/2a810dd899e92d8b6742430b52039daa1921.udd" 3328
"C:/Users/andrz/AppData/Local/UnrealEngine/Common/DerivedDataCache/Buckets/GlobalShaderMap/07/8f/a5594410d9e8cc809eedcf741965ca277e75.udd" 3329
"C:/Users/andrz/AppData/Local/UnrealEngine/Common/DerivedDataCache/Buckets/GlobalShaderMap/e5/78/8bdd769f329fae95ce54038a728559fe22c2.udd" 3330
"C:/Users/andrz/AppData/Local/UnrealEngine/Common/DerivedDataCache/Buckets/GlobalShaderMap/f8/be/098e92271335d3f8c91aacaadb8f50ce71a1.udd" 3331
"C:/Users/andrz/AppData/Local/UnrealEngine/Common/DerivedDataCache/Buckets/GlobalShaderMap/13/ee/7f08887e1bfe89aecc79d509191d07ec2850.udd" 3332
"C:/Users/andrz/AppData/Local/UnrealEngine/Common/DerivedDataCache/Buckets/GlobalShaderMap/1e/01/1ac692134d4b9840cdf3031f87fa3138bbd8.udd" 3333
"C:/Users/andrz/AppData/Local/UnrealEngine/Common/DerivedDataCache/Buckets/GlobalShaderMap/d4/32/dc4d73cb447f77d30beb4034357fb6728d65.udd" 3334
"C:/Users/andrz/AppData/Local/UnrealEngine/Common/DerivedDataCache/Buckets/GlobalShaderMap/92/45/c2f0cf497cda75890da63b1140a25e9d7b2d.udd" 3335
"C:/Users/andrz/AppData/Local/UnrealEngine/Common/DerivedDataCache/Buckets/GlobalShaderMap/9a/86/59287d77c67c6c436288fb281f44eac63c37.udd" 3336
"C:/Users/andrz/AppData/Local/UnrealEngine/Common/DerivedDataCache/Buckets/GlobalShaderMap/43/fb/5097e7c74eebf2f60012663a21acecb289f5.udd" 3337
"C:/Users/andrz/AppData/Local/UnrealEngine/Common/DerivedDataCache/Buckets/GlobalShaderMap/74/93/c9f8421bb3ddc123c1ced64efe718f8a5030.udd" 3338
"C:/Users/andrz/AppData/Local/UnrealEngine/Common/DerivedDataCache/Buckets/GlobalShaderMap/66/c9/d16ed66af9c107068f128e0367744af24922.udd" 3339
"C:/Users/andrz/AppData/Local/UnrealEngine/Common/DerivedDataCache/Buckets/GlobalShaderMap/58/9a/8bc793f639ddcdfc40e269c3be1c06cc6511.udd" 3340
"C:/Users/andrz/AppData/Local/UnrealEngine/Common/DerivedDataCache/Buckets/GlobalShaderMap/f6/07/5ef07b9adfae8d9e831800acc3989fba3e78.udd" 3341
"C:/Users/andrz/AppData/Local/UnrealEngine/Common/DerivedDataCache/Buckets/GlobalShaderMap/8c/7b/d1f54d7b09fe94b3f624c0befd420245032c.udd" 3342
"C:/Users/andrz/AppData/Local/UnrealEngine/Common/DerivedDataCache/Buckets/GlobalShaderMap/af/b2/055f8e2005b9b2b88d5abf097799f626c899.udd" 3343
"C:/Users/andrz/AppData/Local/UnrealEngine/Common/DerivedDataCache/Buckets/GlobalShaderMap/6d/64/4588cf0732e7eb11f1ef68f8883c20d98840.udd" 3344
"C:/Users/andrz/AppData/Local/UnrealEngine/Common/DerivedDataCache/Buckets/GlobalShaderMap/d1/38/23999342da020592178003b56a49801ce9b0.udd" 3345
"C:/Users/andrz/AppData/Local/UnrealEngine/Common/DerivedDataCache/Buckets/GlobalShaderMap/1a/cd/8849a60ce16fa521ac145cafa773828c4b2b.udd" 3346
"C:/Users/andrz/AppData/Local/UnrealEngine/Common/DerivedDataCache/Buckets/GlobalShaderMap/af/3f/12f5f1d9214b8a943117ddd1be3bf19a5492.udd" 3347
"C:/Users/andrz/AppData/Local/UnrealEngine/Common/DerivedDataCache/Buckets/GlobalShaderMap/c9/8d/3edd2c79f3a75adf98f6438cc7d6e4cfb028.udd" 3348
"C:/Users/andrz/AppData/Local/UnrealEngine/Common/DerivedDataCache/Buckets/GlobalShaderMap/b6/b9/f65d829475ddde8fe4d8cecbb84d3c737f6a.udd" 3349
"C:/Users/andrz/AppData/Local/UnrealEngine/Common/DerivedDataCache/Buckets/GlobalShaderMap/be/ec/e972ecf8ab055eb1c69d3d8df2b24a0f8f2e.udd" 3350
"C:/Users/andrz/AppData/Local/UnrealEngine/Common/DerivedDataCache/Buckets/GlobalShaderMap/61/de/2a51365600c74c0ba2dcae5776e2f51ee603.udd" 3351
"C:/Users/andrz/AppData/Local/UnrealEngine/Common/DerivedDataCache/Buckets/GlobalShaderMap/e1/73/f8aacd302dfc2b80e70fe5ee7d3ae328b935.udd" 3352
"C:/Users/andrz/AppData/Local/UnrealEngine/Common/DerivedDataCache/Buckets/GlobalShaderMap/6e/97/4b9354626824a3803ff5e0c17fec19757036.udd" 3353
"C:/Users/andrz/AppData/Local/UnrealEngine/Common/DerivedDataCache/Buckets/GlobalShaderMap/34/7f/598a4c1e5d130564b3cf3d2ff2ba31f0144c.udd" 3354
"C:/Users/andrz/AppData/Local/UnrealEngine/Common/DerivedDataCache/Buckets/GlobalShaderMap/44/50/a54f19fb3233e9ec4f1483ea9cf428bed2d3.udd" 3355
"C:/Users/andrz/AppData/Local/UnrealEngine/Common/DerivedDataCache/Buckets/GlobalShaderMap/f6/ff/fc961dc4931a07f338b10fb3572bff6c595d.udd" 3356
"C:/Users/andrz/AppData/Local/UnrealEngine/Common/DerivedDataCache/Buckets/GlobalShaderMap/70/d3/4361947e8570e79037fbceac03445633a15f.udd" 3357
"C:/Users/andrz/AppData/Local/UnrealEngine/Common/DerivedDataCache/Buckets/GlobalShaderMap/15/cd/46c7b446479f0b392f76fdb7d02bccf7621b.udd" 3358
"C:/Users/andrz/AppData/Local/UnrealEngine/Common/DerivedDataCache/Buckets/GlobalShaderMap/d3/d9/9048ed026e29614f92e6c56a51e5fac269c6.udd" 3359
"C:/Users/andrz/AppData/Local/UnrealEngine/Common/DerivedDataCache/Buckets/GlobalShaderMap/68/0b/5c540bbbb5212a30fee88fb2b3954d251df2.udd" 3360
"C:/Users/andrz/AppData/Local/UnrealEngine/Common/DerivedDataCache/Buckets/GlobalShaderMap/a0/28/118d36dec6310c68feba62cfa7e1d3d75333.udd" 3361
"C:/Users/andrz/AppData/Local/UnrealEngine/Common/DerivedDataCache/Buckets/GlobalShaderMap/34/54/074c9481e435694c4389c9837a85fa6d5a1b.udd" 3362
"C:/Users/andrz/AppData/Local/UnrealEngine/Common/DerivedDataCache/Buckets/GlobalShaderMap/ef/a0/d3a2d79e6c0ba0d79f4df19eb491f955d7e0.udd" 3363
"C:/Users/andrz/AppData/Local/UnrealEngine/Common/DerivedDataCache/Buckets/GlobalShaderMap/a3/0e/2ca719a6ad46d2f9869521afe2674916b81c.udd" 3364
"C:/Users/andrz/AppData/Local/UnrealEngine/Common/DerivedDataCache/Buckets/GlobalShaderMap/9c/d3/dc9ad68441ff2b6cc380c7b6b3d864591740.udd" 3365
"C:/Users/andrz/AppData/Local/UnrealEngine/Common/DerivedDataCache/Buckets/GlobalShaderMap/3c/7f/61818b3b2cd61268954df1152da005d6f36c.udd" 3366
"C:/Users/andrz/AppData/Local/UnrealEngine/Common/DerivedDataCache/Buckets/GlobalShaderMap/52/96/1ab4e8216dee0bfed969719b12a0a9bfec9f.udd" 3367
"C:/Users/andrz/AppData/Local/UnrealEngine/Common/DerivedDataCache/Buckets/GlobalShaderMap/80/7f/2aa0f8513c5801bb3a9e4ce9b2789e698ea1.udd" 3368
"C:/Users/andrz/AppData/Local/UnrealEngine/Common/DerivedDataCache/Buckets/GlobalShaderMap/3a/82/1a65cdff437df03bf3362e54db1c76b382d4.udd" 3369
"C:/Users/andrz/AppData/Local/UnrealEngine/Common/DerivedDataCache/Buckets/GlobalShaderMap/1d/3f/64aa6f5b1920b79f0eb1b914d5a1f42a767c.udd" 3370
"C:/Users/andrz/AppData/Local/UnrealEngine/Common/DerivedDataCache/Buckets/GlobalShaderMap/1a/56/0045cadf86e94de46c4a3507b5f046b44493.udd" 3371
"C:/Users/andrz/AppData/Local/UnrealEngine/Common/DerivedDataCache/Buckets/GlobalShaderMap/36/a1/4df72157deeb67734deba21338aca237cf70.udd" 3372
"C:/Users/andrz/AppData/Local/UnrealEngine/Common/DerivedDataCache/Buckets/GlobalShaderMap/2d/39/aa285721f899cf1e42786f4b9bb274196284.udd" 3373
"C:/Users/andrz/AppData/Local/UnrealEngine/Common/DerivedDataCache/Buckets/GlobalShaderMap/01/fb/a11b37d1d52fa70a516239100b7a387a3607.udd" 3374
"C:/Users/andrz/AppData/Local/UnrealEngine/Common/DerivedDataCache/Buckets/GlobalShaderMap/ff/9c/f1b19f98e63d12305f86820803e7ad9b5f2c.udd" 3375
"C:/Users/andrz/AppData/Local/UnrealEngine/Common/DerivedDataCache/Buckets/GlobalShaderMap/8c/b9/f24ef2201fe1c946cc85ae9b6749479656ac.udd" 3376
"C:/Users/andrz/AppData/Local/UnrealEngine/Common/DerivedDataCache/Buckets/GlobalShaderMap/d0/4d/e558de4390bd12e848911f3045fb5fae51be.udd" 3377
"C:/Users/andrz/AppData/Local/UnrealEngine/Common/DerivedDataCache/Buckets/GlobalShaderMap/9b/14/a972d5030da314958d45f3e35f9daa58e55c.udd" 3378
"C:/Users/andrz/AppData/Local/UnrealEngine/Common/DerivedDataCache/Buckets/GlobalShaderMap/fa/11/6d68172c8faee85f879fc15bd1f0f43fe471.udd" 3379
"C:/Users/andrz/AppData/Local/UnrealEngine/Common/DerivedDataCache/Buckets/GlobalShaderMap/e5/6f/59e1b0311a97b46f05fd284f30a2cec21375.udd" 3380
"C:/Users/andrz/AppData/Local/UnrealEngine/Common/DerivedDataCache/Buckets/GlobalShaderMap/3d/3b/b57d4acc28221053a3c2114bf01068ad84ec.udd" 3381
"C:/Users/andrz/AppData/Local/UnrealEngine/Common/DerivedDataCache/Buckets/GlobalShaderMap/14/b8/939bdbf0cb95121259323688760d8937409d.udd" 3382
"C:/Users/andrz/AppData/Local/UnrealEngine/Common/DerivedDataCache/Buckets/GlobalShaderMap/46/31/763fd037a2827081f21f260c30b1b4c6db48.udd" 3383
"C:/Users/andrz/AppData/Local/UnrealEngine/Common/DerivedDataCache/Buckets/GlobalShaderMap/dc/72/3d0044e9720a03da74b1c450a725f54e8ceb.udd" 3384
"C:/Users/andrz/AppData/Local/UnrealEngine/Common/DerivedDataCache/Buckets/GlobalShaderMap/f0/c9/c7a2a86604754d47e3d115eff3bb2627394f.udd" 3385
"C:/Users/andrz/AppData/Local/UnrealEngine/Common/DerivedDataCache/Buckets/GlobalShaderMap/f1/c1/80e3deef6e9519a65f091a9537442945a2ce.udd" 3386
"C:/Users/andrz/AppData/Local/UnrealEngine/Common/DerivedDataCache/Buckets/GlobalShaderMap/51/88/fbe2956b8d0a16038dd350ebe8251139e834.udd" 3387
"C:/Users/andrz/AppData/Local/UnrealEngine/Common/DerivedDataCache/Buckets/GlobalShaderMap/60/e9/1297f53fc9d90d9aeeaff9e7b7a5c53a0baa.udd" 3388
"C:/Users/andrz/AppData/Local/UnrealEngine/Common/DerivedDataCache/Buckets/GlobalShaderMap/64/cd/8390638ed60aebcc6e15a8c8b6bede617ed2.udd" 3389
"C:/Users/andrz/AppData/Local/UnrealEngine/Common/DerivedDataCache/Buckets/GlobalShaderMap/1c/3a/45a612b7f14892493a53661cc209dd698c6f.udd" 3390
"C:/Users/andrz/AppData/Local/UnrealEngine/Common/DerivedDataCache/Buckets/GlobalShaderMap/5b/68/4f446ec662d3c11d276eedf7ee699406b387.udd" 3391
"C:/Users/andrz/AppData/Local/UnrealEngine/Common/DerivedDataCache/Buckets/GlobalShaderMap/de/94/6743a8c6ee3ea565cb52fa1de4421ca01787.udd" 3392
"C:/Users/andrz/AppData/Local/UnrealEngine/Common/DerivedDataCache/Buckets/GlobalShaderMap/ce/d3/314da4b1925b0be32d8c2f4dcc715b7ca0c2.udd" 3393
"C:/Users/andrz/AppData/Local/UnrealEngine/Common/DerivedDataCache/Buckets/GlobalShaderMap/c9/17/b5f7c4c768f249889ddb695c42f3d4f80d35.udd" 3394
"C:/Users/andrz/AppData/Local/UnrealEngine/Common/DerivedDataCache/Buckets/GlobalShaderMap/63/8d/5ad5c419af34ac50d86ae30c8cdc2f00e192.udd" 3395
"C:/Users/andrz/AppData/Local/UnrealEngine/Common/DerivedDataCache/Buckets/GlobalShaderMap/de/cf/741057a95d54616f7344f0c3f7a63bcae27f.udd" 3396
"C:/Users/andrz/AppData/Local/UnrealEngine/Common/DerivedDataCache/Buckets/GlobalShaderMap/c2/1f/d016804113a9d3aec173421035d7e0f5d15f.udd" 3397
"C:/Users/andrz/AppData/Local/UnrealEngine/Common/DerivedDataCache/Buckets/GlobalShaderMap/1c/6d/dc04e8429dcf56b16422dcc51eaa5577d2b9.udd" 3398
"C:/Users/andrz/AppData/Local/UnrealEngine/Common/DerivedDataCache/Buckets/GlobalShaderMap/a9/b1/ddc867145f437f7a9eeca01578ba461b066e.udd" 3399
"C:/Users/andrz/AppData/Local/UnrealEngine/Common/DerivedDataCache/Buckets/GlobalShaderMap/b5/e3/2400c964ff57f662adb02b98010368625072.udd" 3400
"C:/Users/andrz/AppData/Local/UnrealEngine/Common/DerivedDataCache/Buckets/GlobalShaderMap/eb/81/1cacbc479f46d226d484e236f1a1ee5a7d49.udd" 3401
"C:/Users/andrz/AppData/Local/UnrealEngine/Common/DerivedDataCache/Buckets/GlobalShaderMap/da/a9/830999db26895ac73e403aa852bb16c6c093.udd" 3402
"C:/Users/andrz/AppData/Local/UnrealEngine/Common/DerivedDataCache/Buckets/GlobalShaderMap/a4/a0/ceac01fbf8e59f22291a0b2c0d8cfbaaf665.udd" 3403
"C:/Users/andrz/AppData/Local/UnrealEngine/Common/DerivedDataCache/Buckets/GlobalShaderMap/c3/97/b67efb950b01877b363194cd26e9b641285b.udd" 3404
"C:/Users/andrz/AppData/Local/UnrealEngine/Common/DerivedDataCache/Buckets/GlobalShaderMap/d5/7c/e4b7e90917c58c2e8533d941915a19e8ae21.udd" 3405
"C:/Users/andrz/AppData/Local/UnrealEngine/Common/DerivedDataCache/Buckets/GlobalShaderMap/7f/d9/a7e25635fd780a6c8420a353f4d3aaa47813.udd" 3406
"C:/Users/andrz/AppData/Local/UnrealEngine/Common/DerivedDataCache/Buckets/GlobalShaderMap/2f/68/e737e2c867dc91aeb2a20fc471a258b591ee.udd" 3407
"C:/Users/andrz/AppData/Local/UnrealEngine/Common/DerivedDataCache/Buckets/GlobalShaderMap/98/e8/3021294477c6926a40e3d8aed7812867c0c3.udd" 3408
"C:/Users/andrz/AppData/Local/UnrealEngine/Common/DerivedDataCache/Buckets/GlobalShaderMap/93/ef/a5295ca6b8c5796e3a6bf6fc33ea7e30f799.udd" 3409
"C:/Users/andrz/AppData/Local/UnrealEngine/Common/DerivedDataCache/Buckets/GlobalShaderMap/92/35/3cf21ce0ed3c16cd97b29a13a75514863253.udd" 3410
"C:/Users/andrz/AppData/Local/UnrealEngine/Common/DerivedDataCache/Buckets/GlobalShaderMap/93/01/883d910a62066056f54cbf784657d228b103.udd" 3411
"C:/Users/andrz/AppData/Local/UnrealEngine/Common/DerivedDataCache/Buckets/GlobalShaderMap/61/5d/a7b4044464c59700e4d1a54bcc022ff0a6c0.udd" 3412
"C:/Users/andrz/AppData/Local/UnrealEngine/Common/DerivedDataCache/Buckets/GlobalShaderMap/db/82/aa740f877797dc06f74fbe6ec4f121ac3d11.udd" 3413
"C:/Users/andrz/AppData/Local/UnrealEngine/Common/DerivedDataCache/Buckets/GlobalShaderMap/5f/3f/09f7aa2f96f8080d6f77323e765c8b7918c1.udd" 3414
"C:/Users/andrz/AppData/Local/UnrealEngine/Common/DerivedDataCache/Buckets/GlobalShaderMap/d0/d1/b74a9188ffbc7017496ee3a7edeee58e7e49.udd" 3415
"C:/Users/andrz/AppData/Local/UnrealEngine/Common/DerivedDataCache/Buckets/GlobalShaderMap/eb/7e/21bba047463fad3be5efad82e079244b26a9.udd" 3416
"C:/Users/andrz/AppData/Local/UnrealEngine/Common/DerivedDataCache/Buckets/GlobalShaderMap/ff/63/bb3c7c93ea47d63b67e99d3b56eded728e0c.udd" 3417
"C:/Users/andrz/AppData/Local/UnrealEngine/Common/DerivedDataCache/Buckets/GlobalShaderMap/f3/38/41ea6f7e0713c5974bd1f2ddab129d036ea3.udd" 3418
"C:/Users/andrz/AppData/Local/UnrealEngine/Common/DerivedDataCache/Buckets/GlobalShaderMap/af/31/3209c69cc9be6641ff4aba49fc8a145ac3b2.udd" 3419
"C:/Users/andrz/AppData/Local/UnrealEngine/Common/DerivedDataCache/Buckets/GlobalShaderMap/68/db/5e396c2607b4bb6e8c626828eb0dbb291898.udd" 3420
"C:/Users/andrz/AppData/Local/UnrealEngine/Common/DerivedDataCache/Buckets/GlobalShaderMap/79/2f/ef8f5e267348c809b8844bcb089b9a15ffc9.udd" 3421
"C:/Users/andrz/AppData/Local/UnrealEngine/Common/DerivedDataCache/Buckets/GlobalShaderMap/c3/cb/938abc5a2cf448960a923f53506abf9f2162.udd" 3422
"C:/Users/andrz/AppData/Local/UnrealEngine/Common/DerivedDataCache/Buckets/GlobalShaderMap/1e/1e/b55dac085949bcf31abd0357c5d034ad30f4.udd" 3423
"C:/Users/andrz/AppData/Local/UnrealEngine/Common/DerivedDataCache/Buckets/GlobalShaderMap/24/97/0b708372bafa2261007ad3ea6f82615e7f0c.udd" 3424
"C:/Users/andrz/AppData/Local/UnrealEngine/Common/DerivedDataCache/Buckets/GlobalShaderMap/f9/50/eff835cc8ed78e378616ecf920a03c7932cd.udd" 3425
"C:/Users/andrz/AppData/Local/UnrealEngine/Common/DerivedDataCache/Buckets/GlobalShaderMap/63/4e/3cfb7f7c669e3a6456e0dc163d45588b5114.udd" 3426
"C:/Users/andrz/AppData/Local/UnrealEngine/Common/DerivedDataCache/Buckets/GlobalShaderMap/ad/ff/5e602e094e6717e0b5aa9dbaf3648e801b67.udd" 3427
"C:/Users/andrz/AppData/Local/UnrealEngine/Common/DerivedDataCache/Buckets/GlobalShaderMap/f7/2d/b4bd385073e076b0b983608adb7aa647c851.udd" 3428
"C:/Users/andrz/AppData/Local/UnrealEngine/Common/DerivedDataCache/Buckets/GlobalShaderMap/f5/a8/d4a8c3dec5a0ce95a47998fbb3861aa0b2a0.udd" 3429
"C:/Users/andrz/AppData/Local/UnrealEngine/Common/DerivedDataCache/Buckets/GlobalShaderMap/05/36/cb8aa1644a19de94911ffadfae2cd2a1dc56.udd" 3430
"C:/Users/andrz/AppData/Local/UnrealEngine/Common/DerivedDataCache/Buckets/GlobalShaderMap/bb/70/3d8411ba5442f79d12befb111c58c5f4054d.udd" 3431
"C:/Users/andrz/AppData/Local/UnrealEngine/Common/DerivedDataCache/Buckets/GlobalShaderMap/d2/a2/54147433ae822b3583b35d2162f80a224fc9.udd" 3432
"C:/Users/andrz/AppData/Local/UnrealEngine/Common/DerivedDataCache/Buckets/GlobalShaderMap/03/f2/9fac7d0ee7c241ec111deb26e45d6b167466.udd" 3433
"C:/Users/andrz/AppData/Local/UnrealEngine/Common/DerivedDataCache/Buckets/GlobalShaderMap/6c/e5/b6c4f9f0bb245b85b5498830068206a8630d.udd" 3434
"C:/Users/andrz/AppData/Local/UnrealEngine/Common/DerivedDataCache/Buckets/GlobalShaderMap/80/fe/ced00644c8f9a757198ee0e8cc53c95ae266.udd" 3435
"C:/Users/andrz/AppData/Local/UnrealEngine/Common/DerivedDataCache/Buckets/GlobalShaderMap/af/7d/46cb2c9fe3824e137b0fc75adb160bb9b443.udd" 3436
"C:/Users/andrz/AppData/Local/UnrealEngine/Common/DerivedDataCache/Buckets/GlobalShaderMap/82/50/c61e6767d97c3bb1f6e4df5805e1e6e6248e.udd" 3437
"C:/Users/andrz/AppData/Local/UnrealEngine/Common/DerivedDataCache/Buckets/GlobalShaderMap/e6/2f/cc9df3c9dbf24181cf3ee04f0a3aa3c95820.udd" 3438
"C:/Users/andrz/AppData/Local/UnrealEngine/Common/DerivedDataCache/Buckets/GlobalShaderMap/5c/10/25eac0aa9cdf99ec43be173dd4831536f81a.udd" 3439
"C:/Users/andrz/AppData/Local/UnrealEngine/Common/DerivedDataCache/Buckets/GlobalShaderMap/a3/1d/7bbe57d308f40b004087ae8a7aee618bf15f.udd" 3440
"C:/Users/andrz/AppData/Local/UnrealEngine/Common/DerivedDataCache/Buckets/GlobalShaderMap/af/c2/e66c2e9d4360c0812b5be440ec6657a8bf22.udd" 3441
"C:/Users/andrz/AppData/Local/UnrealEngine/Common/DerivedDataCache/Buckets/GlobalShaderMap/cb/ce/c440c1e91923a01db5094684e0aa6ccb9416.udd" 3442
"C:/Users/andrz/AppData/Local/UnrealEngine/Common/DerivedDataCache/Buckets/GlobalShaderMap/30/40/1236063abb0946dc5b9e63e8594dff51554a.udd" 3443
"C:/Users/andrz/AppData/Local/UnrealEngine/Common/DerivedDataCache/Buckets/GlobalShaderMap/4d/40/0f1725fc5a18983e2d39cb0cd15b62728bbc.udd" 3444
"C:/Users/andrz/AppData/Local/UnrealEngine/Common/DerivedDataCache/Buckets/GlobalShaderMap/7b/cd/fb2eceb3436f5785ea95d8dafc863189af5d.udd" 3445
"C:/Users/andrz/AppData/Local/UnrealEngine/Common/DerivedDataCache/Buckets/GlobalShaderMap/54/7a/1ee5ef806daf1027f41f1be4a319650857a3.udd" 3446
"C:/Users/andrz/AppData/Local/UnrealEngine/Common/DerivedDataCache/Buckets/GlobalShaderMap/96/3e/0deaaff524f4753bb516138cdf41af6d51dc.udd" 3447
"C:/Users/andrz/AppData/Local/UnrealEngine/Common/DerivedDataCache/Buckets/GlobalShaderMap/52/31/e76b953a80137a00a726ebfa5c385e6e7557.udd" 3448
"C:/Users/andrz/AppData/Local/UnrealEngine/Common/DerivedDataCache/Buckets/GlobalShaderMap/d1/be/d232a7b64afc23f7dc60e97df9661856a3f9.udd" 3449
"C:/Users/andrz/AppData/Local/UnrealEngine/Common/DerivedDataCache/Buckets/GlobalShaderMap/91/0a/a221d401c91c5778c97dfc4addacc9f93335.udd" 3450
"C:/Users/andrz/AppData/Local/UnrealEngine/Common/DerivedDataCache/Buckets/GlobalShaderMap/c5/1d/79bb657c3dc628a5a6d77425c51387b7dc60.udd" 3451
"C:/Users/andrz/AppData/Local/UnrealEngine/Common/DerivedDataCache/Buckets/GlobalShaderMap/60/1d/415021fd068fb533ccebbc122ed1b4075974.udd" 3452
"C:/Users/andrz/AppData/Local/UnrealEngine/Common/DerivedDataCache/Buckets/GlobalShaderMap/80/ea/7d26d950d707ac50df29f9e83a0f485cfbe1.udd" 3453
"C:/Users/andrz/AppData/Local/UnrealEngine/Common/DerivedDataCache/Buckets/GlobalShaderMap/97/78/e45f7be5ccd52e0551d09afda9da800da761.udd" 3454
"../../../Engine/Plugins/Animation/ControlRig/Content/Controls/ControlRigGizmoMaterial.uasset" 3455
"../../../Engine/Content/EngineSounds/Master.uasset" 3456
"../../../Engine/Content/EngineMaterials/STBlueNoise_vec2_128x128x64.uasset" 3457
"../../../Engine/Content/EngineDebugMaterials/DebugEditorMaterial.uasset" 3458
"../../../Engine/Content/EngineMaterials/STBlueNoise_scalar_128x128x64.uasset" 3459
"../../../Engine/Content/EngineMaterials/DefaultBloomKernel.uasset" 3460
"../../../Engine/Content/EngineResources/FilmGrains/Marcie_Grain_v3_128_M2_000.uasset" 3461
"../../../Engine/Plugins/Interchange/Runtime/Content/Pipelines/DefaultSceneLevelPipeline.uasset" 3462
"../../../Engine/Content/EditorResources/BSPVertex.uasset" 3463
"F:/DANE/Project_2024/Content/__ExternalObjects__/FirstPerson/Maps/FirstPersonMap/E/ZB/64YLC9YROSMO90SC5KR0PE.uasset" 3464
"F:/DANE/Project_2024/Content/__ExternalObjects__/FirstPerson/Maps/FirstPersonMap/3/9Y/O1HBCAIOGYKE5W89K0N3EC.uasset" 3465
"F:/DANE/Project_2024/Content/Widgets/WB_YouWin.uasset" 3466
"F:/DANE/Project_2024/Content/Widgets/WB_TurnWait.uasset" 3467
"F:/DANE/Project_2024/Content/Widgets/WB_GameOver.uasset" 3468
"F:/DANE/Project_2024/Content/Widgets/WB_ComponentDisplay.uasset" 3469
"../../../Engine/Plugins/Interchange/Runtime/Content/Pipelines/DefaultTexturePipeline.uasset" 3470
"F:/DANE/Project_2024/Content/StarterContent/Textures/T_Wood_Walnut_N.uasset" 3471
"../../../Engine/Plugins/Interchange/Runtime/Content/Pipelines/DefaultSceneAssetsPipeline.uasset" 3472
"F:/DANE/Project_2024/Content/Widgets/WB_MainMenu.uasset" 3473
"../../../Engine/Plugins/Interchange/Runtime/Content/Pipelines/DefaultMaterialPipeline.uasset" 3474
"../../../Engine/Plugins/Interchange/Runtime/Content/Pipelines/DefaultAssetsPipeline.uasset" 3475
"F:/DANE/Project_2024/Content/StarterContent/Textures/T_Wood_Pine_N.uasset" 3476
"F:/DANE/Project_2024/Content/StarterContent/Textures/T_Wood_Walnut_D.uasset" 3477
"F:/DANE/Project_2024/Content/StarterContent/Textures/T_Wood_Floor_Walnut_M.uasset" 3478
"F:/DANE/Project_2024/Content/StarterContent/Textures/T_Wood_Oak_D.uasset" 3479
"F:/DANE/Project_2024/Content/StarterContent/Textures/T_Wood_Pine_D.uasset" 3480
"F:/DANE/Project_2024/Content/StarterContent/Textures/T_Wood_Oak_N.uasset" 3481
"F:/DANE/Project_2024/Content/StarterContent/Textures/T_Wood_Floor_Walnut_N.uasset" 3482
"F:/DANE/Project_2024/Content/StarterContent/Textures/T_Water_N.uasset" 3483
"F:/DANE/Project_2024/Content/StarterContent/Textures/T_Wood_Floor_Walnut_D.uasset" 3484
"F:/DANE/Project_2024/Content/StarterContent/Textures/T_Water_M.uasset" 3485
"F:/DANE/Project_2024/Content/StarterContent/Textures/T_Tech_Panel_N.uasset" 3486
"F:/DANE/Project_2024/Content/StarterContent/Textures/T_Tech_Panel_M.uasset" 3487
"F:/DANE/Project_2024/Content/StarterContent/Textures/T_Tech_Hex_Tile_N.uasset" 3488
"F:/DANE/Project_2024/Content/StarterContent/Textures/T_Tech_Hex_Tile_M.uasset" 3489
"F:/DANE/Project_2024/Content/StarterContent/Textures/T_Tech_Dot_N.uasset" 3490
"F:/DANE/Project_2024/Content/StarterContent/Textures/T_Tech_Dot_M.uasset" 3491
"F:/DANE/Project_2024/Content/StarterContent/Textures/T_TableRound_N.uasset" 3492
"F:/DANE/Project_2024/Content/StarterContent/Textures/T_TableRound_M.uasset" 3493
"C:/Users/andrz/AppData/Local/UnrealEngine/Common/DerivedDataCache/Buckets/BulkDataList/ea/31/a64f3c290207646303c316e0f0f78d25886b.udd" 3494
"F:/DANE/Project_2024/Content/StarterContent/Textures/T_Statue_N.uasset" 3495
"C:/Users/andrz/AppData/Local/UnrealEngine/Common/DerivedDataCache/Buckets/BulkDataList/53/7b/3ffcfb36953790910005a6dcd7efff349af0.udd" 3496
"F:/DANE/Project_2024/Content/StarterContent/Textures/T_Statue_M.uasset" 3497
"F:/DANE/Project_2024/Content/StarterContent/Textures/T_Spark_Core.uasset" 3498
"C:/Users/andrz/AppData/Local/UnrealEngine/Common/DerivedDataCache/Buckets/BulkDataList/d9/24/10a562dcada021740d64112a35058f865710.udd" 3499
"F:/DANE/Project_2024/Content/StarterContent/Textures/T_Smoke_Tiled_D.uasset" 3500
"C:/Users/andrz/AppData/Local/UnrealEngine/Common/DerivedDataCache/Buckets/BulkDataList/63/5b/bdd2c9a5f0e41d7507c5e5c42d1aef8b03be.udd" 3501
"F:/DANE/Project_2024/Content/StarterContent/Textures/T_Smoke_SubUV.uasset" 3502
"C:/Users/andrz/AppData/Local/UnrealEngine/Common/DerivedDataCache/Buckets/BulkDataList/e5/27/196f376a8db5e3eac31cafdea5b9b5962caa.udd" 3503
"F:/DANE/Project_2024/Content/StarterContent/Textures/T_Single_Tile_N.uasset" 3504
"F:/DANE/Project_2024/Content/FirstPerson/Maps/FirstPersonMap.umap" 3505
"../../../Engine/Content/EditorBlueprintResources/StandardMacros.uasset" 3506
"F:/DANE/Project_2024/Content/Blueprints/BP_CamEnemy01.uasset" 3507
"F:/DANE/Project_2024/Content/FPWeapon/Materials/FirstPersonProjectileMaterial.uasset" 3508
"F:/DANE/Project_2024/Content/FPWeapon/Materials/BaseMaterial.uasset" 3509
"F:/DANE/Project_2024/Content/Blueprints/BP_Enemy_01.uasset" 3510
"F:/DANE/Project_2024/Content/Blueprints/BP_Door01.uasset" 3511
"F:/DANE/Project_2024/Content/Blueprints/InteractionInterface.uasset" 3512
"F:/DANE/Project_2024/Content/FirstPerson/Blueprints/BP_FirstPersonCharacter.uasset" 3513
"F:/DANE/Project_2024/Content/FirstPersonArms/Animations/FirstPerson_AnimBP.uasset" 3514
"F:/DANE/Project_2024/Content/FirstPersonArms/Animations/FP_Falling.uasset" 3515
"F:/DANE/Project_2024/Content/FirstPersonArms/Character/Mesh/SK_Mannequin_Arms_Skeleton.uasset" 3516
"F:/DANE/Project_2024/Content/FirstPersonArms/Animations/FP_Idle.uasset" 3517
"F:/DANE/Project_2024/Content/FirstPersonArms/Animations/FP_Jump.uasset" 3518
"F:/DANE/Project_2024/Content/FirstPersonArms/Animations/FP_Land.uasset" 3519
"F:/DANE/Project_2024/Content/FirstPersonArms/Animations/FP_Rifle_Falling.uasset" 3520
"F:/DANE/Project_2024/Content/FirstPersonArms/Animations/FP_Rifle_Idle.uasset" 3521
"F:/DANE/Project_2024/Content/FirstPersonArms/Animations/FP_Rifle_Jump.uasset" 3522
"F:/DANE/Project_2024/Content/FirstPersonArms/Animations/FP_Rifle_Land.uasset" 3523
"F:/DANE/Project_2024/Content/FirstPersonArms/Animations/FP_Rifle_Run.uasset" 3524
"F:/DANE/Project_2024/Content/FirstPersonArms/Animations/FP_Run_Fwd.uasset" 3525
"F:/DANE/Project_2024/Content/Blueprints/BP_Enemy.uasset" 3526
"F:/DANE/Project_2024/Content/FirstPerson/Blueprints/FlashLight.uasset" 3527
"F:/DANE/Project_2024/Content/FPWeapon/Mesh/SK_FPGun.uasset" 3528
"F:/DANE/Project_2024/Content/FPWeapon/Materials/M_FPGun.uasset" 3529
"../../../Engine/Content/Functions/Engine_MaterialFunctions02/Utility/BlendAngleCorrectedNormals.uasset" 3530
"../../../Engine/Content/Functions/MaterialLayerFunctions/MatLayerBlend_NormalBlend.uasset" 3531
"../../../Engine/Content/Functions/MaterialLayerFunctions/MatLayerBlend_Simple.uasset" 3532
"F:/DANE/Project_2024/Content/FPWeapon/Materials/MaterialLayers/ML_GlossyBlack_Latex_UE4.uasset" 3533
"F:/DANE/Project_2024/Content/FPWeapon/Materials/MaterialLayers/T_ML_Rubber_Blue_01_D.uasset" 3534
"F:/DANE/Project_2024/Content/FPWeapon/Materials/MaterialLayers/T_ML_Rubber_Blue_01_N.uasset" 3535
"F:/DANE/Project_2024/Content/FPWeapon/Materials/MaterialLayers/ML_Plastic_Shiny_Beige.uasset" 3536
"F:/DANE/Project_2024/Content/FPWeapon/Materials/MaterialLayers/ML_Screen.uasset" 3537
"F:/DANE/Project_2024/Content/FPWeapon/Materials/MaterialLayers/ML_SoftMetal_UE4.uasset" 3538
"F:/DANE/Project_2024/Content/FPWeapon/Materials/MaterialLayers/T_ML_Aluminum01.uasset" 3539
"F:/DANE/Project_2024/Content/FPWeapon/Materials/MaterialLayers/T_ML_Aluminum01_N.uasset" 3540
"F:/DANE/Project_2024/Content/FPWeapon/Textures/T_FPGun_M.uasset" 3541
"F:/DANE/Project_2024/Content/FPWeapon/Textures/T_FPGun_N.uasset" 3542
"F:/DANE/Project_2024/Content/FPWeapon/Mesh/SK_FPGun_Physics.uasset" 3543
"F:/DANE/Project_2024/Content/FPWeapon/Mesh/SK_FPGun_Skeleton.uasset" 3544
"F:/DANE/Project_2024/Content/FirstPersonArms/Character/Mesh/SK_Mannequin_Arms.uasset" 3545
"F:/DANE/Project_2024/Content/FirstPersonArms/Character/Materials/M_UE4Man_Body.uasset" 3546
"F:/DANE/Project_2024/Content/FirstPersonArms/Character/Materials/MaterialLayers/ML_GlossyBlack_Latex_UE4.uasset" 3547
"F:/DANE/Project_2024/Content/FirstPersonArms/Character/Materials/MaterialLayers/T_ML_Rubber_Blue_01_D.uasset" 3548
"F:/DANE/Project_2024/Content/FirstPersonArms/Character/Materials/MaterialLayers/T_ML_Rubber_Blue_01_N.uasset" 3549
"F:/DANE/Project_2024/Content/FirstPersonArms/Character/Materials/MaterialLayers/ML_Plastic_Shiny_Beige.uasset" 3550
"F:/DANE/Project_2024/Content/FirstPersonArms/Character/Materials/MaterialLayers/ML_Plastic_Shiny_Beige_LOGO.uasset" 3551
"F:/DANE/Project_2024/Content/FirstPersonArms/Character/Textures/UE4_LOGO_CARD.uasset" 3552
"F:/DANE/Project_2024/Content/FirstPersonArms/Character/Materials/MaterialLayers/ML_SoftMetal_UE4.uasset" 3553
"F:/DANE/Project_2024/Content/FirstPersonArms/Character/Materials/MaterialLayers/T_ML_Aluminum01.uasset" 3554
"F:/DANE/Project_2024/Content/FirstPersonArms/Character/Materials/MaterialLayers/T_ML_Aluminum01_N.uasset" 3555
"F:/DANE/Project_2024/Content/FirstPersonArms/Character/Textures/UE4_Mannequin__normals.uasset" 3556
"F:/DANE/Project_2024/Content/FirstPersonArms/Character/Textures/UE4_Mannequin_MAT_MASKA.uasset" 3557
"F:/DANE/Project_2024/Content/FirstPersonArms/Character/Mesh/SK_Mannequin_Arms_PhysicsAsset.uasset" 3558
"F:/DANE/Project_2024/Content/StarterContent/Materials/M_Water_Lake.uasset" 3559
"F:/DANE/Project_2024/Content/StarterContent/Textures/T_Perlin_Noise_M.uasset" 3560
"F:/DANE/Project_2024/Content/LevelPrototyping/Materials/MI_Solid_Blue.uasset" 3561
"F:/DANE/Project_2024/Content/LevelPrototyping/Materials/M_Solid.uasset" 3562
"F:/DANE/Project_2024/Content/StarterContent/Props/SM_Door.uasset" 3563
"F:/DANE/Project_2024/Content/StarterContent/Materials/M_Glass.uasset" 3564
"F:/DANE/Project_2024/Content/StarterContent/Props/Materials/M_Door.uasset" 3565
"F:/DANE/Project_2024/Content/StarterContent/Textures/T_Door_M.uasset" 3566
"F:/DANE/Project_2024/Content/StarterContent/Textures/T_Door_N.uasset" 3567
"F:/DANE/Project_2024/Content/StarterContent/Props/SM_DoorFrame.uasset" 3568
"F:/DANE/Project_2024/Content/StarterContent/Props/Materials/M_Frame.uasset" 3569
"F:/DANE/Project_2024/Content/StarterContent/Textures/T_Frame_M.uasset" 3570
"F:/DANE/Project_2024/Content/StarterContent/Textures/T_Frame_N.uasset" 3571
"../../../Engine/Content/BasicShapes/BasicShapeMaterial.uasset" 3572
"F:/DANE/Project_2024/Content/Blueprints/Rooms/BP_ExitRoom.uasset" 3573
"F:/DANE/Project_2024/Content/Blueprints/Rooms/BP_RoomParent.uasset" 3574
"F:/DANE/Project_2024/Content/Blueprints/BP_Chest.uasset" 3575
"F:/DANE/Project_2024/Content/Blueprints/BP_Minion.uasset" 3576
"F:/DANE/Project_2024/Content/LevelPrototyping/Materials/MI_PrototypeGrid_Gray.uasset" 3577
"F:/DANE/Project_2024/Content/LevelPrototyping/Materials/M_PrototypeGrid.uasset" 3578
"F:/DANE/Project_2024/Content/LevelPrototyping/Materials/MF_ProcGrid.uasset" 3579
"../../../Engine/Content/Functions/Engine_MaterialFunctions01/ImageAdjustment/CheapContrast.uasset" 3580
"../../../Engine/Content/Functions/Engine_MaterialFunctions01/Gradient/LinearGradient.uasset" 3581
"../../../Engine/Content/Functions/Engine_MaterialFunctions02/Utility/MakeFloat3.uasset" 3582
"F:/DANE/Project_2024/Content/LevelPrototyping/Textures/T_GridChecker_A.uasset" 3583
"F:/DANE/Project_2024/Content/Blueprints/Rooms/BP_Room1.uasset" 3584
"F:/DANE/Project_2024/Content/Blueprints/Rooms/BP_Room2.uasset" 3585
"F:/DANE/Project_2024/Content/Blueprints/Rooms/BP_Room3.uasset" 3586
"F:/DANE/Project_2024/Content/FirstPerson/Input/Actions/IA_Interaction.uasset" 3587
"F:/DANE/Project_2024/Content/FirstPerson/Input/Actions/IA_Jump.uasset" 3588
"F:/DANE/Project_2024/Content/FirstPerson/Input/Actions/IA_Look.uasset" 3589
"F:/DANE/Project_2024/Content/FirstPerson/Input/Actions/IA_Move.uasset" 3590
"F:/DANE/Project_2024/Content/FirstPerson/Input/Actions/IA_Shoot.uasset" 3591
"F:/DANE/Project_2024/Content/FirstPerson/Input/IMC_Default.uasset" 3592
"F:/DANE/Project_2024/Content/FirstPerson/Input/IMC_Weapons.uasset" 3593
"../../../Engine/Content/Maps/Templates/HLODs/HLODLayer_Instanced.uasset" 3594
"F:/DANE/Project_2024/Content/__ExternalActors__/FirstPerson/Maps/FirstPersonMap/D/0W/E1FKEGVKGOLM7HGLQPCIPO.uasset" 3595
"C:/Users/andrz/AppData/Local/UnrealEngine/Common/DerivedDataCache/Buckets/BulkDataList/4f/39/0114d7ea6bf0dd0a502931ca31e81a3e8979.udd" 3596
"C:/Users/andrz/AppData/Local/UnrealEngine/Common/DerivedDataCache/Buckets/BulkDataList/ca/9c/fb729a965eee22e4dcc6db2b2e0e8fc8cf5b.udd" 3597
"C:/Users/andrz/AppData/Local/UnrealEngine/Common/DerivedDataCache/Buckets/BulkDataPayloadId/74/d0/070e724804abdae2bee699c4c08bdabeb3d2.udd" 3598
"C:/Users/andrz/AppData/Local/UnrealEngine/Common/DerivedDataCache/Buckets/BulkDataPayloadId/55/08/9a345b836def7c14b99052ec066251d11be5.udd" 3599
"C:/Users/andrz/AppData/Local/UnrealEngine/Common/DerivedDataCache/Buckets/BulkDataList/b4/1a/34f4f94c6dd44e13e49c849b983d6d1ee980.udd" 3600
"C:/Users/andrz/AppData/Local/UnrealEngine/Common/DerivedDataCache/Buckets/BulkDataPayloadId/d0/61/58fcc1ff5f5e3c6e5e06e38ecbb9664b0a84.udd" 3601
"C:/Users/andrz/AppData/Local/UnrealEngine/Common/DerivedDataCache/Buckets/BulkDataList/ec/2f/c6bf03f2cef40bbe9c681a0d2272946ed0cd.udd" 3602
"C:/Users/andrz/AppData/Local/UnrealEngine/Common/DerivedDataCache/Buckets/BulkDataList/4f/d1/aba1008b6781a405b82197891fc71913599f.udd" 3603
"C:/Users/andrz/AppData/Local/UnrealEngine/Common/DerivedDataCache/Buckets/BulkDataList/73/f2/8b176b0ca2119d35238fe962948fac9dc165.udd" 3604
"C:/Users/andrz/AppData/Local/UnrealEngine/Common/DerivedDataCache/Buckets/BulkDataPayloadId/99/f3/869f3c9001f21f6c62333a846bb51973d995.udd" 3605
"C:/Users/andrz/AppData/Local/UnrealEngine/Common/DerivedDataCache/Buckets/BulkDataPayloadId/24/2e/6c358adb21d23e50799329657c55c555d546.udd" 3606
"C:/Users/andrz/AppData/Local/UnrealEngine/Common/DerivedDataCache/Buckets/BulkDataPayloadId/5b/be/7dfc89ddab74d74670dc0068b7e4d59d18d2.udd" 3607
"C:/Users/andrz/AppData/Local/UnrealEngine/Common/DerivedDataCache/Buckets/BulkDataList/74/2c/ba667fdc5a18518b79f14c1b31eddbd7dd4a.udd" 3608
"C:/Users/andrz/AppData/Local/UnrealEngine/Common/DerivedDataCache/Buckets/BulkDataList/d0/f3/305d1fb7130cc249f269db55799212083616.udd" 3609
"C:/Users/andrz/AppData/Local/UnrealEngine/Common/DerivedDataCache/Buckets/BulkDataList/2d/b6/5075c65ae3e1be2b54dbb4e9298d9e8474a6.udd" 3610
"C:/Users/andrz/AppData/Local/UnrealEngine/Common/DerivedDataCache/Buckets/BulkDataList/94/96/9cb399aea471a31d977f5c4f829f158df43d.udd" 3611
"C:/Users/andrz/AppData/Local/UnrealEngine/Common/DerivedDataCache/Buckets/BulkDataList/15/70/5acf12e7359de38f0276efe10411d56f3d59.udd" 3612
"C:/Users/andrz/AppData/Local/UnrealEngine/Common/DerivedDataCache/Buckets/BulkDataList/ba/c5/af3aca2dbbc48c3da0a8945e7459f3e148f5.udd" 3613
"C:/Users/andrz/AppData/Local/UnrealEngine/Common/DerivedDataCache/Buckets/BulkDataList/13/12/5cb5fc2d84c789eee931824c7f78de0aa35b.udd" 3614
"C:/Users/andrz/AppData/Local/UnrealEngine/Common/DerivedDataCache/Buckets/BulkDataList/e3/59/17aeddc309a95b384b689598f662db9352b5.udd" 3615
"C:/Users/andrz/AppData/Local/UnrealEngine/Common/DerivedDataCache/Buckets/BulkDataList/b7/00/833f6932f3ce85a27f713d6a00ae40d0a7a7.udd" 3616
"C:/Users/andrz/AppData/Local/UnrealEngine/Common/DerivedDataCache/Buckets/BulkDataList/34/4e/1a376923ee4359289c13ea8796297c985111.udd" 3617
"C:/Users/andrz/AppData/Local/UnrealEngine/Common/DerivedDataCache/Buckets/BulkDataList/8a/0c/aeae65135e8648ce65133d48a620e633fbd4.udd" 3618
"C:/Users/andrz/AppData/Local/UnrealEngine/Common/DerivedDataCache/Buckets/BulkDataList/18/af/d8eec4d74270a96d03e279b160bd95be9500.udd" 3619
"C:/Users/andrz/AppData/Local/UnrealEngine/Common/DerivedDataCache/Buckets/BulkDataList/18/2f/afa7f12c2fca0ea6c8f9cf025cb696e841d6.udd" 3620
"C:/Users/andrz/AppData/Local/UnrealEngine/Common/DerivedDataCache/Buckets/BulkDataList/d7/3a/c6ed4c23c01f7a9c6316b9e89f513ef3d09b.udd" 3621
"F:/DANE/Project_2024/Content/StarterContent/Textures/T_Shelf_N.uasset" 3622
"F:/DANE/Project_2024/Content/StarterContent/Textures/T_Shelf_M.uasset" 3623
"F:/DANE/Project_2024/Content/StarterContent/Textures/T_Rock_Smooth_Granite_D.uasset" 3624
"F:/DANE/Project_2024/Content/StarterContent/Textures/T_Rock_Slate_N.uasset" 3625
"F:/DANE/Project_2024/Content/StarterContent/Textures/T_Rock_Slate_D.uasset" 3626
"F:/DANE/Project_2024/Content/StarterContent/Textures/T_Rock_Sandstone_N.uasset" 3627
"F:/DANE/Project_2024/Content/StarterContent/Textures/T_Rock_Sandstone_D.uasset" 3628
"C:/Users/andrz/AppData/Local/UnrealEngine/Common/DerivedDataCache/Buckets/BulkDataList/95/59/a88d152c990ae9348938e31ce2a09b8b229a.udd" 3629
"F:/DANE/Project_2024/Content/StarterContent/Textures/T_Rock_Marble_Polished_D.uasset" 3630
"C:/Users/andrz/AppData/Local/UnrealEngine/Common/DerivedDataCache/Buckets/BulkDataList/fb/97/8ebead6ed6bf2c96b7206121a729d8da2686.udd" 3631
"F:/DANE/Project_2024/Content/StarterContent/Textures/T_Rock_Basalt_N.uasset" 3632
"C:/Users/andrz/AppData/Local/UnrealEngine/Common/DerivedDataCache/Buckets/BulkDataList/4e/d5/366e762ba8b89d2fe286516047fa4baeef3b.udd" 3633
"F:/DANE/Project_2024/Content/StarterContent/Textures/T_Rock_Basalt_D.uasset" 3634
"C:/Users/andrz/AppData/Local/UnrealEngine/Common/DerivedDataCache/Buckets/BulkDataList/c8/4f/eb83b6dd65ddbd58c0dfcb889ec991978b5e.udd" 3635
"F:/DANE/Project_2024/Content/StarterContent/Textures/T_RockMesh_N.uasset" 3636
"C:/Users/andrz/AppData/Local/UnrealEngine/Common/DerivedDataCache/Buckets/BulkDataList/9d/1e/87769767eb7d31b3ff7db93ec62fb78905c3.udd" 3637
"F:/DANE/Project_2024/Content/StarterContent/Textures/T_RockMesh_M.uasset" 3638
"C:/Users/andrz/AppData/Local/UnrealEngine/Common/DerivedDataCache/Buckets/BulkDataList/3d/47/da41910022e0fb9dc6f4fa8db05b84dd95c2.udd" 3639
"F:/DANE/Project_2024/Content/StarterContent/Textures/T_Metal_Steel_N.uasset" 3640
"C:/Users/andrz/AppData/Local/UnrealEngine/Common/DerivedDataCache/Buckets/BulkDataList/8a/7b/a317d95622d590e3066321178b23172f1ace.udd" 3641
"F:/DANE/Project_2024/Content/StarterContent/Textures/T_Metal_Steel_D.uasset" 3642
"C:/Users/andrz/AppData/Local/UnrealEngine/Common/DerivedDataCache/Buckets/BulkDataList/5e/c1/d063f28876246fa30351c17533ac7d66c072.udd" 3643
"F:/DANE/Project_2024/Content/StarterContent/Textures/T_Metal_Rust_N.uasset" 3644
"C:/Users/andrz/AppData/Local/UnrealEngine/Common/DerivedDataCache/Buckets/BulkDataList/2e/2a/68975e006cf25b71320ea7a38611a2a05f69.udd" 3645
"F:/DANE/Project_2024/Content/StarterContent/Textures/T_Metal_Rust_D.uasset" 3646
"F:/DANE/Project_2024/Content/StarterContent/Textures/T_Metal_Gold_N.uasset" 3647
"C:/Users/andrz/AppData/Local/UnrealEngine/Common/DerivedDataCache/Buckets/BulkDataList/9c/d4/dbb1e8ea256c5f0db84ba5364cf6a8fd169c.udd" 3648
"F:/DANE/Project_2024/Content/StarterContent/Textures/T_Metal_Gold_D.uasset" 3649
"C:/Users/andrz/AppData/Local/UnrealEngine/Common/DerivedDataCache/Buckets/BulkDataList/f0/48/158b6a3ff18aa880e4a8fb74bb783d729d22.udd" 3650
"F:/DANE/Project_2024/Content/StarterContent/Textures/T_Metal_Copper_D.uasset" 3651
"C:/Users/andrz/AppData/Local/UnrealEngine/Common/DerivedDataCache/Buckets/BulkDataList/f2/3c/f639cb57d7c9d97d912adad4011edca7be07.udd" 3652
"F:/DANE/Project_2024/Content/StarterContent/Textures/T_Metal_Aluminum_D.uasset" 3653
"C:/Users/andrz/AppData/Local/UnrealEngine/Common/DerivedDataCache/Buckets/BulkDataList/e7/51/fd23c008191f8b48b1ef0bf8670747f22225.udd" 3654
"F:/DANE/Project_2024/Content/StarterContent/Textures/T_MacroVariation.uasset" 3655
"C:/Users/andrz/AppData/Local/UnrealEngine/Common/DerivedDataCache/Buckets/BulkDataList/ce/ee/753feab977add98c925680e4a2b4b7805712.udd" 3656
"F:/DANE/Project_2024/Content/StarterContent/Textures/T_Lamp_N.uasset" 3657
"F:/DANE/Project_2024/Content/StarterContent/Textures/T_Lamp_M.uasset" 3658
"F:/DANE/Project_2024/Content/StarterContent/Textures/T_Ground_Moss_N.uasset" 3659
"F:/DANE/Project_2024/Content/StarterContent/Textures/T_ground_Moss_D.uasset" 3660
"F:/DANE/Project_2024/Content/StarterContent/Textures/T_Ground_Gravel_N.uasset" 3661
"C:/Users/andrz/AppData/Local/UnrealEngine/Common/DerivedDataCache/Buckets/BulkDataList/dc/5c/6c4d2f66e9d393031ce7a2b285086feb0cb2.udd" 3662
"C:/Users/andrz/AppData/Local/UnrealEngine/Common/DerivedDataCache/Buckets/BulkDataList/9e/a6/fd43e22683758cb4a12a01893e6309e96dbb.udd" 3663
"C:/Users/andrz/AppData/Local/UnrealEngine/Common/DerivedDataCache/Buckets/BulkDataList/fd/18/f688f9922d46b5981d2fbf8615837b405c2b.udd" 3664
"F:/DANE/Project_2024/Content/StarterContent/Textures/T_Ground_Gravel_D.uasset" 3665
"F:/DANE/Project_2024/Content/StarterContent/Textures/T_Ground_Grass_N.uasset" 3666
"F:/DANE/Project_2024/Content/StarterContent/Textures/T_Ground_Grass_D.uasset" 3667
"F:/DANE/Project_2024/Content/StarterContent/Textures/T_Gradinet_01.uasset" 3668
"F:/DANE/Project_2024/Content/StarterContent/Textures/T_Fire_Tiled_D.uasset" 3669
"F:/DANE/Project_2024/Content/StarterContent/Textures/T_Fire_SubUV.uasset" 3670
"F:/DANE/Project_2024/Content/StarterContent/Textures/T_Explosion_SubUV.uasset" 3671
"../../../Engine/Content/Maps/Templates/HLODs/HLODLayer_Merged.uasset" 3672
"F:/DANE/Project_2024/Content/StarterContent/Textures/T_Dust_Particle_D.uasset" 3673
"F:/DANE/Project_2024/Content/StarterContent/Textures/T_Detail_Rocky_N.uasset" 3674
"F:/DANE/Project_2024/Content/StarterContent/Textures/T_Concrete_Tiles_Variation_M.uasset" 3675
"F:/DANE/Project_2024/Content/StarterContent/Textures/T_Concrete_Tiles_N.uasset" 3676
"F:/DANE/Project_2024/Content/StarterContent/Textures/T_Concrete_Tiles_M.uasset" 3677
"F:/DANE/Project_2024/Content/StarterContent/Textures/T_Concrete_Tiles_D.uasset" 3678
"F:/DANE/Project_2024/Content/StarterContent/Textures/T_Concrete_Poured_N.uasset" 3679
"F:/DANE/Project_2024/Content/StarterContent/Textures/T_Concrete_Poured_D.uasset" 3680
"F:/DANE/Project_2024/Content/StarterContent/Textures/T_Concrete_Panels_N.uasset" 3681
"F:/DANE/Project_2024/Content/StarterContent/Textures/T_Concrete_Panels_D.uasset" 3682
"C:/Users/andrz/AppData/Local/UnrealEngine/Common/DerivedDataCache/Buckets/BulkDataList/8e/50/0e14bc497911f371f5edeeaf62dc9abcced1.udd" 3683
"C:/Users/andrz/AppData/Local/UnrealEngine/Common/DerivedDataCache/Buckets/BulkDataList/c3/21/58861d54ed4ef18ba73606779e389df5af80.udd" 3684
"C:/Users/andrz/AppData/Local/UnrealEngine/Common/DerivedDataCache/Buckets/BulkDataList/80/73/3489d7bb69888538e0b9e448fe2f08d05571.udd" 3685
"C:/Users/andrz/AppData/Local/UnrealEngine/Common/DerivedDataCache/Buckets/BulkDataList/b5/a3/39ff578b74799efd0d87e1a2b478a4c59565.udd" 3686
"F:/DANE/Project_2024/Content/StarterContent/Textures/T_Concrete_Grime_D.uasset" 3687
"F:/DANE/Project_2024/Content/StarterContent/Textures/T_CobbleStone_Smooth_N.uasset" 3688
"F:/DANE/Project_2024/Content/StarterContent/Textures/T_CobbleStone_Smooth_M.uasset" 3689
"C:/Users/andrz/AppData/Local/UnrealEngine/Common/DerivedDataCache/Buckets/BulkDataList/0d/21/dc8559682615c92d9f61db9cd79c9b90e792.udd" 3690
"C:/Users/andrz/AppData/Local/UnrealEngine/Common/DerivedDataCache/Buckets/BulkDataList/18/9d/0da37a8df24cae77b8d6b7a7cb70bbccc230.udd" 3691
"C:/Users/andrz/AppData/Local/UnrealEngine/Common/DerivedDataCache/Buckets/BulkDataList/13/79/3388664a2b686a3995f63266da91d9a389d8.udd" 3692
"F:/DANE/Project_2024/Content/StarterContent/Textures/T_CobbleStone_Smooth_D.uasset" 3693
"C:/Users/andrz/AppData/Local/UnrealEngine/Common/DerivedDataCache/Buckets/BulkDataList/75/c7/07c59369ef1a75bdcb0a6dac0f14e9b783e7.udd" 3694
"F:/DANE/Project_2024/Content/StarterContent/Textures/T_CobbleStone_Rough_N.uasset" 3695
"F:/DANE/Project_2024/Content/StarterContent/Textures/T_CobbleStone_Rough_D.uasset" 3696
"F:/DANE/Project_2024/Content/StarterContent/Textures/T_CobbleStone_Pebble_N.uasset" 3697
"F:/DANE/Project_2024/Content/StarterContent/Textures/T_CobbleStone_Pebble_M.uasset" 3698
"F:/DANE/Project_2024/Content/StarterContent/Textures/T_CobbleStone_Pebble_D.uasset" 3699
"F:/DANE/Project_2024/Content/StarterContent/Textures/T_Checker_Noise_M.uasset" 3700
"C:/Users/andrz/AppData/Local/UnrealEngine/Common/DerivedDataCache/Buckets/BulkDataList/f5/f7/9e387f4671f6d96ba676d3fee402d46b0c20.udd" 3701
"F:/DANE/Project_2024/Content/StarterContent/Textures/T_Chair_N.uasset" 3702
"F:/DANE/Project_2024/Content/StarterContent/Textures/T_Chair_M.uasset" 3703
"F:/DANE/Project_2024/Content/StarterContent/Textures/T_Ceramic_Tile_N.uasset" 3704
"C:/Users/andrz/AppData/Local/UnrealEngine/Common/DerivedDataCache/Buckets/BulkDataList/a9/66/e4de55341a20543238814c4fbd498375dd46.udd" 3705
"C:/Users/andrz/AppData/Local/UnrealEngine/Common/DerivedDataCache/Buckets/BulkDataList/9e/a3/a0b03e605231fe9797536c9b59f5c861c9d6.udd" 3706
"C:/Users/andrz/AppData/Local/UnrealEngine/Common/DerivedDataCache/Buckets/BulkDataList/fc/6b/009bf39e58ae53e64d7a4fa128b42d7dd069.udd" 3707
"F:/DANE/Project_2024/Content/StarterContent/Textures/T_Ceramic_Tile_M.uasset" 3708
"F:/DANE/Project_2024/Content/StarterContent/Textures/T_Bush_N.uasset" 3709
"F:/DANE/Project_2024/Content/StarterContent/Textures/T_Bush_D.uasset" 3710
"C:/Users/andrz/AppData/Local/UnrealEngine/Common/DerivedDataCache/Buckets/BulkDataList/d4/d1/05272571c6bfaf0a10a516ce9264b2476305.udd" 3711
"C:/Users/andrz/AppData/Local/UnrealEngine/Common/DerivedDataCache/Buckets/BulkDataList/ee/8e/512b927c547153ff7acfbda0c99777f8410e.udd" 3712
"C:/Users/andrz/AppData/Local/UnrealEngine/Common/DerivedDataCache/Buckets/BulkDataList/04/36/174b026e0a73e81eb94d52817aa3c6b4c7a2.udd" 3713
"F:/DANE/Project_2024/Content/StarterContent/Textures/T_Burst_M.uasset" 3714
"C:/Users/andrz/AppData/Local/UnrealEngine/Common/DerivedDataCache/Buckets/BulkDataList/5b/12/517926dd0635cacce89ebec0332428c9032e.udd" 3715
"C:/Users/andrz/AppData/Local/UnrealEngine/Common/DerivedDataCache/Buckets/BulkDataList/1d/7b/5b5deedb94088859b569587c6083902147cc.udd" 3716
"F:/DANE/Project_2024/Content/StarterContent/Textures/T_Brick_Hewn_Stone_N.uasset" 3717
"C:/Users/andrz/AppData/Local/UnrealEngine/Common/DerivedDataCache/Buckets/BulkDataList/8a/cc/fcd1ee5b42f1878e649325f6cc9e44409ce5.udd" 3718
"F:/DANE/Project_2024/Content/StarterContent/Textures/T_Brick_Hewn_Stone_M.uasset" 3719
"C:/Users/andrz/AppData/Local/UnrealEngine/Common/DerivedDataCache/Buckets/BulkDataList/ac/8b/ca0c28f4e969b502f001f528c7d808b2178f.udd" 3720
"C:/Users/andrz/AppData/Local/UnrealEngine/Common/DerivedDataCache/Buckets/BulkDataList/ab/53/57fd5bbf81384dbe84e19bb29a434d375d7a.udd" 3721
"C:/Users/andrz/AppData/Local/UnrealEngine/Common/DerivedDataCache/Buckets/BulkDataList/ee/70/bd9397c60f7e77c76a1683248351ef8bb178.udd" 3722
"C:/Users/andrz/AppData/Local/UnrealEngine/Common/DerivedDataCache/Buckets/BulkDataList/b1/95/2c173174a336fbb96b85861e4a1e8aa53be8.udd" 3723
"C:/Users/andrz/AppData/Local/UnrealEngine/Common/DerivedDataCache/Buckets/BulkDataList/37/a3/8bec32ac311f926b3c8159fd88b45092a855.udd" 3724
"C:/Users/andrz/AppData/Local/UnrealEngine/Common/DerivedDataCache/Buckets/BulkDataList/ac/5f/25766d3e6e4f4dbe4a0e9eab30e5655a0950.udd" 3725
"C:/Users/andrz/AppData/Local/UnrealEngine/Common/DerivedDataCache/Buckets/BulkDataList/78/2c/16e264298eb8b3cc33c730920f238c8390b5.udd" 3726
"C:/Users/andrz/AppData/Local/UnrealEngine/Common/DerivedDataCache/Buckets/BulkDataList/ca/bb/6f2bfc48a6aa7a274e93a07b93defcd7d146.udd" 3727
"C:/Users/andrz/AppData/Local/UnrealEngine/Common/DerivedDataCache/Buckets/BulkDataList/b0/4b/dab814e538a6be35c2fdde37ecdb85159473.udd" 3728
"C:/Users/andrz/AppData/Local/UnrealEngine/Common/DerivedDataCache/Buckets/BulkDataList/b6/d1/0febe6d6389c1087b2ef45142749ceb39a35.udd" 3729
"C:/Users/andrz/AppData/Local/UnrealEngine/Common/DerivedDataCache/Buckets/BulkDataList/99/b1/ef22f88f5148d4e4070606075e37d1311200.udd" 3730
"C:/Users/andrz/AppData/Local/UnrealEngine/Common/DerivedDataCache/Buckets/BulkDataList/6e/33/3ec7c8e38b9bf08bfae442f3f96b36fde206.udd" 3731
"C:/Users/andrz/AppData/Local/UnrealEngine/Common/DerivedDataCache/Buckets/BulkDataList/08/6c/cf551610cab413391174738d2b556863af27.udd" 3732
"C:/Users/andrz/AppData/Local/UnrealEngine/Common/DerivedDataCache/Buckets/BulkDataList/39/d0/fb271cdf8f56e49161959f758deae42c4d05.udd" 3733
"C:/Users/andrz/AppData/Local/UnrealEngine/Common/DerivedDataCache/Buckets/BulkDataList/00/47/201eb1f0f88bd234b5a6c7f4f0d77d8accc5.udd" 3734
"C:/Users/andrz/AppData/Local/UnrealEngine/Common/DerivedDataCache/Buckets/BulkDataList/0e/07/96bc5410b1962b03a2ba9a62b53218322249.udd" 3735
"C:/Users/andrz/AppData/Local/UnrealEngine/Common/DerivedDataCache/Buckets/BulkDataList/03/77/5b4e568d4ee3076502155ba55343b450e986.udd" 3736
"C:/Users/andrz/AppData/Local/UnrealEngine/Common/DerivedDataCache/Buckets/BulkDataList/78/37/e0813d69534386cca2cc4e4ae7b8455ce1b4.udd" 3737
"C:/Users/andrz/AppData/Local/UnrealEngine/Common/DerivedDataCache/Buckets/BulkDataList/3c/1b/1f4d999ca9fdbcb514e5149f77960a42f658.udd" 3738
"C:/Users/andrz/AppData/Local/UnrealEngine/Common/DerivedDataCache/Buckets/BulkDataList/77/03/8d108ee33c449833d79c91ca8f65a2920ead.udd" 3739
"C:/Users/andrz/AppData/Local/UnrealEngine/Common/DerivedDataCache/Buckets/BulkDataList/b0/f6/386fdd476127f2c0b980bd754f0aede8d193.udd" 3740
"C:/Users/andrz/AppData/Local/UnrealEngine/Common/DerivedDataCache/Buckets/BulkDataList/dd/fd/27eaf085abf9ba9bb6dc8d1903504d3bc59b.udd" 3741
"C:/Users/andrz/AppData/Local/UnrealEngine/Common/DerivedDataCache/Buckets/BulkDataList/1a/97/218636a7bbdbec23ce8f3dc7efab494c1d5a.udd" 3742
"C:/Users/andrz/AppData/Local/UnrealEngine/Common/DerivedDataCache/Buckets/BulkDataList/9b/fb/412c146ef566c1579f45b7ea2bb52f088006.udd" 3743
"C:/Users/andrz/AppData/Local/UnrealEngine/Common/DerivedDataCache/Buckets/BulkDataList/64/10/5145d9baf0d7934b2a7d15175c8285dd886d.udd" 3744
"C:/Users/andrz/AppData/Local/UnrealEngine/Common/DerivedDataCache/Buckets/BulkDataList/ef/fc/ec167542fd03cffd3d70bb51c04534a7278b.udd" 3745
"C:/Users/andrz/AppData/Local/UnrealEngine/Common/DerivedDataCache/Buckets/BulkDataList/10/ae/a5488d1984981b87e0b3966fc925484f5fc5.udd" 3746
"C:/Users/andrz/AppData/Local/UnrealEngine/Common/DerivedDataCache/Buckets/BulkDataList/a8/c9/63c41f457457086be6450cedf01bfe30e251.udd" 3747
"C:/Users/andrz/AppData/Local/UnrealEngine/Common/DerivedDataCache/Buckets/BulkDataList/89/ac/96b1a35fa8d7c06e041aadd22355d4707984.udd" 3748
"C:/Users/andrz/AppData/Local/UnrealEngine/Common/DerivedDataCache/Buckets/BulkDataList/4f/bb/a2125b61438d0850d8f7f71df3095ba914de.udd" 3749
"C:/Users/andrz/AppData/Local/UnrealEngine/Common/DerivedDataCache/Buckets/BulkDataList/01/2b/f9c1e453f8627ae08f3443fef16acd0c6581.udd" 3750
"C:/Users/andrz/AppData/Local/UnrealEngine/Common/DerivedDataCache/Buckets/BulkDataList/3f/99/718089c84243bedf9d31858216f8b9008412.udd" 3751
"C:/Users/andrz/AppData/Local/UnrealEngine/Common/DerivedDataCache/Buckets/BulkDataList/77/1b/fa6122a67bedbd4fabfa61ef5aef267e67cf.udd" 3752
"C:/Users/andrz/AppData/Local/UnrealEngine/Common/DerivedDataCache/Buckets/BulkDataList/95/9f/9ed11a003db0533c25c73bdd8dbb9c7aa743.udd" 3753
"C:/Users/andrz/AppData/Local/UnrealEngine/Common/DerivedDataCache/Buckets/BulkDataList/5b/31/c1a3eaab5ba8cbebe185f0a7abdd22b9340e.udd" 3754
"C:/Users/andrz/AppData/Local/UnrealEngine/Common/DerivedDataCache/Buckets/BulkDataList/58/fb/ce1330a93b4aa06b51dc867bdda378172e66.udd" 3755
"C:/Users/andrz/AppData/Local/UnrealEngine/Common/DerivedDataCache/Buckets/BulkDataList/53/12/2c3d010f7f888c2362205134b1872dc70052.udd" 3756
"C:/Users/andrz/AppData/Local/UnrealEngine/Common/DerivedDataCache/Buckets/BulkDataList/0c/78/b115ebf74e718ccf829f399bc9114f0fe2ce.udd" 3757
"C:/Users/andrz/AppData/Local/UnrealEngine/Common/DerivedDataCache/Buckets/BulkDataList/0a/26/77db8359b0095142870671644149e2070d2c.udd" 3758
"C:/Users/andrz/AppData/Local/UnrealEngine/Common/DerivedDataCache/Buckets/BulkDataList/2c/7f/8246762d4649fba373e698555045464c8936.udd" 3759
"C:/Users/andrz/AppData/Local/UnrealEngine/Common/DerivedDataCache/Buckets/BulkDataList/94/5b/a11a02b50d7c45f021f65b932ce41f09b3a6.udd" 3760
"C:/Users/andrz/AppData/Local/UnrealEngine/Common/DerivedDataCache/Buckets/BulkDataList/5a/69/3002d23ccbfb90ae0cee0a24dbcd3028efdf.udd" 3761
"C:/Users/andrz/AppData/Local/UnrealEngine/Common/DerivedDataCache/Buckets/BulkDataList/79/bf/20fb73df9b6f127dbed37964c19b98e99be6.udd" 3762
"F:/DANE/Project_2024/Content/StarterContent/Textures/T_Brick_Hewn_Stone_D.uasset" 3763
"F:/DANE/Project_2024/Content/StarterContent/Textures/T_Brick_Cut_Stone_N.uasset" 3764
"F:/DANE/Project_2024/Content/StarterContent/Textures/T_Brick_Cut_Stone_D.uasset" 3765
"F:/DANE/Project_2024/Content/StarterContent/Textures/T_Brick_Clay_Old_N.uasset" 3766
"F:/DANE/Project_2024/Content/StarterContent/Textures/T_Brick_Clay_Old_D.uasset" 3767
"F:/DANE/Project_2024/Content/StarterContent/Textures/T_Brick_Clay_New_N.uasset" 3768
"F:/DANE/Project_2024/Content/StarterContent/Textures/T_Brick_Clay_New_M.uasset" 3769
"F:/DANE/Project_2024/Content/StarterContent/Textures/T_Brick_Clay_Beveled_N.uasset" 3770
"F:/DANE/Project_2024/Content/StarterContent/Textures/T_Brick_Clay_New_D.uasset" 3771
"F:/DANE/Project_2024/Content/StarterContent/Textures/T_Brick_Clay_Beveled_M.uasset" 3772
"F:/DANE/Project_2024/Content/StarterContent/Textures/T_Brick_Clay_Beveled_D.uasset" 3773
"F:/DANE/Project_2024/Content/StarterContent/Particles/Materials/m_flare_01.uasset" 3774
"F:/DANE/Project_2024/Content/StarterContent/Materials/M_Basic_Wall.uasset" 3775
"F:/DANE/Project_2024/Content/StarterContent/Maps/StarterMap_BuiltData.uasset" 3776
"F:/DANE/Project_2024/Content/StarterContent/Maps/Minimal_Default_BuiltData.uasset" 3777
"F:/DANE/Project_2024/Content/StarterContent/Materials/M_Basic_Floor.uasset" 3778
"F:/DANE/Project_2024/Content/StarterContent/Materials/M_AssetPlatform.uasset" 3779
"F:/DANE/Project_2024/Content/StarterContent/Maps/Advanced_Lighting_BuiltData.uasset" 3780
"F:/DANE/Project_2024/Content/StarterContent/Blueprints/Assets/SunlightColorLUT.uasset" 3781
"F:/DANE/Project_2024/Content/StarterContent/HDRI/HDRI_Epic_Courtyard_Daylight.uasset" 3782
"F:/DANE/Project_2024/Content/StarterContent/Blueprints/Assets/M_LightStage_Arrows.uasset" 3783
"F:/DANE/Project_2024/Content/StarterContent/Blueprints/Assets/FogBrightnessLUT.uasset" 3784
"F:/DANE/Project_2024/Content/StarterContent/Audio/Steam01_Cue.uasset" 3785
"F:/DANE/Project_2024/Content/StarterContent/Audio/Steam01.uasset" 3786
"F:/DANE/Project_2024/Content/StarterContent/Audio/Starter_Wind06.uasset" 3787
"F:/DANE/Project_2024/Content/StarterContent/Audio/Starter_Wind05.uasset" 3788
"C:/Users/andrz/AppData/Local/UnrealEngine/Common/DerivedDataCache/Buckets/BulkDataList/30/7f/b43de43776362fee3cf3d8db6b8b5fe96887.udd" 3789
"F:/DANE/Project_2024/Content/StarterContent/Audio/Starter_Music_Cue.uasset" 3790
"C:/Users/andrz/AppData/Local/UnrealEngine/Common/DerivedDataCache/Buckets/BulkDataList/28/df/bae882e14b950f11030531d51603cd158668.udd" 3791
"C:/Users/andrz/AppData/Local/UnrealEngine/Common/DerivedDataCache/Buckets/BulkDataList/8c/07/af1638505cc610ee218298b1fe3d72aa2dea.udd" 3792
"F:/DANE/Project_2024/Content/StarterContent/Audio/Starter_Music01.uasset" 3793
"C:/Users/andrz/AppData/Local/UnrealEngine/Common/DerivedDataCache/Buckets/BulkDataList/52/df/bb7b925a6e15f7dfc380fed7cb8df22de17f.udd" 3794
"F:/DANE/Project_2024/Content/StarterContent/Audio/Starter_Birds01.uasset" 3795
"F:/DANE/Project_2024/Content/StarterContent/Audio/Starter_Background_Cue.uasset" 3796
"F:/DANE/Project_2024/Content/StarterContent/Audio/Smoke01_Cue.uasset" 3797
"C:/Users/andrz/AppData/Local/UnrealEngine/Common/DerivedDataCache/Buckets/BulkDataList/83/96/6d06433c0d22a9e969849089eb2e084569ed.udd" 3798
"C:/Users/andrz/AppData/Local/UnrealEngine/Common/DerivedDataCache/Buckets/BulkDataList/ea/66/a1fcce4cb5c392240a23097fd1a308b30c47.udd" 3799
"C:/Users/andrz/AppData/Local/UnrealEngine/Common/DerivedDataCache/Buckets/BulkDataList/cc/48/372762f302a431aeab282be483728675fae3.udd" 3800
"C:/Users/andrz/AppData/Local/UnrealEngine/Common/DerivedDataCache/Buckets/BulkDataList/85/ef/25a43b45a0a3dc75619cf175b37c0c13f75d.udd" 3801
"C:/Users/andrz/AppData/Local/UnrealEngine/Common/DerivedDataCache/Buckets/BulkDataList/04/e9/2f933d6076f2ab3f1065204fc20683f72849.udd" 3802
"C:/Users/andrz/AppData/Local/UnrealEngine/Common/DerivedDataCache/Buckets/BulkDataList/8b/af/96d0ca0634e4c0ad8d8e33f8a938b08a659a.udd" 3803
"C:/Users/andrz/AppData/Local/UnrealEngine/Common/DerivedDataCache/Buckets/BulkDataList/9b/17/9f73d63b0cd4f907b67ddfa53817796f041e.udd" 3804
"C:/Users/andrz/AppData/Local/UnrealEngine/Common/DerivedDataCache/Buckets/BulkDataList/3f/90/69046e74d67f7e2949c49a335cab3f33eaba.udd" 3805
"C:/Users/andrz/AppData/Local/UnrealEngine/Common/DerivedDataCache/Buckets/BulkDataList/39/ed/45a3ead387bd3a892ebbf943aeeb6847c7fb.udd" 3806
"C:/Users/andrz/AppData/Local/UnrealEngine/Common/DerivedDataCache/Buckets/BulkDataList/bb/5c/2c70e1c7cc7b05d77b935c953478c78f9ca2.udd" 3807
"C:/Users/andrz/AppData/Local/UnrealEngine/Common/DerivedDataCache/Buckets/BulkDataList/10/e1/7c37490ae722fdefffe81968e20ea1021f91.udd" 3808
"C:/Users/andrz/AppData/Local/UnrealEngine/Common/DerivedDataCache/Buckets/BulkDataList/be/3a/cac72c2a1d57873b903e7159df2a60ca5ab6.udd" 3809
"C:/Users/andrz/AppData/Local/UnrealEngine/Common/DerivedDataCache/Buckets/BulkDataList/64/78/e9bcb6a0d56d7c358e6217b96302f339b606.udd" 3810
"C:/Users/andrz/AppData/Local/UnrealEngine/Common/DerivedDataCache/Buckets/BulkDataList/4b/ea/ece0006bfdfbcd1dca6a4f15615ffa970510.udd" 3811
"C:/Users/andrz/AppData/Local/UnrealEngine/Common/DerivedDataCache/Buckets/BulkDataList/b1/4d/48b23f966d9c4b1dace7cc32b30e1a81dc40.udd" 3812
"C:/Users/andrz/AppData/Local/UnrealEngine/Common/DerivedDataCache/Buckets/BulkDataList/93/fc/e3d36192e4d0e5278b8367ffe147778875fb.udd" 3813
"C:/Users/andrz/AppData/Local/UnrealEngine/Common/DerivedDataCache/Buckets/BulkDataList/cc/c7/53406ba7719cad79161ed674d5357ae34280.udd" 3814
"C:/Users/andrz/AppData/Local/UnrealEngine/Common/DerivedDataCache/Buckets/BulkDataList/58/1f/c83389985579cb9a150c96c6ff27e216d9d6.udd" 3815
"C:/Users/andrz/AppData/Local/UnrealEngine/Common/DerivedDataCache/Buckets/BulkDataList/a7/c8/a238059aa9727649816ac0671495d0a092fe.udd" 3816
"C:/Users/andrz/AppData/Local/UnrealEngine/Common/DerivedDataCache/Buckets/BulkDataList/6f/7b/c84db7c0bf19bba5ac1251eb98ad43b6d9a1.udd" 3817
"F:/DANE/Project_2024/Content/StarterContent/Audio/Light02.uasset" 3818
"F:/DANE/Project_2024/Content/StarterContent/Audio/Smoke01.uasset" 3819
"F:/DANE/Project_2024/Content/StarterContent/Audio/Fire_Sparks01.uasset" 3820
"F:/DANE/Project_2024/Content/StarterContent/Audio/Light01.uasset" 3821
"F:/DANE/Project_2024/Content/StarterContent/Audio/Light02_Cue.uasset" 3822
"F:/DANE/Project_2024/Content/StarterContent/Audio/Fire01_Cue.uasset" 3823
"F:/DANE/Project_2024/Content/StarterContent/Audio/Fire_Sparks01_Cue.uasset" 3824
"F:/DANE/Project_2024/Content/StarterContent/Audio/Fire01.uasset" 3825
"F:/DANE/Project_2024/Content/StarterContent/Audio/Explosion_Cue.uasset" 3826
"F:/DANE/Project_2024/Content/StarterContent/Audio/Light01_Cue.uasset" 3827
"F:/DANE/Project_2024/Content/StarterContent/Audio/Explosion02.uasset" 3828
"F:/DANE/Project_2024/Content/Materials/MAT_Camera.uasset" 3829
"F:/DANE/Project_2024/Content/Materials/TEX_CameraShot.uasset" 3830
"F:/DANE/Project_2024/Content/Maps/_GENERATED/GlitchedGuest/Rectangle_223133F4.uasset" 3831
"F:/DANE/Project_2024/Content/StarterContent/Audio/Explosion01.uasset" 3832
"F:/DANE/Project_2024/Content/StarterContent/Audio/Collapse_Cue.uasset" 3833
"F:/DANE/Project_2024/Content/Maps/_GENERATED/GlitchedGuest/Path_F59A3A6A.uasset" 3834
"F:/DANE/Project_2024/Content/Maps/_GENERATED/GlitchedGuest/Path_E3AE8689.uasset" 3835
"F:/DANE/Project_2024/Content/Maps/_GENERATED/GlitchedGuest/Path_E52352C4.uasset" 3836
"F:/DANE/Project_2024/Content/StarterContent/Audio/Collapse02.uasset" 3837
"F:/DANE/Project_2024/Content/StarterContent/Audio/Collapse01.uasset" 3838
"F:/DANE/Project_2024/Content/Maps/_GENERATED/GlitchedGuest/Path_FC43F753.uasset" 3839
"F:/DANE/Project_2024/Content/Maps/_GENERATED/GlitchedGuest/Path_C4B74BF1.uasset" 3840
"F:/DANE/Project_2024/Content/Maps/_GENERATED/GlitchedGuest/Path_BFFF9E1D.uasset" 3841
"F:/DANE/Project_2024/Content/Maps/_GENERATED/GlitchedGuest/Path_C5B3DA9B.uasset" 3842
"F:/DANE/Project_2024/Content/Maps/_GENERATED/GlitchedGuest/Path_BF90E5DB.uasset" 3843
"F:/DANE/Project_2024/Content/Maps/_GENERATED/GlitchedGuest/Path_BC00028C.uasset" 3844
"F:/DANE/Project_2024/Content/Maps/_GENERATED/GlitchedGuest/Path_B68A550F.uasset" 3845
"F:/DANE/Project_2024/Content/Maps/_GENERATED/GlitchedGuest/Path_B5BB8E25.uasset" 3846
"C:/Users/andrz/AppData/Local/UnrealEngine/Common/DerivedDataCache/Buckets/BulkDataList/b0/51/121179a052d85ab55cf6a4b087da50fe03a9.udd" 3847
"F:/DANE/Project_2024/Content/Maps/_GENERATED/GlitchedGuest/Path_AFB97988.uasset" 3848
"F:/DANE/Project_2024/Content/Maps/_GENERATED/GlitchedGuest/Path_A8EA82FE.uasset" 3849
"F:/DANE/Project_2024/Content/Maps/_GENERATED/GlitchedGuest/Path_A32F4F7C.uasset" 3850
"C:/Users/andrz/AppData/Local/UnrealEngine/Common/DerivedDataCache/Buckets/BulkDataList/c0/23/7401a4f26e99a880f76efe01f6ec34461dc4.udd" 3851
"C:/Users/andrz/AppData/Local/UnrealEngine/Common/DerivedDataCache/Buckets/BulkDataList/c7/a1/4f2644b8b980974bd3c8fed485e76a02d7ab.udd" 3852
"C:/Users/andrz/AppData/Local/UnrealEngine/Common/DerivedDataCache/Buckets/BulkDataList/77/f9/0aa6882b2d902becb88648dc1774e6236ed2.udd" 3853
"C:/Users/andrz/AppData/Local/UnrealEngine/Common/DerivedDataCache/Buckets/BulkDataList/51/c9/41c44ae709766b3444a1ee17d34cac26328d.udd" 3854
"C:/Users/andrz/AppData/Local/UnrealEngine/Common/DerivedDataCache/Buckets/BulkDataList/86/1a/67666b28dee2c7884d81210ea497d88a6066.udd" 3855
"C:/Users/andrz/AppData/Local/UnrealEngine/Common/DerivedDataCache/Buckets/BulkDataList/6f/22/40f3899e0db557e8a0869e34332a4ff1c9de.udd" 3856
"C:/Users/andrz/AppData/Local/UnrealEngine/Common/DerivedDataCache/Buckets/BulkDataList/11/b3/bef4d89479e5698050e0b5fad6068d30eb97.udd" 3857
"C:/Users/andrz/AppData/Local/UnrealEngine/Common/DerivedDataCache/Buckets/BulkDataList/e7/af/b6f243ccbe58f4a3ee75603731b2c0d3ca9f.udd" 3858
"C:/Users/andrz/AppData/Local/UnrealEngine/Common/DerivedDataCache/Buckets/BulkDataList/d5/25/f4f4702bf8bccadc8ba7034c21e2c15497a8.udd" 3859
"C:/Users/andrz/AppData/Local/UnrealEngine/Common/DerivedDataCache/Buckets/BulkDataList/a6/87/6e0259ccba8f9d6b584b9ca95209c195c574.udd" 3860
"C:/Users/andrz/AppData/Local/UnrealEngine/Common/DerivedDataCache/Buckets/StaticMesh/77/b1/b0dd3938cdcfaa96b7ebd502d5d5470c69e7.udd" 3861
"C:/Users/andrz/AppData/Local/UnrealEngine/Common/DerivedDataCache/Buckets/BulkDataList/14/cb/df30752b32e7334232ded714182b969acd7f.udd" 3862
"C:/Users/andrz/AppData/Local/UnrealEngine/Common/DerivedDataCache/Buckets/StaticMesh/40/8d/d7e93ccd0bdd9e9d85d27d1454d52d8e24bf.udd" 3863
"C:/Users/andrz/AppData/Local/UnrealEngine/Common/DerivedDataCache/Buckets/BulkDataList/f1/6a/0e0d6996dd4c289a40a3be07ffc4d2df7c39.udd" 3864
"C:/Users/andrz/AppData/Local/UnrealEngine/Common/DerivedDataCache/Buckets/LegacyDIST/f5/94/a0bab219eed1c23b968588a41a082ada0bad.udd" 3865
"C:/Users/andrz/AppData/Local/UnrealEngine/Common/DerivedDataCache/Buckets/LegacyDIST/6a/8b/42b5e16f130ba948d52d9a92254eec466cf1.udd" 3866
"C:/Users/andrz/AppData/Local/UnrealEngine/Common/DerivedDataCache/Buckets/StaticMesh/2f/83/2e9cfb6dc1b44abe5c4aa695f373ac477600.udd" 3867
"F:/DANE/Project_2024/Content/Maps/_GENERATED/GlitchedGuest/Path_94074F5D.uasset" 3868
"F:/DANE/Project_2024/Content/Maps/_GENERATED/GlitchedGuest/Path_90B30A24.uasset" 3869
"F:/DANE/Project_2024/Content/Maps/_GENERATED/GlitchedGuest/Path_8E5C60DB.uasset" 3870
"F:/DANE/Project_2024/Content/Maps/_GENERATED/GlitchedGuest/Path_8B4B6058.uasset" 3871
"F:/DANE/Project_2024/Content/Maps/_GENERATED/GlitchedGuest/Path_763373A0.uasset" 3872
"F:/DANE/Project_2024/Content/Maps/_GENERATED/GlitchedGuest/Path_943C87D2.uasset" 3873
"F:/DANE/Project_2024/Content/Maps/_GENERATED/GlitchedGuest/Path_736CDCE8.uasset" 3874
"F:/DANE/Project_2024/Content/Maps/_GENERATED/GlitchedGuest/Path_713B3BE9.uasset" 3875
"F:/DANE/Project_2024/Content/Maps/_GENERATED/GlitchedGuest/Path_7236C2DF.uasset" 3876
"F:/DANE/Project_2024/Content/Maps/_GENERATED/GlitchedGuest/Path_6F2718A2.uasset" 3877
"F:/DANE/Project_2024/Content/Maps/_GENERATED/GlitchedGuest/Path_701FC074.uasset" 3878
"F:/DANE/Project_2024/Content/Maps/_GENERATED/GlitchedGuest/Path_6DD60455.uasset" 3879
"F:/DANE/Project_2024/Content/Maps/_GENERATED/GlitchedGuest/Path_6A889A53.uasset" 3880
"F:/DANE/Project_2024/Content/Maps/_GENERATED/GlitchedGuest/Path_6B0BB1EE.uasset" 3881
"C:/Users/andrz/AppData/Local/UnrealEngine/Common/DerivedDataCache/Buckets/LegacyCARD/79/db/a466d33d650043aadfeeb3f3805c225e0836.udd" 3882
"C:/Users/andrz/AppData/Local/UnrealEngine/Common/DerivedDataCache/Buckets/StaticMesh/ec/bf/e015be481ce0f6bfeef8c6edc16e8f8b010c.udd" 3883
"C:/Users/andrz/AppData/Local/UnrealEngine/Common/DerivedDataCache/Buckets/MaterialShaderMap/13/8e/b10b35d370e85afaf0617d8632d0124671c8.udd" 3884
"F:/DANE/Project_2024/Content/Maps/_GENERATED/GlitchedGuest/Path_672D0E29.uasset" 3885
"C:/Users/andrz/AppData/Local/UnrealEngine/Common/DerivedDataCache/Buckets/LegacyDIST/a6/ce/ae79a4ff7bd41ca8c18ad9b022957827af09.udd" 3886
"F:/DANE/Project_2024/Content/Maps/_GENERATED/GlitchedGuest/Path_5D65D750.uasset" 3887
"F:/DANE/Project_2024/Content/Maps/_GENERATED/GlitchedGuest/Path_57A1178B.uasset" 3888
"C:/Users/andrz/AppData/Local/UnrealEngine/Common/DerivedDataCache/Buckets/LegacyCARD/1b/c2/536d242fc9956948d68d05c4aae7fde61c29.udd" 3889
"F:/DANE/Project_2024/Content/Maps/_GENERATED/GlitchedGuest/Path_5506DD7A.uasset" 3890
"F:/DANE/Project_2024/Content/Maps/_GENERATED/GlitchedGuest/Path_527C4956.uasset" 3891
"F:/DANE/Project_2024/Content/Maps/_GENERATED/GlitchedGuest/Path_5529C242.uasset" 3892
"F:/DANE/Project_2024/Content/Maps/_GENERATED/GlitchedGuest/Path_4B881E3A.uasset" 3893
"F:/DANE/Project_2024/Content/Maps/_GENERATED/GlitchedGuest/Path_38560F60.uasset" 3894
"F:/DANE/Project_2024/Content/Maps/_GENERATED/GlitchedGuest/Path_3513212E.uasset" 3895
"F:/DANE/Project_2024/Content/Maps/_GENERATED/GlitchedGuest/Path_447CE832.uasset" 3896
"C:/Users/andrz/AppData/Local/UnrealEngine/Common/DerivedDataCache/Buckets/LegacyDIST/29/83/ac7d69a9f97a9884542147e4515b685d01fb.udd" 3897
"C:/Users/andrz/AppData/Local/UnrealEngine/Common/DerivedDataCache/Buckets/StaticMesh/e0/df/48cd6e232e4636aa1bcd97c3aa3d92d8c2bc.udd" 3898
"C:/Users/andrz/AppData/Local/UnrealEngine/Common/DerivedDataCache/Buckets/MaterialShaderMap/a1/81/9d086081b921380a8b0cee56d6770e3c3b64.udd" 3899
"F:/DANE/Project_2024/Content/Maps/_GENERATED/GlitchedGuest/Path_31424EEC.uasset" 3900
"C:/Users/andrz/AppData/Local/UnrealEngine/Common/DerivedDataCache/Buckets/LegacyCARD/e9/6c/aa6fd491309c74d13b594289efd0ee23f2ec.udd" 3901
"C:/Users/andrz/AppData/Local/UnrealEngine/Common/DerivedDataCache/Buckets/LegacyCARD/1d/e6/36a50e9a400a1759028d0c0f57454ae5360a.udd" 3902
"C:/Users/andrz/AppData/Local/UnrealEngine/Common/DerivedDataCache/Buckets/LegacyDIST/65/6e/5c16f610c198cc42825a80e32468181ffb33.udd" 3903
"C:/Users/andrz/AppData/Local/UnrealEngine/Common/DerivedDataCache/Buckets/StaticMesh/85/6a/9d29558e1de4400393ba17561c86e86b4dfb.udd" 3904
"C:/Users/andrz/AppData/Local/UnrealEngine/Common/DerivedDataCache/Buckets/StaticMesh/47/dc/bc45c35e01b06ffc29cb43f28ee37374c311.udd" 3905
"C:/Users/andrz/AppData/Local/UnrealEngine/Common/DerivedDataCache/Buckets/StaticMesh/16/e2/2823a40df94eef4ee161dd62b5c2463fc658.udd" 3906
"F:/DANE/Project_2024/Content/Maps/_GENERATED/GlitchedGuest/Path_30E10ED5.uasset" 3907
"C:/Users/andrz/AppData/Local/UnrealEngine/Common/DerivedDataCache/Buckets/LegacyDIST/4b/0a/99a8ccdc6c5ce06622cdbf3478f85b985e5b.udd" 3908
"C:/Users/andrz/AppData/Local/UnrealEngine/Common/DerivedDataCache/Buckets/StaticMesh/ab/9b/620e5df0259fa2ddef79ca37611164a305c6.udd" 3909
"C:/Users/andrz/AppData/Local/UnrealEngine/Common/DerivedDataCache/Buckets/StaticMesh/2c/e5/1c640a4652ba3ed55750ef796a3b08f01af1.udd" 3910
"C:/Users/andrz/AppData/Local/UnrealEngine/Common/DerivedDataCache/Buckets/LegacyCARD/a3/a0/ad892c88f46a99aded8701bd964db42c2ea9.udd" 3911
"C:/Users/andrz/AppData/Local/UnrealEngine/Common/DerivedDataCache/Buckets/LegacyCARD/2c/29/7b6931cb1416ab60a5804e5ae05b25b74bf5.udd" 3912
"C:/Users/andrz/AppData/Local/UnrealEngine/Common/DerivedDataCache/Buckets/LegacyDIST/b4/91/76c13ecb256a3c6df650232d847dd793330c.udd" 3913
"C:/Users/andrz/AppData/Local/UnrealEngine/Common/DerivedDataCache/Buckets/LegacyDIST/27/70/c69ad6c994f72d14880ddb0116a3f730f0cb.udd" 3914
"C:/Users/andrz/AppData/Local/UnrealEngine/Common/DerivedDataCache/Buckets/StaticMesh/a1/8e/d889f52158f7e8b22f3c5cb25cec083566e1.udd" 3915
"C:/Users/andrz/AppData/Local/UnrealEngine/Common/DerivedDataCache/Buckets/LegacyCARD/6b/de/22335e9eeac0e3093c2877aa3e13047b57d6.udd" 3916
"C:/Users/andrz/AppData/Local/UnrealEngine/Common/DerivedDataCache/Buckets/LegacyNavCollision/c3/9f/7fedcd2957b05b0a4352005cbac73455375a.udd" 3917
"C:/Users/andrz/AppData/Local/UnrealEngine/Common/DerivedDataCache/Buckets/LegacyDIST/1e/31/d58bec081d41752d1c3b73df5e441668a50b.udd" 3918
"C:/Users/andrz/AppData/Local/UnrealEngine/Common/DerivedDataCache/Buckets/LegacyCARD/3a/40/55bc095abdad53d240a6ff07f0dc236fa745.udd" 3919
"F:/DANE/Project_2024/Content/Maps/_GENERATED/GlitchedGuest/Path_2C64AAC8.uasset" 3920
"C:/Users/andrz/AppData/Local/UnrealEngine/Common/DerivedDataCache/Buckets/LegacyDIST/9e/7e/3791e72facb3a2b15483a9bd5adf205dc854.udd" 3921
"C:/Users/andrz/AppData/Local/UnrealEngine/Common/DerivedDataCache/Buckets/StaticMesh/d2/7e/3a6f3c62673fd8f7a878df1b3949cf3c1232.udd" 3922
"C:/Users/andrz/AppData/Local/UnrealEngine/Common/DerivedDataCache/Buckets/StaticMesh/3a/fb/76f1c288805012e933edd21c4bb9e1223c76.udd" 3923
"C:/Users/andrz/AppData/Local/UnrealEngine/Common/DerivedDataCache/Buckets/LegacyDIST/4f/cc/7e124a4546f66f2eed6cf00253386489001b.udd" 3924
"C:/Users/andrz/AppData/Local/UnrealEngine/Common/DerivedDataCache/Buckets/LegacyNavCollision/2b/d6/4bc8f8ed24076fbd2ff61d310160f0ed029d.udd" 3925
"C:/Users/andrz/AppData/Local/UnrealEngine/Common/DerivedDataCache/Buckets/LegacyDIST/40/df/beecd01c1bbd1db19f6bffdf6a69ae8b000b.udd" 3926
"C:/Users/andrz/AppData/Local/UnrealEngine/Common/DerivedDataCache/Buckets/StaticMesh/81/11/08143f73283eb07c988be897f986d514aa44.udd" 3927
"C:/Users/andrz/AppData/Local/UnrealEngine/Common/DerivedDataCache/Buckets/LegacyDIST/96/9c/84329e2051d678c10bec59a96357e8b274ff.udd" 3928
"C:/Users/andrz/AppData/Local/UnrealEngine/Common/DerivedDataCache/Buckets/LegacyNavCollision/bb/19/11415e0ce44a356989e725022618b641f420.udd" 3929
"C:/Users/andrz/AppData/Local/UnrealEngine/Common/DerivedDataCache/Buckets/LegacyCARD/4a/00/2fb825fab98d4dc790c8c956aa33418c5ba1.udd" 3930
"C:/Users/andrz/AppData/Local/UnrealEngine/Common/DerivedDataCache/Buckets/LegacyCARD/e8/68/253ce1ccc43787009c5c985f8def3a85bacf.udd" 3931
"C:/Users/andrz/AppData/Local/UnrealEngine/Common/DerivedDataCache/Buckets/LegacyDIST/bc/3c/24ddf10814f779e9aab910dd04477984bd5e.udd" 3932
"C:/Users/andrz/AppData/Local/UnrealEngine/Common/DerivedDataCache/Buckets/LegacyCARD/07/29/1b8bea2351a41cb77f765aa69d5cbee69bd2.udd" 3933
"C:/Users/andrz/AppData/Local/UnrealEngine/Common/DerivedDataCache/Buckets/StaticMesh/ba/6c/98103ad12a4df962e3f26e1cb16227bbabdf.udd" 3934
"C:/Users/andrz/AppData/Local/UnrealEngine/Common/DerivedDataCache/Buckets/LegacyCARD/b6/e0/cf503606f2aba451068b86ac6f3293a7e4af.udd" 3935
"C:/Users/andrz/AppData/Local/UnrealEngine/Common/DerivedDataCache/Buckets/StaticMesh/7f/0c/80573d0697050274903d156ae22216a87352.udd" 3936
"C:/Users/andrz/AppData/Local/UnrealEngine/Common/DerivedDataCache/Buckets/LegacyCARD/a5/78/5595537eaeb34dd92a31e34f662bca661197.udd" 3937
"F:/DANE/Project_2024/Content/Maps/_GENERATED/GlitchedGuest/Path_27678A88.uasset" 3938
"C:/Users/andrz/AppData/Local/UnrealEngine/Common/DerivedDataCache/Buckets/LegacyCARD/92/5c/5507ebbaef74383ea54beedb9cc541fc3696.udd" 3939
"C:/Users/andrz/AppData/Local/UnrealEngine/Common/DerivedDataCache/Buckets/LegacyNavCollision/fd/55/bd631e649ccae36ed0452b032bd8bd2520d2.udd" 3940
"C:/Users/andrz/AppData/Local/UnrealEngine/Common/DerivedDataCache/Buckets/StaticMesh/62/0a/d1e0edff101007aaf53636c8b31beb5b0ef0.udd" 3941
"C:/Users/andrz/AppData/Local/UnrealEngine/Common/DerivedDataCache/Buckets/StaticMesh/15/56/de906b609144e782bc0830ac28d036fe057c.udd" 3942
"C:/Users/andrz/AppData/Local/UnrealEngine/Common/DerivedDataCache/Buckets/LegacyDIST/c0/08/ddbedc01da703d07a802039806c108683a90.udd" 3943
"C:/Users/andrz/AppData/Local/UnrealEngine/Common/DerivedDataCache/Buckets/LegacyDIST/7e/68/0a39cf12f449f7edee3d6b552c0c32443d46.udd" 3944
"C:/Users/andrz/AppData/Local/UnrealEngine/Common/DerivedDataCache/Buckets/LegacyNavCollision/07/5f/26217bebacd983f67df8b968cd65f7e9e12d.udd" 3945
"C:/Users/andrz/AppData/Local/UnrealEngine/Common/DerivedDataCache/Buckets/StaticMesh/00/0b/d97b770c8ca7e81a6cd7b997dabb3c393f8a.udd" 3946
"C:/Users/andrz/AppData/Local/UnrealEngine/Common/DerivedDataCache/Buckets/StaticMesh/59/d1/c455bbe017abfc189435745c562886a9536a.udd" 3947
"C:/Users/andrz/AppData/Local/UnrealEngine/Common/DerivedDataCache/Buckets/LegacyDIST/da/33/310e4b22f7e6662f46be6deb42f4b7b5bc8a.udd" 3948
"C:/Users/andrz/AppData/Local/UnrealEngine/Common/DerivedDataCache/Buckets/LegacyDIST/77/c5/4e4868f75fed8a1154160e2fb0a54fc991db.udd" 3949
"C:/Users/andrz/AppData/Local/UnrealEngine/Common/DerivedDataCache/Buckets/LegacyDIST/c6/91/3fd90210bb8c112b6370d32f9d9e9aa86deb.udd" 3950
"C:/Users/andrz/AppData/Local/UnrealEngine/Common/DerivedDataCache/Buckets/LegacyCARD/6f/c5/d8f1c624b1b0122157ed4a2e7a41a543e4c2.udd" 3951
"C:/Users/andrz/AppData/Local/UnrealEngine/Common/DerivedDataCache/Buckets/LegacyDIST/d9/8d/cb7da2843e0aa60f21d200b8276fff9e8aad.udd" 3952
"C:/Users/andrz/AppData/Local/UnrealEngine/Common/DerivedDataCache/Buckets/LegacyCARD/fb/6e/a650e01f2a9f05ba721e725ae96d54b3f7ab.udd" 3953
"C:/Users/andrz/AppData/Local/UnrealEngine/Common/DerivedDataCache/Buckets/LegacyCARD/56/1d/d146bfcd97bc3084eec0e5f257097abea559.udd" 3954
"C:/Users/andrz/AppData/Local/UnrealEngine/Common/DerivedDataCache/Buckets/LegacyCARD/74/57/8c19fde701b4cf760c921dfb357768319c4c.udd" 3955
"C:/Users/andrz/AppData/Local/UnrealEngine/Common/DerivedDataCache/Buckets/LegacyCARD/7f/da/73f1b01d32c40acc91fbad807d22143fb172.udd" 3956
"F:/DANE/Project_2024/Content/Maps/_GENERATED/GlitchedGuest/Path_1D5216F9.uasset" 3957
"C:/Users/andrz/AppData/Local/UnrealEngine/Common/DerivedDataCache/Buckets/LegacyNavCollision/8a/31/457b61c0ccdd0a52ac7c95fb7700d57e2833.udd" 3958
"C:/Users/andrz/AppData/Local/UnrealEngine/Common/DerivedDataCache/Buckets/StaticMesh/7e/a6/445a1604ee3161e6dd3c14c3b1d6d0ac3661.udd" 3959
"C:/Users/andrz/AppData/Local/UnrealEngine/Common/DerivedDataCache/Buckets/StaticMesh/fc/8c/b934a62a1843296ace3f31bd58735480b71f.udd" 3960
"C:/Users/andrz/AppData/Local/UnrealEngine/Common/DerivedDataCache/Buckets/LegacyCARD/b2/bb/9d80ef8ceb69a457cf2dd1948c9d5f64dfd1.udd" 3961
"C:/Users/andrz/AppData/Local/UnrealEngine/Common/DerivedDataCache/Buckets/LegacyNavCollision/3b/4f/e7867fc52fbd209cea27d76deef0bdc6a5c3.udd" 3962
"C:/Users/andrz/AppData/Local/UnrealEngine/Common/DerivedDataCache/Buckets/StaticMesh/6a/1e/941359bd6a491f56990ba412e5c352917ae6.udd" 3963
"C:/Users/andrz/AppData/Local/UnrealEngine/Common/DerivedDataCache/Buckets/LegacyNavCollision/45/77/64fc5ce193a2144c06b35cb6b410e0dfea18.udd" 3964
"C:/Users/andrz/AppData/Local/UnrealEngine/Common/DerivedDataCache/Buckets/LegacyDIST/cf/09/90c115a8f96adc0e959a5246bf5f493c9765.udd" 3965
"C:/Users/andrz/AppData/Local/UnrealEngine/Common/DerivedDataCache/Buckets/LegacyCARD/69/a2/d6bb6ede4dcf896c8e889e18cb68d8ec6a10.udd" 3966
"F:/DANE/Project_2024/Content/Maps/_GENERATED/GlitchedGuest/Path_1A06CC82.uasset" 3967
"F:/DANE/Project_2024/Content/Maps/_GENERATED/GlitchedGuest/Path_0C286B95.uasset" 3968
"F:/DANE/Project_2024/Content/Maps/_GENERATED/GlitchedGuest/Path_067DA48C.uasset" 3969
"C:/Users/andrz/AppData/Local/UnrealEngine/Common/DerivedDataCache/Buckets/LegacyDIST/5b/b9/da7fda2915251061e0b722083906de441819.udd" 3970
"C:/Users/andrz/AppData/Local/UnrealEngine/Common/DerivedDataCache/Buckets/LegacyNavCollision/96/37/d521294dbb806a118286bec16d6abe3cece0.udd" 3971
"C:/Users/andrz/AppData/Local/UnrealEngine/Common/DerivedDataCache/Buckets/LegacyDIST/36/d4/0ad614c67f6fe522011917bd242775f55d87.udd" 3972
"C:/Users/andrz/AppData/Local/UnrealEngine/Common/DerivedDataCache/Buckets/LegacyNavCollision/64/e1/d63a9ba14df5fe1d0801bd32329a5511ed28.udd" 3973
"C:/Users/andrz/AppData/Local/UnrealEngine/Common/DerivedDataCache/Buckets/StaticMesh/94/74/b3e158626ef3d5662608fe62b4ba68630f21.udd" 3974
"C:/Users/andrz/AppData/Local/UnrealEngine/Common/DerivedDataCache/Buckets/StaticMesh/c8/e3/59e51ed22ec2d442420192adaf577ce02c19.udd" 3975
"C:/Users/andrz/AppData/Local/UnrealEngine/Common/DerivedDataCache/Buckets/LegacyCARD/8a/ba/d217163e7b6032ead8795a7054fd930d9e94.udd" 3976
"C:/Users/andrz/AppData/Local/UnrealEngine/Common/DerivedDataCache/Buckets/StaticMesh/c9/a4/8143ad32b97999c8a41c28ecabce55ffbc4f.udd" 3977
"C:/Users/andrz/AppData/Local/UnrealEngine/Common/DerivedDataCache/Buckets/LegacyDIST/b2/5c/8f876c12c7d0851cf6f50865d21c8f3f3b3d.udd" 3978
"C:/Users/andrz/AppData/Local/UnrealEngine/Common/DerivedDataCache/Buckets/LegacyCARD/09/80/aa4fe2c7ba92565a4e931d9a0b5d3cf5158e.udd" 3979
"C:/Users/andrz/AppData/Local/UnrealEngine/Common/DerivedDataCache/Buckets/LegacyDIST/14/8a/dd7508f97000f00273d732001bff309831bb.udd" 3980
"C:/Users/andrz/AppData/Local/UnrealEngine/Common/DerivedDataCache/Buckets/LegacyNavCollision/8c/bb/bb836901cd8626607aeeb464409098aded9b.udd" 3981
"C:/Users/andrz/AppData/Local/UnrealEngine/Common/DerivedDataCache/Buckets/LegacyDIST/90/72/95fe2fb4a5af77377a9da05b859ba86877cc.udd" 3982
"C:/Users/andrz/AppData/Local/UnrealEngine/Common/DerivedDataCache/Buckets/LegacyCARD/b4/e2/265354b9c64023388d285ef4d611d24875e9.udd" 3983
"C:/Users/andrz/AppData/Local/UnrealEngine/Common/DerivedDataCache/Buckets/LegacyCARD/27/3f/7c23275155966c2f4bfb0d7dc3f493a1dbd3.udd" 3984
"C:/Users/andrz/AppData/Local/UnrealEngine/Common/DerivedDataCache/Buckets/LegacyCARD/3d/c7/51be806f66b31f1ac32a65bb6a8635508751.udd" 3985
"C:/Users/andrz/AppData/Local/UnrealEngine/Common/DerivedDataCache/Buckets/StaticMesh/0a/e8/9dc9f30254c9412608cad8b8edc48aa1abc0.udd" 3986
"C:/Users/andrz/AppData/Local/UnrealEngine/Common/DerivedDataCache/Buckets/StaticMesh/bb/2d/f66923131f59d68473ba503a5b7ed20f0e9f.udd" 3987
"C:/Users/andrz/AppData/Local/UnrealEngine/Common/DerivedDataCache/Buckets/StaticMesh/8c/40/7340804cba7e62c9ca0c382dc43630054f7f.udd" 3988
"C:/Users/andrz/AppData/Local/UnrealEngine/Common/DerivedDataCache/Buckets/StaticMesh/83/51/5e7fea763c7c3d46b818564acce2d6c93043.udd" 3989
"C:/Users/andrz/AppData/Local/UnrealEngine/Common/DerivedDataCache/Buckets/StaticMesh/45/7b/6ed5c7c67ed4db2cd11b9ec35f9e731e964e.udd" 3990
"C:/Users/andrz/AppData/Local/UnrealEngine/Common/DerivedDataCache/Buckets/StaticMesh/6c/47/2421adc2dc6152c317e301a3076400e00f17.udd" 3991
"C:/Users/andrz/AppData/Local/UnrealEngine/Common/DerivedDataCache/Buckets/LegacyDIST/b4/9c/e8e15dc8d1f23d127698d7c5e3fa0d326b4f.udd" 3992
"C:/Users/andrz/AppData/Local/UnrealEngine/Common/DerivedDataCache/Buckets/StaticMesh/58/d9/1f9b84844a169044ed730974f3b5b9aea57a.udd" 3993
"C:/Users/andrz/AppData/Local/UnrealEngine/Common/DerivedDataCache/Buckets/LegacyDIST/4b/8f/0e29ff90724b2f91cd7e67ebe84cc92ad28f.udd" 3994
"C:/Users/andrz/AppData/Local/UnrealEngine/Common/DerivedDataCache/Buckets/LegacyDIST/8e/90/5cb1a52180a205ab99b322ed25ce70184f5b.udd" 3995
"C:/Users/andrz/AppData/Local/UnrealEngine/Common/DerivedDataCache/Buckets/LegacyDIST/d7/0d/6e4a19ee230273a2b9b6ece06584e8d6975c.udd" 3996
"C:/Users/andrz/AppData/Local/UnrealEngine/Common/DerivedDataCache/Buckets/LegacyDIST/30/1b/81ae3ffd8d1a5f4114d3d4d08cf6ba905bf2.udd" 3997
"C:/Users/andrz/AppData/Local/UnrealEngine/Common/DerivedDataCache/Buckets/LegacyDIST/a1/ea/a5a88985dc12868918197ea98bba38928bee.udd" 3998
"C:/Users/andrz/AppData/Local/UnrealEngine/Common/DerivedDataCache/Buckets/LegacyCARD/0e/69/c500cf5e18c647cc4a9c5cbf648eed4cd7ab.udd" 3999
"C:/Users/andrz/AppData/Local/UnrealEngine/Common/DerivedDataCache/Buckets/LegacyCARD/b5/51/22048ad70e8b1dd4f2436b17181dd97884ad.udd" 4000
"C:/Users/andrz/AppData/Local/UnrealEngine/Common/DerivedDataCache/Buckets/LegacyDIST/7b/6e/c05b68b183933b893da062d4f4953128f5e4.udd" 4001
"C:/Users/andrz/AppData/Local/UnrealEngine/Common/DerivedDataCache/Buckets/LegacyCARD/25/15/a0a5f770847f4a5c97cda9a0cb542cda9143.udd" 4002
"C:/Users/andrz/AppData/Local/UnrealEngine/Common/DerivedDataCache/Buckets/LegacyCARD/53/42/7bf3affccab40a0ec84cd9f0ba7888118ed6.udd" 4003
"C:/Users/andrz/AppData/Local/UnrealEngine/Common/DerivedDataCache/Buckets/LegacyCARD/b3/9f/d90a94610b7f4c7317ce991493b7229b259e.udd" 4004
"C:/Users/andrz/AppData/Local/UnrealEngine/Common/DerivedDataCache/Buckets/StaticMesh/80/b8/064e17ecdfc21be2a7a6284288d63f5d1e4f.udd" 4005
"C:/Users/andrz/AppData/Local/UnrealEngine/Common/DerivedDataCache/Buckets/LegacyCARD/33/4c/30f20d1e46fbd779b87bef8e0b56568db190.udd" 4006
"C:/Users/andrz/AppData/Local/UnrealEngine/Common/DerivedDataCache/Buckets/LegacyCARD/1d/24/49bc5051fa26f26dcf863e49ca4e26e77b87.udd" 4007
"C:/Users/andrz/AppData/Local/UnrealEngine/Common/DerivedDataCache/Buckets/LegacyNavCollision/a6/31/7fbc33b9d7c8675013093654873057406cb0.udd" 4008
"C:/Users/andrz/AppData/Local/UnrealEngine/Common/DerivedDataCache/Buckets/LegacyDIST/98/9d/d59e28e7eb4780b4f6396ea67a6ef6437d8c.udd" 4009
"C:/Users/andrz/AppData/Local/UnrealEngine/Common/DerivedDataCache/Buckets/StaticMesh/04/fc/b6324d40e8552ac95a00ff71f3adbff9b739.udd" 4010
"C:/Users/andrz/AppData/Local/UnrealEngine/Common/DerivedDataCache/Buckets/LegacyNavCollision/c4/bf/8e96562eb304e9d4e45021d5a0edcdfba959.udd" 4011
"C:/Users/andrz/AppData/Local/UnrealEngine/Common/DerivedDataCache/Buckets/LegacyNavCollision/88/6c/4e5992c0af689feb95823c5a740b09c440b0.udd" 4012
"C:/Users/andrz/AppData/Local/UnrealEngine/Common/DerivedDataCache/Buckets/StaticMesh/7f/22/8d71ca714c5d75c1a3d69c534b5d731d07e1.udd" 4013
"C:/Users/andrz/AppData/Local/UnrealEngine/Common/DerivedDataCache/Buckets/StaticMesh/93/b2/b3a64321a124828a0f5ea1d1c4f35fbdb057.udd" 4014
"C:/Users/andrz/AppData/Local/UnrealEngine/Common/DerivedDataCache/Buckets/LegacyCARD/7b/8b/eb149af4d204abf1273dfbc88acd9a442a3e.udd" 4015
"C:/Users/andrz/AppData/Local/UnrealEngine/Common/DerivedDataCache/Buckets/LegacyDIST/40/e5/21bf11a6ff1619c8d08489782a591b69d547.udd" 4016
"C:/Users/andrz/AppData/Local/UnrealEngine/Common/DerivedDataCache/Buckets/StaticMesh/b9/ac/a34ccf592ab47feff97a8da85fac81b4b960.udd" 4017
"C:/Users/andrz/AppData/Local/UnrealEngine/Common/DerivedDataCache/Buckets/LegacyNavCollision/6a/86/a9787f8b5f507ee3da29b3e3de1eeaa3cae8.udd" 4018
"C:/Users/andrz/AppData/Local/UnrealEngine/Common/DerivedDataCache/Buckets/LegacyDIST/51/b0/ae215f632572a4933626f0c8d37614380fff.udd" 4019
"C:/Users/andrz/AppData/Local/UnrealEngine/Common/DerivedDataCache/Buckets/LegacyDIST/40/02/d7e290c2edb2d147584a57e1b8440d1143f2.udd" 4020
"C:/Users/andrz/AppData/Local/UnrealEngine/Common/DerivedDataCache/Buckets/LegacyDIST/6c/a0/64d3469b34f2a9b10d80980d5e6f13501475.udd" 4021
"C:/Users/andrz/AppData/Local/UnrealEngine/Common/DerivedDataCache/Buckets/LegacyNavCollision/fd/00/bf5946f3b1212f9fba4dec5aa54f172dc52f.udd" 4022
"C:/Users/andrz/AppData/Local/UnrealEngine/Common/DerivedDataCache/Buckets/LegacyCARD/6e/68/fc75f8e63396db67f808d15cf7725b09e2f4.udd" 4023
"C:/Users/andrz/AppData/Local/UnrealEngine/Common/DerivedDataCache/Buckets/StaticMesh/88/28/3dce3a85f3c9baf22bbeb251feb9748682a9.udd" 4024
"C:/Users/andrz/AppData/Local/UnrealEngine/Common/DerivedDataCache/Buckets/StaticMesh/10/7f/d7073a3e98719cff0f30cbc6324d72eab1e1.udd" 4025
"C:/Users/andrz/AppData/Local/UnrealEngine/Common/DerivedDataCache/Buckets/LegacyDIST/1a/46/55ecb905d34efaeb359c0fc3131cccbe9d3f.udd" 4026
"C:/Users/andrz/AppData/Local/UnrealEngine/Common/DerivedDataCache/Buckets/LegacyCARD/58/09/8c09c546dd971a7a16eb5bb3d820238bc4a2.udd" 4027
"C:/Users/andrz/AppData/Local/UnrealEngine/Common/DerivedDataCache/Buckets/LegacyNavCollision/36/52/087e1cecec79564f212b0d5ef077cf0b9333.udd" 4028
"C:/Users/andrz/AppData/Local/UnrealEngine/Common/DerivedDataCache/Buckets/LegacyDIST/c3/7e/6383bf150b24797372873930f60a65de8912.udd" 4029
"C:/Users/andrz/AppData/Local/UnrealEngine/Common/DerivedDataCache/Buckets/LegacyCARD/32/ef/865d818c1cbcbd8671dbfe2cf8ab8e4f74ea.udd" 4030
"C:/Users/andrz/AppData/Local/UnrealEngine/Common/DerivedDataCache/Buckets/StaticMesh/44/f6/5d0ce5a537e09e8d431b7ea97727afdacbf2.udd" 4031
"C:/Users/andrz/AppData/Local/UnrealEngine/Common/DerivedDataCache/Buckets/LegacyCARD/a0/0c/2485d3e95653391a03458fd58ca5a9f5f4e7.udd" 4032
"C:/Users/andrz/AppData/Local/UnrealEngine/Common/DerivedDataCache/Buckets/LegacyCARD/cd/7a/d61deed2b4d748bcde69c5dab56b41780bf3.udd" 4033
"C:/Users/andrz/AppData/Local/UnrealEngine/Common/DerivedDataCache/Buckets/StaticMesh/28/83/96fedd892194690a5bd511b5eb9693b3ea31.udd" 4034
"C:/Users/andrz/AppData/Local/UnrealEngine/Common/DerivedDataCache/Buckets/StaticMesh/c6/d5/d74a346bd779846ad698630f5f991752bb49.udd" 4035
"C:/Users/andrz/AppData/Local/UnrealEngine/Common/DerivedDataCache/Buckets/StaticMesh/6d/b1/5042fbef79e15403ede352e26cec8cda6364.udd" 4036
"C:/Users/andrz/AppData/Local/UnrealEngine/Common/DerivedDataCache/Buckets/LegacyDIST/c7/64/63862dbf3d8fb201dfdaa5c58b09475ac3b4.udd" 4037
"C:/Users/andrz/AppData/Local/UnrealEngine/Common/DerivedDataCache/Buckets/LegacyNavCollision/8a/54/1884dc93e6b0e9b4e5dedb5409dbb5c597b9.udd" 4038
"C:/Users/andrz/AppData/Local/UnrealEngine/Common/DerivedDataCache/Buckets/StaticMesh/6a/ac/47412cc54d8315acac2d0147f125eba4c2b3.udd" 4039
"C:/Users/andrz/AppData/Local/UnrealEngine/Common/DerivedDataCache/Buckets/StaticMesh/2e/8f/d4dc4e8e2a442e31cd44324695d282f59562.udd" 4040
"C:/Users/andrz/AppData/Local/UnrealEngine/Common/DerivedDataCache/Buckets/LegacyDIST/d3/89/2cefc2d93b342d25a92b095fab81aef625de.udd" 4041
"C:/Users/andrz/AppData/Local/UnrealEngine/Common/DerivedDataCache/Buckets/LegacyDIST/0e/c6/dea2125a43d13c01b1524c2fa0b33219c8e8.udd" 4042
"C:/Users/andrz/AppData/Local/UnrealEngine/Common/DerivedDataCache/Buckets/LegacyCARD/ea/de/68c4c408f8fdd7cbb5443a6687904ee1963f.udd" 4043
"C:/Users/andrz/AppData/Local/UnrealEngine/Common/DerivedDataCache/Buckets/LegacyDIST/04/a9/d0af6d928c622dd7f9c497734bfd55392aa2.udd" 4044
"C:/Users/andrz/AppData/Local/UnrealEngine/Common/DerivedDataCache/Buckets/LegacyCARD/15/e7/01f7ef1cc8c979db0418daaa9adfed1a4f30.udd" 4045
"C:/Users/andrz/AppData/Local/UnrealEngine/Common/DerivedDataCache/Buckets/StaticMesh/2c/b2/9adde59d348715a3e6fdf3d674b024ce254c.udd" 4046
"C:/Users/andrz/AppData/Local/UnrealEngine/Common/DerivedDataCache/Buckets/LegacyDIST/48/b3/74630768b2816dab2055f211e21094717c14.udd" 4047
"C:/Users/andrz/AppData/Local/UnrealEngine/Common/DerivedDataCache/Buckets/LegacyDIST/d6/7d/caa4b1395c22377e2765222deec8f46652c0.udd" 4048
"C:/Users/andrz/AppData/Local/UnrealEngine/Common/DerivedDataCache/Buckets/LegacyCARD/eb/c1/c416f9f73b9ff346b3252257e563d3aaa2bb.udd" 4049
"C:/Users/andrz/AppData/Local/UnrealEngine/Common/DerivedDataCache/Buckets/LegacyCARD/32/bf/36c7c5cf447847f2346084e17b892b8402e9.udd" 4050
"C:/Users/andrz/AppData/Local/UnrealEngine/Common/DerivedDataCache/Buckets/LegacyCARD/f0/70/e876ff0f8b73417e87f1a90b7942f5609dcd.udd" 4051
"C:/Users/andrz/AppData/Local/UnrealEngine/Common/DerivedDataCache/Buckets/StaticMesh/bc/e9/fc40fee84c7336b5ed79c402cbe9987b4359.udd" 4052
"C:/Users/andrz/AppData/Local/UnrealEngine/Common/DerivedDataCache/Buckets/StaticMesh/93/8d/9b8497d43d65009def952137adb0bf169f2a.udd" 4053
"C:/Users/andrz/AppData/Local/UnrealEngine/Common/DerivedDataCache/Buckets/LegacyDIST/8c/f9/3b9f34ca9e985ccdf66c6e2546c556ec3cc2.udd" 4054
"C:/Users/andrz/AppData/Local/UnrealEngine/Common/DerivedDataCache/Buckets/LegacyCARD/55/56/b755c482ad4d508037a34b3a6123ad2c7685.udd" 4055
"C:/Users/andrz/AppData/Local/UnrealEngine/Common/DerivedDataCache/Buckets/LegacyDIST/88/40/963476cacaecdc08626d949ac7a1b6f8abc8.udd" 4056
"C:/Users/andrz/AppData/Local/UnrealEngine/Common/DerivedDataCache/Buckets/LegacyCARD/5d/cb/a6c41bb9834d6111d0d94683434be3f57c6d.udd" 4057
"C:/Users/andrz/AppData/Local/UnrealEngine/Common/DerivedDataCache/Buckets/LegacyNavCollision/7e/c6/f936bea2cfb467234873968ac46b8a8c1f6a.udd" 4058
"C:/Users/andrz/AppData/Local/UnrealEngine/Common/DerivedDataCache/Buckets/StaticMesh/eb/87/aa1f846b0dd4b451da6324e59df6a2605697.udd" 4059
"C:/Users/andrz/AppData/Local/UnrealEngine/Common/DerivedDataCache/Buckets/LegacyDIST/b5/c2/0502b4d69b172ebc7cf600b9e687f06bd494.udd" 4060
"C:/Users/andrz/AppData/Local/UnrealEngine/Common/DerivedDataCache/Buckets/LegacyNavCollision/96/2f/43f5ce1475a4d330b247f9234a8776cbc2fc.udd" 4061
"C:/Users/andrz/AppData/Local/UnrealEngine/Common/DerivedDataCache/Buckets/StaticMesh/4e/ec/5767ec2437f5ce53ff869175264a7fa1f953.udd" 4062
"C:/Users/andrz/AppData/Local/UnrealEngine/Common/DerivedDataCache/Buckets/LegacyCARD/60/c4/c5605004976e71338a60b67107749b141f9a.udd" 4063
"C:/Users/andrz/AppData/Local/UnrealEngine/Common/DerivedDataCache/Buckets/LegacyCARD/29/61/f35318f489a92556f4d2a226cc28e5e17712.udd" 4064
"C:/Users/andrz/AppData/Local/UnrealEngine/Common/DerivedDataCache/Buckets/LegacyNavCollision/fa/18/13073e5a46745739ec69f1ff86533325c5f1.udd" 4065
"C:/Users/andrz/AppData/Local/UnrealEngine/Common/DerivedDataCache/Buckets/LegacyNavCollision/a1/81/d8b47d416774b96f93ec2612377abe884bb7.udd" 4066
"C:/Users/andrz/AppData/Local/UnrealEngine/Common/DerivedDataCache/Buckets/LegacyDIST/9d/a8/d81fc90fe4982fa875bd65c93c0a67b179e5.udd" 4067
"C:/Users/andrz/AppData/Local/UnrealEngine/Common/DerivedDataCache/Buckets/LegacyDIST/4c/c2/d5fe7b2af5cfb6e6f1bd2d1b39158c1b0172.udd" 4068
"C:/Users/andrz/AppData/Local/UnrealEngine/Common/DerivedDataCache/Buckets/LegacyCARD/47/95/ab792bdfd85f549adbc0e0345b66e27abdac.udd" 4069
"C:/Users/andrz/AppData/Local/UnrealEngine/Common/DerivedDataCache/Buckets/StaticMesh/af/b3/bfd4dfd7425f9796609d066b830cec7340fc.udd" 4070
"C:/Users/andrz/AppData/Local/UnrealEngine/Common/DerivedDataCache/Buckets/LegacyCARD/34/11/7198ce028fa059a1ac8cc6958d314288fc26.udd" 4071
"C:/Users/andrz/AppData/Local/UnrealEngine/Common/DerivedDataCache/Buckets/LegacyNavCollision/61/0e/e2bffbfbc017a8b2a39740765a83993e0202.udd" 4072
"C:/Users/andrz/AppData/Local/UnrealEngine/Common/DerivedDataCache/Buckets/StaticMesh/18/21/b74d259c736531f048b34e49b0bd166ce812.udd" 4073
"C:/Users/andrz/AppData/Local/UnrealEngine/Common/DerivedDataCache/Buckets/StaticMesh/e1/9d/3e368666529d315e13f04784b264d733a209.udd" 4074
"C:/Users/andrz/AppData/Local/UnrealEngine/Common/DerivedDataCache/Buckets/LegacyCARD/fd/08/b311202a185b3c171ca46e8519a6f99c5aec.udd" 4075
"C:/Users/andrz/AppData/Local/UnrealEngine/Common/DerivedDataCache/Buckets/StaticMesh/b8/a5/4dc09a4192f2b66d9cf195caf4bf4dc91e71.udd" 4076
"C:/Users/andrz/AppData/Local/UnrealEngine/Common/DerivedDataCache/Buckets/LegacyDIST/4a/f9/1af2cb91f7a711ae7120c4404f4241e367aa.udd" 4077
"C:/Users/andrz/AppData/Local/UnrealEngine/Common/DerivedDataCache/Buckets/LegacyDIST/ee/38/579b8050dfff967341dc0d9ea13768c0d8eb.udd" 4078
"C:/Users/andrz/AppData/Local/UnrealEngine/Common/DerivedDataCache/Buckets/LegacyNavCollision/9e/38/fdfedfdf2619ee610c253f6497035ab85a9e.udd" 4079
"C:/Users/andrz/AppData/Local/UnrealEngine/Common/DerivedDataCache/Buckets/LegacyDIST/c1/9d/7afdf1b6ce964f222dc61a2ecf1b32ec3274.udd" 4080
"C:/Users/andrz/AppData/Local/UnrealEngine/Common/DerivedDataCache/Buckets/LegacyDIST/32/9f/913b6fc5bd2ab0ab1fdb4cd566550a1857e1.udd" 4081
"C:/Users/andrz/AppData/Local/UnrealEngine/Common/DerivedDataCache/Buckets/StaticMesh/2f/42/68f16ff4d41aa544688319f90bdbda6aac86.udd" 4082
"C:/Users/andrz/AppData/Local/UnrealEngine/Common/DerivedDataCache/Buckets/LegacyCARD/7a/6a/b5773b28021690dab36d837669c4188e9f60.udd" 4083
"C:/Users/andrz/AppData/Local/UnrealEngine/Common/DerivedDataCache/Buckets/LegacyCARD/e3/95/023edb0cabab466b78dab51d97dbe116e8a7.udd" 4084
"C:/Users/andrz/AppData/Local/UnrealEngine/Common/DerivedDataCache/Buckets/LegacyCARD/b2/ea/39d6a64c05d90e08ef47d7f4fb2fe47a72e5.udd" 4085
"C:/Users/andrz/AppData/Local/UnrealEngine/Common/DerivedDataCache/Buckets/LegacyCARD/bd/1f/3e6e9ebf47d5d564048a3fe0b9f7fd650868.udd" 4086
"C:/Users/andrz/AppData/Local/UnrealEngine/Common/DerivedDataCache/Buckets/LegacyDIST/44/f2/0098220d56c10fd10164d9f43aeadd88584b.udd" 4087
"C:/Users/andrz/AppData/Local/UnrealEngine/Common/DerivedDataCache/Buckets/LegacyNavCollision/c4/f6/61eeb299158aa56d7291d249afd60c518ccc.udd" 4088
"C:/Users/andrz/AppData/Local/UnrealEngine/Common/DerivedDataCache/Buckets/LegacyCARD/d0/a1/ed22ac301b1e1b51441e4192b8bd2a0a54a9.udd" 4089
"C:/Users/andrz/AppData/Local/UnrealEngine/Common/DerivedDataCache/Buckets/LegacyNavCollision/e0/ac/9b1060d65d05b0f248365a27ec1f89a237af.udd" 4090
"C:/Users/andrz/AppData/Local/UnrealEngine/Common/DerivedDataCache/Buckets/StaticMesh/4b/46/9d2b3b8e44867c87732b205fcda26b9965c9.udd" 4091
"F:/DANE/Project_2024/Content/Maps/_GENERATED/GlitchedGuest/Combined_D3C82651.uasset" 4092
"F:/DANE/Project_2024/Content/FPWeapon/Mesh/SK_FPGun_PhysicsAsset.uasset" 4093
"F:/DANE/Project_2024/Content/FPWeapon/Materials/MaterialLayers/T_ML_FineRubber.uasset" 4094
"F:/DANE/Project_2024/Content/FPWeapon/Audio/FirstPersonTemplateWeaponFire02.uasset" 4095
"F:/DANE/Project_2024/Content/FirstPerson/Maps/FirstPersonMap_BuiltData.uasset" 4096
"C:/Users/andrz/AppData/Local/UnrealEngine/Common/DerivedDataCache/Buckets/StaticMesh/d4/e0/208ed9679a26facbb99480b2e940d09f2f79.udd" 4097
"C:/Users/andrz/AppData/Local/UnrealEngine/Common/DerivedDataCache/Buckets/StaticMesh/bd/c0/732dfb57421cefa18e29ad317aca71d659d1.udd" 4098
"C:/Users/andrz/AppData/Local/UnrealEngine/Common/DerivedDataCache/Buckets/LegacyNavCollision/3a/1a/0deb09ea7d163cbcf136db0d384abb8c12a0.udd" 4099
"C:/Users/andrz/AppData/Local/UnrealEngine/Common/DerivedDataCache/Buckets/LegacyDIST/d3/dd/c2f2c11bc2dbcff7200ee584ce8fd923d62b.udd" 4100
"C:/Users/andrz/AppData/Local/UnrealEngine/Common/DerivedDataCache/Buckets/LegacyDIST/f1/cd/16f0041d113a9d93a56be36062a2f26fdc06.udd" 4101
"C:/Users/andrz/AppData/Local/UnrealEngine/Common/DerivedDataCache/Buckets/StaticMesh/46/97/973b62dbbe93d734ee0351db6266208edfc4.udd" 4102
"C:/Users/andrz/AppData/Local/UnrealEngine/Common/DerivedDataCache/Buckets/StaticMesh/70/25/482a2d152c0e713f1993760416ab118ceb54.udd" 4103
"C:/Users/andrz/AppData/Local/UnrealEngine/Common/DerivedDataCache/Buckets/LegacyDIST/90/0c/6c3e2d9b1c02e83ae071c8d97832c5c60035.udd" 4104
"C:/Users/andrz/AppData/Local/UnrealEngine/Common/DerivedDataCache/Buckets/LegacyCARD/27/3f/277ed172e2dab25e96c5be246b00c1c177c1.udd" 4105
"C:/Users/andrz/AppData/Local/UnrealEngine/Common/DerivedDataCache/Buckets/LegacyDIST/8a/e8/70a1b5ea62c6d2aa2b88633fcb1c7ab02a0e.udd" 4106
"C:/Users/andrz/AppData/Local/UnrealEngine/Common/DerivedDataCache/Buckets/LegacyDIST/af/56/4109c2c0f77046097d587d7f54e04f006ac7.udd" 4107
"C:/Users/andrz/AppData/Local/UnrealEngine/Common/DerivedDataCache/Buckets/LegacyCARD/bc/76/07d3582af58cb35b16f44f9fae9517d703e6.udd" 4108
"C:/Users/andrz/AppData/Local/UnrealEngine/Common/DerivedDataCache/Buckets/LegacyCARD/b2/40/e21fe770e4db698256d6f5804dbf5e7f072a.udd" 4109
"C:/Users/andrz/AppData/Local/UnrealEngine/Common/DerivedDataCache/Buckets/LegacyCARD/77/78/ad901752387de2f86430ffbe9b56c2e6bba6.udd" 4110
"C:/Users/andrz/AppData/Local/UnrealEngine/Common/DerivedDataCache/Buckets/LegacyNavCollision/a4/50/5c0c2e75bba2b827628bb143050b58a74fff.udd" 4111
"C:/Users/andrz/AppData/Local/UnrealEngine/Common/DerivedDataCache/Buckets/LegacyCARD/53/b2/8da37f47b16f1e60362cc0bceb3d9b5e5d20.udd" 4112
"C:/Users/andrz/AppData/Local/UnrealEngine/Common/DerivedDataCache/Buckets/StaticMesh/6a/3b/105263185f2d7db27afd3678504f1979d84f.udd" 4113
"C:/Users/andrz/AppData/Local/UnrealEngine/Common/DerivedDataCache/Buckets/StaticMesh/c3/8c/9249a5782f93875f57d1279eefe864f5a21e.udd" 4114
"C:/Users/andrz/AppData/Local/UnrealEngine/Common/DerivedDataCache/Buckets/StaticMesh/a9/3d/b0dcd9ede6b9263e7420f016a32f6c1b6993.udd" 4115
"C:/Users/andrz/AppData/Local/UnrealEngine/Common/DerivedDataCache/Buckets/LegacyDIST/6f/27/e6f812672b1c96a5b288778a571d118ffdfc.udd" 4116
"C:/Users/andrz/AppData/Local/UnrealEngine/Common/DerivedDataCache/Buckets/StaticMesh/ea/79/34c881254dd46cc3264344cb180b31d4737d.udd" 4117
"C:/Users/andrz/AppData/Local/UnrealEngine/Common/DerivedDataCache/Buckets/LegacyNavCollision/f0/b1/0a0dfc6374e40ec40955ba2513254cd8f6e0.udd" 4118
"C:/Users/andrz/AppData/Local/UnrealEngine/Common/DerivedDataCache/Buckets/StaticMesh/47/fd/950cfdcd47fd9f2cc713ff0c5297d39e40ce.udd" 4119
"C:/Users/andrz/AppData/Local/UnrealEngine/Common/DerivedDataCache/Buckets/LegacyDIST/85/2c/24b15382310b03b437500bed55b8e014fab8.udd" 4120
"C:/Users/andrz/AppData/Local/UnrealEngine/Common/DerivedDataCache/Buckets/LegacyDIST/25/d6/23ff0afd8130e037a17b3b98bfee706fb5ff.udd" 4121
"C:/Users/andrz/AppData/Local/UnrealEngine/Common/DerivedDataCache/Buckets/LegacyDIST/bb/92/06f99df7c687fcf50fab1d759e61fafa2f1f.udd" 4122
"C:/Users/andrz/AppData/Local/UnrealEngine/Common/DerivedDataCache/Buckets/LegacyCARD/64/f0/dd4553af497afb51632f9dd8c25a30a0df8d.udd" 4123
"C:/Users/andrz/AppData/Local/UnrealEngine/Common/DerivedDataCache/Buckets/LegacyDIST/94/25/d309d541b505d30b96fdb1333f343281c552.udd" 4124
"C:/Users/andrz/AppData/Local/UnrealEngine/Common/DerivedDataCache/Buckets/StaticMesh/82/79/c5764bc1797c0de51ebc473e80df55f0e44e.udd" 4125
"C:/Users/andrz/AppData/Local/UnrealEngine/Common/DerivedDataCache/Buckets/LegacyCARD/e2/d3/44b0a64e91fe609f8f6389755b447ec3009a.udd" 4126
"C:/Users/andrz/AppData/Local/UnrealEngine/Common/DerivedDataCache/Buckets/LegacyCARD/67/9b/5c42971150b7c6961d1e50fb46bd6b8fa469.udd" 4127
"C:/Users/andrz/AppData/Local/UnrealEngine/Common/DerivedDataCache/Buckets/StaticMesh/ea/2c/ae3c53b130526509c62df9e1a04b1bcc412f.udd" 4128
"C:/Users/andrz/AppData/Local/UnrealEngine/Common/DerivedDataCache/Buckets/StaticMesh/a9/67/258d076536a60f16cd93738d25bbb1b55f57.udd" 4129
"C:/Users/andrz/AppData/Local/UnrealEngine/Common/DerivedDataCache/Buckets/StaticMesh/cb/62/6b7208003f876a46c4936585ad31091db0be.udd" 4130
"C:/Users/andrz/AppData/Local/UnrealEngine/Common/DerivedDataCache/Buckets/LegacyNavCollision/8a/db/c060a8cc82d0c4f9dec03416b25f87064776.udd" 4131
"C:/Users/andrz/AppData/Local/UnrealEngine/Common/DerivedDataCache/Buckets/LegacyDIST/d7/ec/bba86a8ad5fe79cbb985d2be56f6b1f68cbd.udd" 4132
"C:/Users/andrz/AppData/Local/UnrealEngine/Common/DerivedDataCache/Buckets/LegacyCARD/e6/82/00e63ef60e8ad9dab0a022ed1226d6b2e749.udd" 4133
"C:/Users/andrz/AppData/Local/UnrealEngine/Common/DerivedDataCache/Buckets/LegacyDIST/f7/6b/4928f8ef8f63631434e18e9c1c7d6bc784f3.udd" 4134
"C:/Users/andrz/AppData/Local/UnrealEngine/Common/DerivedDataCache/Buckets/LegacyDIST/33/64/d6d62dd2b80e22506d771b25f41a44fea9f5.udd" 4135
"C:/Users/andrz/AppData/Local/UnrealEngine/Common/DerivedDataCache/Buckets/LegacyCARD/7e/85/b7aa72f201561da95afdf747c1f28f2fcf80.udd" 4136
"C:/Users/andrz/AppData/Local/UnrealEngine/Common/DerivedDataCache/Buckets/LegacyNavCollision/b8/7c/66c4b96390727e27ee668c20a0f117e0863a.udd" 4137
"C:/Users/andrz/AppData/Local/UnrealEngine/Common/DerivedDataCache/Buckets/LegacyDIST/39/c9/07b7067dffaacd5124b08de8256ff9f45eb2.udd" 4138
"C:/Users/andrz/AppData/Local/UnrealEngine/Common/DerivedDataCache/Buckets/LegacyCARD/1b/55/a33ed82ca3b65d9fbfa02e699f154102d994.udd" 4139
"C:/Users/andrz/AppData/Local/UnrealEngine/Common/DerivedDataCache/Buckets/StaticMesh/db/a1/0c010996831891a8b69c084edddf5f2ce773.udd" 4140
"C:/Users/andrz/AppData/Local/UnrealEngine/Common/DerivedDataCache/Buckets/LegacyNavCollision/1a/51/0995a559f7c91124cf865d57bf23f421a245.udd" 4141
"C:/Users/andrz/AppData/Local/UnrealEngine/Common/DerivedDataCache/Buckets/LegacyCARD/e7/1e/315b6dab4e06f4d664078988c5fd31dc30ba.udd" 4142
"C:/Users/andrz/AppData/Local/UnrealEngine/Common/DerivedDataCache/Buckets/StaticMesh/b6/28/2ddb4db2c74417c465047a1c756d1bd04b24.udd" 4143
"C:/Users/andrz/AppData/Local/UnrealEngine/Common/DerivedDataCache/Buckets/LegacyDIST/ae/6c/b63cbac2ab426e0ef99e92837691a74056c7.udd" 4144
"C:/Users/andrz/AppData/Local/UnrealEngine/Common/DerivedDataCache/Buckets/StaticMesh/6a/e3/e29b19127b03eb082a8d31fa1708b4b99df6.udd" 4145
"C:/Users/andrz/AppData/Local/UnrealEngine/Common/DerivedDataCache/Buckets/LegacyCARD/4d/1d/c357b862da8c92d16894122d59073583f39e.udd" 4146
"C:/Users/andrz/AppData/Local/UnrealEngine/Common/DerivedDataCache/Buckets/StaticMesh/9f/98/555bc4e91aa208c7622753c5ded9736f4533.udd" 4147
"C:/Users/andrz/AppData/Local/UnrealEngine/Common/DerivedDataCache/Buckets/LegacyNavCollision/b0/61/4ecf9934038de729d1669723cdcfb7567c35.udd" 4148
"C:/Users/andrz/AppData/Local/UnrealEngine/Common/DerivedDataCache/Buckets/LegacyDIST/91/c8/9d78decb66081311d6c579bf5450be201981.udd" 4149
"C:/Users/andrz/AppData/Local/UnrealEngine/Common/DerivedDataCache/Buckets/StaticMesh/b8/c9/3196a94f06f3f902498d8b80b900cbea81bb.udd" 4150
"C:/Users/andrz/AppData/Local/UnrealEngine/Common/DerivedDataCache/Buckets/LegacyDIST/47/92/c35daa93733f10fddcfef6d29406b335c27f.udd" 4151
"C:/Users/andrz/AppData/Local/UnrealEngine/Common/DerivedDataCache/Buckets/StaticMesh/0e/58/c1187d92b056022f21da8790bdc47a994220.udd" 4152
"C:/Users/andrz/AppData/Local/UnrealEngine/Common/DerivedDataCache/Buckets/LegacyDIST/4b/94/81d019a8f6b30b8bf46e04889ac4fa1cbc61.udd" 4153
"C:/Users/andrz/AppData/Local/UnrealEngine/Common/DerivedDataCache/Buckets/StaticMesh/53/b8/a253bd2848a8fe43ed5e4ea529942bc97359.udd" 4154
"C:/Users/andrz/AppData/Local/UnrealEngine/Common/DerivedDataCache/Buckets/StaticMesh/13/1d/61b0553fa67394c311aa842bdcac21bc2364.udd" 4155
"C:/Users/andrz/AppData/Local/UnrealEngine/Common/DerivedDataCache/Buckets/StaticMesh/b1/09/3d64271b98a84024b61f8cada14c73ed42a0.udd" 4156
"C:/Users/andrz/AppData/Local/UnrealEngine/Common/DerivedDataCache/Buckets/LegacyDIST/f6/59/c79a5ae14006c4e29ce5593a0253699df8af.udd" 4157
"C:/Users/andrz/AppData/Local/UnrealEngine/Common/DerivedDataCache/Buckets/LegacyCARD/96/01/a59c97d4287b37a4dc7cbb70cc2357bfbb25.udd" 4158
"C:/Users/andrz/AppData/Local/UnrealEngine/Common/DerivedDataCache/Buckets/LegacyCARD/61/6f/244759937d62048118f74fc5f0a80b301224.udd" 4159
"C:/Users/andrz/AppData/Local/UnrealEngine/Common/DerivedDataCache/Buckets/LegacyCARD/88/ff/47582b0ae7816afbdcf0bcdb66a59c826220.udd" 4160
"C:/Users/andrz/AppData/Local/UnrealEngine/Common/DerivedDataCache/Buckets/LegacyDIST/82/4b/1a1d6f10b30740dbada98fb964f936768b60.udd" 4161
"C:/Users/andrz/AppData/Local/UnrealEngine/Common/DerivedDataCache/Buckets/LegacyCARD/d7/c8/80db3d9d4a066c15822774970bf03c22905e.udd" 4162
"C:/Users/andrz/AppData/Local/UnrealEngine/Common/DerivedDataCache/Buckets/LegacyCARD/5d/5c/522a1d7498e92816c98e9100dea5d37bdcd7.udd" 4163
"C:/Users/andrz/AppData/Local/UnrealEngine/Common/DerivedDataCache/Buckets/LegacyDIST/c2/5d/05849ddfa9e6af12ba80fa32d8bee5e2db53.udd" 4164
"C:/Users/andrz/AppData/Local/UnrealEngine/Common/DerivedDataCache/Buckets/LegacyDIST/3c/90/64aa074f19961af5b68933c486f2b5c98b06.udd" 4165
"C:/Users/andrz/AppData/Local/UnrealEngine/Common/DerivedDataCache/Buckets/LegacyDIST/a4/34/d9f0d083633acef1bfb2f6e9cf5203275022.udd" 4166
"C:/Users/andrz/AppData/Local/UnrealEngine/Common/DerivedDataCache/Buckets/StaticMesh/cf/77/33986918f981cd3635d989726eb30400b045.udd" 4167
"C:/Users/andrz/AppData/Local/UnrealEngine/Common/DerivedDataCache/Buckets/StaticMesh/fb/76/35c9026745d4872b0787a337d898e2254c51.udd" 4168
"C:/Users/andrz/AppData/Local/UnrealEngine/Common/DerivedDataCache/Buckets/LegacyCARD/a0/7c/d11e5d455fff0dd29363411d18faf5178038.udd" 4169
"C:/Users/andrz/AppData/Local/UnrealEngine/Common/DerivedDataCache/Buckets/StaticMesh/0c/8e/e1c8adaaac4a3846f844a9096394267190b4.udd" 4170
"C:/Users/andrz/AppData/Local/UnrealEngine/Common/DerivedDataCache/Buckets/LegacyCARD/fa/fe/cf7a92b867ca1db77a3efb24324123c0a551.udd" 4171
"C:/Users/andrz/AppData/Local/UnrealEngine/Common/DerivedDataCache/Buckets/LegacyNavCollision/13/7d/c84473d338154bf76a198075664c235c2c7e.udd" 4172
"C:/Users/andrz/AppData/Local/UnrealEngine/Common/DerivedDataCache/Buckets/LegacyDIST/87/b1/19d420516606af2aa5874a958ea796c67b72.udd" 4173
"C:/Users/andrz/AppData/Local/UnrealEngine/Common/DerivedDataCache/Buckets/LegacyDIST/0e/a3/ae24b5aaaada3db9a4b891c81a8e4fc745fe.udd" 4174
"C:/Users/andrz/AppData/Local/UnrealEngine/Common/DerivedDataCache/Buckets/LegacyCARD/9a/d6/7d01c34d124017d7a7b3d717ff25a8b86008.udd" 4175
"C:/Users/andrz/AppData/Local/UnrealEngine/Common/DerivedDataCache/Buckets/StaticMesh/5b/8b/b265991d724eb8fc8940d2a093ffe7f6126f.udd" 4176
"C:/Users/andrz/AppData/Local/UnrealEngine/Common/DerivedDataCache/Buckets/LegacyCARD/11/28/0555752984dfb24bdf57feaf849336f19577.udd" 4177
"C:/Users/andrz/AppData/Local/UnrealEngine/Common/DerivedDataCache/Buckets/LegacyDIST/51/5f/4dc7aa602b167907ddf9c7990684c47de2d8.udd" 4178
"C:/Users/andrz/AppData/Local/UnrealEngine/Common/DerivedDataCache/Buckets/StaticMesh/57/fd/ce595ae982e8848b7603faf098488d646f2b.udd" 4179
"C:/Users/andrz/AppData/Local/UnrealEngine/Common/DerivedDataCache/Buckets/LegacyCARD/43/e4/0459fd5518bff87ddce942d0ebf5d6346a31.udd" 4180
"C:/Users/andrz/AppData/Local/UnrealEngine/Common/DerivedDataCache/Buckets/StaticMesh/e9/5b/935975b641335d5842a27ce8ef421a97114e.udd" 4181
"C:/Users/andrz/AppData/Local/UnrealEngine/Common/DerivedDataCache/Buckets/LegacyCARD/45/ed/08ba7ad0af790b98502bd4c4b639d010a6a9.udd" 4182
"C:/Users/andrz/AppData/Local/UnrealEngine/Common/DerivedDataCache/Buckets/LegacyNavCollision/bd/29/4df7d8e236aef43861afb06617d683ca1b90.udd" 4183
"C:/Users/andrz/AppData/Local/UnrealEngine/Common/DerivedDataCache/Buckets/LegacyDIST/6c/23/c7ca24109d70205ddd233e3918316612a2c1.udd" 4184
"C:/Users/andrz/AppData/Local/UnrealEngine/Common/DerivedDataCache/Buckets/LegacyNavCollision/90/08/58808555c6dea58b6fe1942661df584a8363.udd" 4185
"C:/Users/andrz/AppData/Local/UnrealEngine/Common/DerivedDataCache/Buckets/LegacyDIST/3e/f2/951405dcf5d13f0a1250b293c9601f4bb4a0.udd" 4186
"C:/Users/andrz/AppData/Local/UnrealEngine/Common/DerivedDataCache/Buckets/LegacyCARD/7e/8f/6304b0e2a11388ca59bcc8f8d2022c018f13.udd" 4187
"C:/Users/andrz/AppData/Local/UnrealEngine/Common/DerivedDataCache/Buckets/StaticMesh/56/44/67720b800a66ce57a377652fa379aa673fb9.udd" 4188
"C:/Users/andrz/AppData/Local/UnrealEngine/Common/DerivedDataCache/Buckets/StaticMesh/86/37/03065a24600ac618cc170d9d816beb8ebfe2.udd" 4189
"C:/Users/andrz/AppData/Local/UnrealEngine/Common/DerivedDataCache/Buckets/LegacyCARD/6e/18/2879ebd08d331612a7cbdae6aed8f001087e.udd" 4190
"C:/Users/andrz/AppData/Local/UnrealEngine/Common/DerivedDataCache/Buckets/LegacyCARD/f9/92/b4b2dcb3729cb899faca75921d8561df105d.udd" 4191
"C:/Users/andrz/AppData/Local/UnrealEngine/Common/DerivedDataCache/Buckets/LegacyNavCollision/60/a3/3f325320cb8fe52fb95ca95e1fd054dda5c9.udd" 4192
"C:/Users/andrz/AppData/Local/UnrealEngine/Common/DerivedDataCache/Buckets/StaticMesh/6b/ae/514f0cfdef9bbffecd59c739b3512b5e97ef.udd" 4193
"C:/Users/andrz/AppData/Local/UnrealEngine/Common/DerivedDataCache/Buckets/LegacyNavCollision/26/a8/e9c24a2c56b294ce652f41973cc86bd10785.udd" 4194
"C:/Users/andrz/AppData/Local/UnrealEngine/Common/DerivedDataCache/Buckets/LegacyDIST/cd/4b/587f3d585252d513740b87161e79ecec6712.udd" 4195
"C:/Users/andrz/AppData/Local/UnrealEngine/Common/DerivedDataCache/Buckets/LegacyCARD/7f/20/57936d41ef3942f36af822011e6ce8d7b516.udd" 4196
"C:/Users/andrz/AppData/Local/UnrealEngine/Common/DerivedDataCache/Buckets/LegacyDIST/d4/58/d4c7bfba9fba4ec6a829ac58b022a7072e56.udd" 4197
"C:/Users/andrz/AppData/Local/UnrealEngine/Common/DerivedDataCache/Buckets/LegacyDIST/2a/42/6464cc20716de550f4f99043be8fbaa9bf51.udd" 4198
"C:/Users/andrz/AppData/Local/UnrealEngine/Common/DerivedDataCache/Buckets/LegacyNavCollision/3d/47/d8c0ca47c47befb90706e7fe14f49dcb22c6.udd" 4199
"C:/Users/andrz/AppData/Local/UnrealEngine/Common/DerivedDataCache/Buckets/StaticMesh/91/8c/b8d1b13a86458801f989ae478699b2e42ad8.udd" 4200
"C:/Users/andrz/AppData/Local/UnrealEngine/Common/DerivedDataCache/Buckets/LegacyDIST/65/ae/1cc648cbfae5ce96f4fa9f6148eccd27e5b8.udd" 4201
"C:/Users/andrz/AppData/Local/UnrealEngine/Common/DerivedDataCache/Buckets/LegacyNavCollision/60/6e/9baa74096b630f8a4a3d54acc0169b2dac64.udd" 4202
"C:/Users/andrz/AppData/Local/UnrealEngine/Common/DerivedDataCache/Buckets/LegacyCARD/8d/ed/33a3ef77ccf385efdc95b4869e5563d5da77.udd" 4203
"C:/Users/andrz/AppData/Local/UnrealEngine/Common/DerivedDataCache/Buckets/LegacyDIST/d6/84/b7d081edabe23358a01b62bd12fa74641e4f.udd" 4204
"C:/Users/andrz/AppData/Local/UnrealEngine/Common/DerivedDataCache/Buckets/StaticMesh/4d/a9/6507fabcb733d4a100c949560153431d3ab3.udd" 4205
"C:/Users/andrz/AppData/Local/UnrealEngine/Common/DerivedDataCache/Buckets/LegacyCARD/0c/c8/c4e7f283ff7b990fe13ce325e0abc2f5d2ec.udd" 4206
"C:/Users/andrz/AppData/Local/UnrealEngine/Common/DerivedDataCache/Buckets/StaticMesh/cc/ff/61933026a35103578c87566cf5355bb33269.udd" 4207
"C:/Users/andrz/AppData/Local/UnrealEngine/Common/DerivedDataCache/Buckets/LegacyNavCollision/c9/34/01f193e936f019ec7761c0f1f30829661346.udd" 4208
"C:/Users/andrz/AppData/Local/UnrealEngine/Common/DerivedDataCache/Buckets/LegacyCARD/53/fd/564ff483755eec96f2c7c99b6aef31309ed7.udd" 4209
"C:/Users/andrz/AppData/Local/UnrealEngine/Common/DerivedDataCache/Buckets/LegacyCARD/47/7e/dec9bd7165eef6cc5828be54dc8ed0c355f2.udd" 4210
"C:/Users/andrz/AppData/Local/UnrealEngine/Common/DerivedDataCache/Buckets/LegacyDIST/72/dd/e91b713daa6ae8a653b66fb5ed0037d186b0.udd" 4211
"C:/Users/andrz/AppData/Local/UnrealEngine/Common/DerivedDataCache/Buckets/StaticMesh/5e/bc/98709fe270012051a7d096beeb479eb4635a.udd" 4212
"C:/Users/andrz/AppData/Local/UnrealEngine/Common/DerivedDataCache/Buckets/StaticMesh/36/0a/6775d3b3927ed127f622534962089b7e73a3.udd" 4213
"C:/Users/andrz/AppData/Local/UnrealEngine/Common/DerivedDataCache/Buckets/LegacyDIST/7c/e6/3b993c207e395f0c5d3a99c471f0278f510f.udd" 4214
"C:/Users/andrz/AppData/Local/UnrealEngine/Common/DerivedDataCache/Buckets/LegacyNavCollision/e0/41/0db73661d98d051a321cc133da3deecaa33d.udd" 4215
"C:/Users/andrz/AppData/Local/UnrealEngine/Common/DerivedDataCache/Buckets/StaticMesh/89/69/b9a9684b05b545ffe2fb1d5f218994f27086.udd" 4216
"C:/Users/andrz/AppData/Local/UnrealEngine/Common/DerivedDataCache/Buckets/LegacyCARD/c5/52/3c854aa511f7510c828658634ed92cbb1b75.udd" 4217
"C:/Users/andrz/AppData/Local/UnrealEngine/Common/DerivedDataCache/Buckets/LegacyCARD/61/41/a056af6e9705f1b846bfd71475b8e36a1a72.udd" 4218
"C:/Users/andrz/AppData/Local/UnrealEngine/Common/DerivedDataCache/Buckets/LegacyDIST/53/c0/4aff2819fb5fbe3b3de95fa222d48b178532.udd" 4219
"C:/Users/andrz/AppData/Local/UnrealEngine/Common/DerivedDataCache/Buckets/LegacyNavCollision/06/91/14f38481a6ae87c47678c159dd3f4b6b61f3.udd" 4220
"C:/Users/andrz/AppData/Local/UnrealEngine/Common/DerivedDataCache/Buckets/LegacyDIST/47/eb/1531802bd1b1e7a5a0f45ce459491f6b1c71.udd" 4221
"C:/Users/andrz/AppData/Local/UnrealEngine/Common/DerivedDataCache/Buckets/LegacyDIST/51/4f/931507e3c135a4839f58a52121d4a1f03eb2.udd" 4222
"C:/Users/andrz/AppData/Local/UnrealEngine/Common/DerivedDataCache/Buckets/LegacyCARD/38/0e/fc459ddc57668935f824ce5da543da35fd90.udd" 4223
"C:/Users/andrz/AppData/Local/UnrealEngine/Common/DerivedDataCache/Buckets/LegacyCARD/fa/9d/a6edb48e8ca0c782159daa6f2f32059ba7a0.udd" 4224
"C:/Users/andrz/AppData/Local/UnrealEngine/Common/DerivedDataCache/Buckets/LegacyCARD/e1/33/97f4e1e0e7fec9a5ea7692787aeb1c8be061.udd" 4225
"C:/Users/andrz/AppData/Local/UnrealEngine/Common/DerivedDataCache/Buckets/LegacyCARD/3d/73/f937158b58f7e48a07ff3f6ebf9c125aa1be.udd" 4226
"C:/Users/andrz/AppData/Local/UnrealEngine/Common/DerivedDataCache/Buckets/BulkDataList/06/bf/dd564c655b21a11c54d1bc4ebbdc48a151eb.udd" 4227
"C:/Users/andrz/AppData/Local/UnrealEngine/Common/DerivedDataCache/Buckets/BulkDataList/d3/e7/e371e68beeef18637fecca8bb296efca56be.udd" 4228
"C:/Users/andrz/AppData/Local/UnrealEngine/Common/DerivedDataCache/Buckets/StaticMesh/fb/03/0a21e078855d8298273eb0361dc59bb77730.udd" 4229
"F:/DANE/Project_2024/Content/Blueprints/BP_RoomCamera.uasset" 4230
"F:/DANE/Project_2024/Content/Blueprints/MainMenuBase.uasset" 4231
"../../../Engine/Content/EngineMaterials/DefaultCalibrationColor.uasset" 4232
"../../../Engine/Content/EditorMaterials/PreviewShadowIndicator.uasset" 4233
"../../../Engine/Content/MobileResources/HUD/VirtualJoystick_Thumb.uasset" 4234
"../../../Engine/Content/Maps/Entry_BuiltData.uasset" 4235
"../../../Engine/Content/EngineSounds/Submixes/MasterEQEffectPreset.uasset" 4236
"../../../Engine/Content/EngineMaterials/DefaultCalibrationGrayscale.uasset" 4237
"../../../Engine/Content/EngineSky/M_SimpleSkyDome.uasset" 4238
"../../../Engine/Content/EngineSounds/Submixes/MasterReverbEffectPreset.uasset" 4239
"../../../Engine/Content/MobileResources/HUD/VirtualJoystick_Background.uasset" 4240
"../../../Engine/Content/MapTemplates/Sky/DaylightAmbientCubemap.uasset" 4241
"../../../Engine/Content/Functions/Engine_MaterialFunctions01/Opacity/AlphaOffset.uasset" 4242
"../../../Engine/Content/Functions/Engine_MaterialFunctions03/Procedurals/ComputeFilterWidth.uasset" 4243
"../../../Engine/Content/EditorMeshes/ColorCalibrator/T_ColorGrid.uasset" 4244
"../../../Engine/Content/Functions/Engine_MaterialFunctions01/Gradient/RadialGradient.uasset" 4245
"../../../Engine/Content/EditorMeshes/ColorCalibrator/M_ClearCoat.uasset" 4246
"../../../Engine/Content/EditorMeshes/ColorCalibrator/M_ClearCoatBlack.uasset" 4247
"../../../Engine/Content/EditorMeshes/ColorCalibrator/M_ChromeBall.uasset" 4248
"../../../Engine/Content/EngineSky/T_Sky_Blue.uasset" 4249
"../../../Engine/Content/EngineSky/T_Sky_Clouds_M.uasset" 4250
"../../../Engine/Content/EngineSky/T_Sky_Stars.uasset" 4251
"../../../Engine/Content/EditorMeshes/ColorCalibrator/M_GreyBall.uasset" 4252
"C:/Users/andrz/AppData/Local/UnrealEngine/Common/DerivedDataCache/Buckets/StaticMesh/1c/0e/a0c732e9b41f8601480b92be23438b176500.udd" 4253
"C:/Users/andrz/AppData/Local/UnrealEngine/Common/DerivedDataCache/Buckets/LegacyNavCollision/d3/b4/47d0be4f4a9a11a92ad54ff8ed9f4150594c.udd" 4254
"C:/Users/andrz/AppData/Local/UnrealEngine/Common/DerivedDataCache/Buckets/LegacyDIST/4b/84/803c1ac263ffda74f90bc53c065b2a00dc11.udd" 4255
"C:/Users/andrz/AppData/Local/UnrealEngine/Common/DerivedDataCache/Buckets/BulkDataPayloadId/5b/de/08d5c12b06c9fda1618b592718bdd06133fd.udd" 4256
"C:/Users/andrz/AppData/Local/UnrealEngine/Common/DerivedDataCache/Buckets/LegacyNavCollision/43/4c/46769507e80e94aaebc29683b4f8ee719f9b.udd" 4257
"C:/Users/andrz/AppData/Local/UnrealEngine/Common/DerivedDataCache/Buckets/LegacyNavCollision/87/5b/7ca6047325a5b6e6a2751c745738039fd71e.udd" 4258
"C:/Users/andrz/AppData/Local/UnrealEngine/Common/DerivedDataCache/Buckets/BulkDataList/d7/26/44ef29fa3e5c8a7a7cfe86f6e0cf9dad1621.udd" 4259
"C:/Users/andrz/AppData/Local/UnrealEngine/Common/DerivedDataCache/Buckets/LegacyDIST/83/6e/f44ccc495e8498c32464b0466a8e34d32592.udd" 4260
"C:/Users/andrz/AppData/Local/UnrealEngine/Common/DerivedDataCache/Buckets/BulkDataPayloadId/60/0a/c89d94a758255b56e7584f0e3ead82e90f03.udd" 4261
"C:/Users/andrz/AppData/Local/UnrealEngine/Common/DerivedDataCache/Buckets/LegacyCARD/69/7d/d8a391a54d2e965d9d4732cf2bdef62f2980.udd" 4262
"C:/Users/andrz/AppData/Local/UnrealEngine/Common/DerivedDataCache/Buckets/LegacyNavCollision/42/ed/7ea190fd48d312745a0b4c7474694cdecc9e.udd" 4263
"C:/Users/andrz/AppData/Local/UnrealEngine/Common/DerivedDataCache/Buckets/LegacyCARD/02/43/54442b477a9c47c633da1fc6f88b9fc7e4c7.udd" 4264
"C:/Users/andrz/AppData/Local/UnrealEngine/Common/DerivedDataCache/Buckets/LegacyNavCollision/cb/a3/3e3a35f89f93ea3087b2285e79007a711c02.udd" 4265
"C:/Users/andrz/AppData/Local/UnrealEngine/Common/DerivedDataCache/Buckets/BulkDataList/02/93/8b007174e14f77d41c5d9429c67e42750f7e.udd" 4266
"C:/Users/andrz/AppData/Local/UnrealEngine/Common/DerivedDataCache/Buckets/BulkDataList/fc/ac/570c2d81c41ccf30db2e281705ce538a06fe.udd" 4267
"C:/Users/andrz/AppData/Local/UnrealEngine/Common/DerivedDataCache/Buckets/BulkDataList/69/e5/61327d5f21bd05e0236cc53714c1593d0671.udd" 4268
"C:/Users/andrz/AppData/Local/UnrealEngine/Common/DerivedDataCache/Buckets/BulkDataList/4b/47/58b3253d0bb469f297c0b1d7b22316e86119.udd" 4269
"C:/Users/andrz/AppData/Local/UnrealEngine/Common/DerivedDataCache/Buckets/LegacyTEXTURE/7d/3b/2bb002719ab8cc0e65c005cb1bb96c1a0dd5.udd" 4270
"C:/Users/andrz/AppData/Local/UnrealEngine/Common/DerivedDataCache/Buckets/LegacyTEXTURE/e6/b1/604322c83f3f16d438a4c68e42fdb976cf93.udd" 4271
"C:/Users/andrz/AppData/Local/UnrealEngine/Common/DerivedDataCache/Buckets/BulkDataList/be/9f/3e47100d724ad10e6958b5171fa06bfd06fb.udd" 4272
"C:/Users/andrz/AppData/Local/UnrealEngine/Common/DerivedDataCache/Buckets/LegacyTEXTURE/87/41/58d9fe0bf18d3bd9e902ee854ef45437328e.udd" 4273
"C:/Users/andrz/AppData/Local/UnrealEngine/Common/DerivedDataCache/Buckets/LegacyTEXTURE/a5/6a/7e50950f2507a4359c3f2702731907d8383f.udd" 4274
"C:/Users/andrz/AppData/Local/UnrealEngine/Common/DerivedDataCache/Buckets/LegacyTEXTURE/46/e5/21a282437420993d55964c5af7bc6209beac.udd" 4275
"C:/Users/andrz/AppData/Local/UnrealEngine/Common/DerivedDataCache/Buckets/LegacyTEXTURE/32/d6/6675bb9b86b89a8639f854dc0acdf3acd663.udd" 4276
"C:/Users/andrz/AppData/Local/UnrealEngine/Common/DerivedDataCache/Buckets/LegacyTEXTURE/c4/8e/a47f359cd35969a8d6b7ec5245b59d1ebf34.udd" 4277
"C:/Users/andrz/AppData/Local/UnrealEngine/Common/DerivedDataCache/Buckets/LegacyTEXTURE/3f/8b/bf5a08a058e9449c99bd303f6a31aaedcfd2.udd" 4278
"C:/Users/andrz/AppData/Local/UnrealEngine/Common/DerivedDataCache/Buckets/LegacyTEXTURE/fa/3d/e6e68e72920536c2ba566622a14d88c80459.udd" 4279
"C:/Users/andrz/AppData/Local/UnrealEngine/Common/DerivedDataCache/Buckets/LegacyTEXTURE/ff/59/268c5c2af61a042bebc4925f9e3397f8bea6.udd" 4280
"C:/Users/andrz/AppData/Local/UnrealEngine/Common/DerivedDataCache/Buckets/LegacyTEXTURE/5e/53/99f0ce34cb4254b291eeb6cb98460cadc4f7.udd" 4281
"C:/Users/andrz/AppData/Local/UnrealEngine/Common/DerivedDataCache/Buckets/LegacyTEXTURE/ad/01/cd6892601e5e8c920471e7d4e2bf633ed4d3.udd" 4282
"C:/Users/andrz/AppData/Local/UnrealEngine/Common/DerivedDataCache/Buckets/LegacyTEXTURE/d9/8f/7ec8c7564aba79461d6846087ed87ff46714.udd" 4283
"C:/Users/andrz/AppData/Local/UnrealEngine/Common/DerivedDataCache/Buckets/LegacyTEXTURE/c9/4c/9f5e0ab36c82db690214a78ace4136a8322d.udd" 4284
"C:/Users/andrz/AppData/Local/UnrealEngine/Common/DerivedDataCache/Buckets/LegacyTEXTURE/c4/c3/c9fbbccab9d410465d4027944e19bd1f2c27.udd" 4285
"C:/Users/andrz/AppData/Local/UnrealEngine/Common/DerivedDataCache/Buckets/LegacyTEXTURE/0f/34/c1a4fdaf2a7d6cbfa8c4d283715153750cf2.udd" 4286
"C:/Users/andrz/AppData/Local/UnrealEngine/Common/DerivedDataCache/Buckets/LegacyTEXTURE/9d/64/165ea0da24b67bbc25a70371603f7dc3a25f.udd" 4287
"C:/Users/andrz/AppData/Local/UnrealEngine/Common/DerivedDataCache/Buckets/BulkDataList/e7/ab/89e8b7c35bd32d88ac0dcd3ac9c944dbe9c3.udd" 4288
"C:/Users/andrz/AppData/Local/UnrealEngine/Common/DerivedDataCache/Buckets/LegacyTEXTURE/67/c4/4b9eaf0ae93aa5da3e8921bc72ebd1deaac0.udd" 4289
"C:/Users/andrz/AppData/Local/UnrealEngine/Common/DerivedDataCache/Buckets/BulkDataList/49/43/e8f021df81b098d296cdfa40954f4497b01b.udd" 4290
"C:/Users/andrz/AppData/Local/UnrealEngine/Common/DerivedDataCache/Buckets/LegacyTEXTURE/14/be/f7426335607334addb89f80965e9ecf9c6dd.udd" 4291
"C:/Users/andrz/AppData/Local/UnrealEngine/Common/DerivedDataCache/Buckets/LegacyTEXTURE/3e/a0/d8e14f7d3a93658857a08cc114b2b3547d3d.udd" 4292
"../../../Engine/Content/EditorMeshes/ColorCalibrator/Color_checker.uasset" 4293
"../../../Engine/Content/Functions/Engine_MaterialFunctions01/Texturing/ScaleUVsByCenter.uasset" 4294
"F:/DANE/Project_2024/Content/StarterContent/Props/Materials/M_StatueGlass.uasset" 4295
"../../../Engine/Content/ArtTools/RenderToTexture/MaterialFunctions/CheckerPattern.uasset" 4296
"F:/DANE/Project_2024/Content/StarterContent/Props/Materials/M_TableRound.uasset" 4297
"F:/DANE/Project_2024/Content/StarterContent/Particles/Materials/M_Heat_Distortion.uasset" 4298
"../../../Engine/Content/Functions/Engine_MaterialFunctions02/ScreenResolution.uasset" 4299
"F:/DANE/Project_2024/Content/StarterContent/Props/Materials/M_Statue.uasset" 4300
"C:/Users/andrz/AppData/Local/UnrealEngine/Common/DerivedDataCache/Buckets/LegacyTEXTURE/4c/fd/94105eb26e7e5807898e40bdead574c94e82.udd" 4301
"C:/Users/andrz/AppData/Local/UnrealEngine/Common/DerivedDataCache/Content/0f/98/7fe48b8df7c16f31f998cafcfb1b5a05a807.udd" 4302
"C:/Users/andrz/AppData/Local/UnrealEngine/Common/DerivedDataCache/Buckets/BulkDataList/50/33/cacebe395a12461d6d1e34d1397d1e5dba20.udd" 4303
"C:/Users/andrz/AppData/Local/UnrealEngine/Common/DerivedDataCache/Buckets/BulkDataList/8a/5d/06a866e6a654b9c46d8978d9591aa36fbd17.udd" 4304
"C:/Users/andrz/AppData/Local/UnrealEngine/Common/DerivedDataCache/Buckets/BulkDataList/f3/78/1051a92d70f416b5d484cadd0c32c4d59c51.udd" 4305
"C:/Users/andrz/AppData/Local/UnrealEngine/Common/DerivedDataCache/Buckets/LegacyTEXTURE/24/43/7bbcd661568d85304f736acc4116a6f4f286.udd" 4306
"C:/Users/andrz/AppData/Local/UnrealEngine/Common/DerivedDataCache/Buckets/BulkDataList/18/cf/0968435a5e325c43d9a3d9214c0e24333672.udd" 4307
"C:/Users/andrz/AppData/Local/UnrealEngine/Common/DerivedDataCache/Buckets/LegacyTEXTURE/40/d3/ec1e12b7148794a149716b64022493fb2a9e.udd" 4308
"C:/Users/andrz/AppData/Local/UnrealEngine/Common/DerivedDataCache/Buckets/LegacyTEXTURE/f2/b8/fd0026e483a44533ddbfbc8edbf6feb4a83f.udd" 4309
"C:/Users/andrz/AppData/Local/UnrealEngine/Common/DerivedDataCache/Buckets/LegacyTEXTURE/c3/af/23409c7934cbdd87c9b422a1d58140966d88.udd" 4310
"C:/Users/andrz/AppData/Local/UnrealEngine/Common/DerivedDataCache/Buckets/LegacyTEXTURE/83/5b/b43a37b254b43e0142721af9df73d201f515.udd" 4311
"C:/Users/andrz/AppData/Local/UnrealEngine/Common/DerivedDataCache/Buckets/LegacyTEXTURE/2e/4a/59f78b51e3b9236146419d251e97403bb5a7.udd" 4312
"F:/DANE/Project_2024/Content/StarterContent/Particles/Materials/M_Spark.uasset" 4313
"F:/DANE/Project_2024/Content/StarterContent/Particles/Materials/M_smoke_subUV.uasset" 4314
"F:/DANE/Project_2024/Content/StarterContent/Props/Materials/M_Shelf.uasset" 4315
"F:/DANE/Project_2024/Content/StarterContent/Materials/M_Wood_Floor_Walnut_Polished.uasset" 4316
"F:/DANE/Project_2024/Content/StarterContent/Materials/M_Rock_Marble_Polished.uasset" 4317
"F:/DANE/Project_2024/Content/StarterContent/Materials/M_Wood_Walnut.uasset" 4318
"F:/DANE/Project_2024/Content/StarterContent/Materials/M_Wood_Pine.uasset" 4319
"F:/DANE/Project_2024/Content/StarterContent/Materials/M_Wood_Oak.uasset" 4320
"F:/DANE/Project_2024/Content/StarterContent/Materials/M_Tech_Panel.uasset" 4321
"F:/DANE/Project_2024/Content/StarterContent/Materials/M_Rock_Slate.uasset" 4322
"F:/DANE/Project_2024/Content/StarterContent/Materials/M_Tech_Hex_Tile_Pulse.uasset" 4323
"F:/DANE/Project_2024/Content/StarterContent/Materials/M_Rock_Sandstone.uasset" 4324
"F:/DANE/Project_2024/Content/StarterContent/Materials/M_Rock_Basalt.uasset" 4325
"F:/DANE/Project_2024/Content/StarterContent/Materials/M_Metal_Steel.uasset" 4326
"F:/DANE/Project_2024/Content/StarterContent/Materials/M_Metal_Gold.uasset" 4327
"F:/DANE/Project_2024/Content/StarterContent/Materials/M_Metal_Copper.uasset" 4328
"F:/DANE/Project_2024/Content/StarterContent/Materials/M_Metal_Chrome.uasset" 4329
"F:/DANE/Project_2024/Content/StarterContent/Materials/M_Metal_Burnished_Steel.uasset" 4330
"F:/DANE/Project_2024/Content/StarterContent/Materials/M_Metal_Brushed_Nickel.uasset" 4331
"F:/DANE/Project_2024/Content/StarterContent/Materials/M_Ground_Moss.uasset" 4332
"F:/DANE/Project_2024/Content/StarterContent/Props/Materials/M_Lamp.uasset" 4333
"F:/DANE/Project_2024/Content/StarterContent/Materials/M_Ground_Grass.uasset" 4334
"F:/DANE/Project_2024/Content/StarterContent/Materials/M_Ground_Gravel.uasset" 4335
"F:/DANE/Project_2024/Content/StarterContent/Particles/Materials/M_Fire_SubUV.uasset" 4336
"F:/DANE/Project_2024/Content/StarterContent/Particles/Materials/M_explosion_subUV.uasset" 4337
"F:/DANE/Project_2024/Content/StarterContent/Particles/Materials/M_Dust_Particle.uasset" 4338
"F:/DANE/Project_2024/Content/StarterContent/Materials/M_Concrete_Poured.uasset" 4339
"F:/DANE/Project_2024/Content/StarterContent/Materials/M_Concrete_Tiles.uasset" 4340
"F:/DANE/Project_2024/Content/StarterContent/Materials/M_Concrete_Panels.uasset" 4341
"C:/Users/andrz/AppData/Local/UnrealEngine/Common/DerivedDataCache/Buckets/MaterialShaderMap/59/60/8ba1714cf6ef73c5405dbbd24f634a0886e9.udd" 4342
"C:/Users/andrz/AppData/Local/UnrealEngine/Common/DerivedDataCache/Buckets/MaterialShaderMap/9a/af/f6f8b6327566998c87f89ccf168580ce0fa4.udd" 4343
"C:/Users/andrz/AppData/Local/UnrealEngine/Common/DerivedDataCache/Buckets/MaterialShaderMap/2c/90/d7b5c3af9cf23e9ce8e0527f5711b323a4eb.udd" 4344
"C:/Users/andrz/AppData/Local/UnrealEngine/Common/DerivedDataCache/Buckets/MaterialShaderMap/be/41/cd8b9b5867a5d27af6d71dbd03edff1d936f.udd" 4345
"F:/DANE/Project_2024/Content/StarterContent/Materials/M_CobbleStone_Smooth.uasset" 4346
"F:/DANE/Project_2024/Content/StarterContent/Materials/M_Concrete_Grime.uasset" 4347
"F:/DANE/Project_2024/Content/StarterContent/Materials/M_CobbleStone_Rough.uasset" 4348
"F:/DANE/Project_2024/Content/StarterContent/Materials/M_CobbleStone_Pebble.uasset" 4349
"F:/DANE/Project_2024/Content/StarterContent/Materials/M_Tech_Checker_Dot.uasset" 4350
"F:/DANE/Project_2024/Content/StarterContent/Props/Materials/M_Chair.uasset" 4351
"F:/DANE/Project_2024/Content/StarterContent/Materials/M_Ceramic_Tile_Checker.uasset" 4352
"F:/DANE/Project_2024/Content/StarterContent/Props/Materials/M_Bush.uasset" 4353
"F:/DANE/Project_2024/Content/StarterContent/Particles/Materials/M_Burst.uasset" 4354
"F:/DANE/Project_2024/Content/StarterContent/Materials/M_Brick_Hewn_Stone.uasset" 4355
"F:/DANE/Project_2024/Content/StarterContent/Materials/M_Brick_Clay_Old.uasset" 4356
"F:/DANE/Project_2024/Content/StarterContent/Materials/M_Brick_Cut_Stone.uasset" 4357
"F:/DANE/Project_2024/Content/StarterContent/Materials/M_Brick_Clay_New.uasset" 4358
"F:/DANE/Project_2024/Content/StarterContent/Props/SM_GlassWindow.uasset" 4359
"F:/DANE/Project_2024/Content/StarterContent/Materials/M_Brick_Clay_Beveled.uasset" 4360
"F:/DANE/Project_2024/Content/StarterContent/Shapes/Shape_WideCapsule.uasset" 4361
"F:/DANE/Project_2024/Content/StarterContent/Shapes/Shape_Wedge_B.uasset" 4362
"F:/DANE/Project_2024/Content/StarterContent/Shapes/Shape_Wedge_A.uasset" 4363
"F:/DANE/Project_2024/Content/StarterContent/Shapes/Shape_Tube.uasset" 4364
"F:/DANE/Project_2024/Content/StarterContent/Shapes/Shape_TriPyramid.uasset" 4365
"F:/DANE/Project_2024/Content/StarterContent/Shapes/Shape_Trim_90_In.uasset" 4366
"F:/DANE/Project_2024/Content/StarterContent/Shapes/Shape_Trim_90_Out.uasset" 4367
"F:/DANE/Project_2024/Content/StarterContent/Shapes/Shape_Trim.uasset" 4368
"F:/DANE/Project_2024/Content/StarterContent/Shapes/Shape_Torus.uasset" 4369
"F:/DANE/Project_2024/Content/StarterContent/Shapes/Shape_Sphere.uasset" 4370
"F:/DANE/Project_2024/Content/StarterContent/Shapes/Shape_QuadPyramid.uasset" 4371
"F:/DANE/Project_2024/Content/StarterContent/Shapes/Shape_Plane.uasset" 4372
"F:/DANE/Project_2024/Content/StarterContent/Shapes/Shape_Pipe_90.uasset" 4373
"F:/DANE/Project_2024/Content/StarterContent/Shapes/Shape_Pipe_180.uasset" 4374
"F:/DANE/Project_2024/Content/StarterContent/Shapes/Shape_Pipe.uasset" 4375
"F:/DANE/Project_2024/Content/StarterContent/Shapes/Shape_NarrowCapsule.uasset" 4376
"F:/DANE/Project_2024/Content/StarterContent/Shapes/Shape_Cylinder.uasset" 4377
"C:/Users/andrz/AppData/Local/UnrealEngine/Common/DerivedDataCache/Buckets/MaterialShaderMap/b2/4b/71988602b19ca6398da37d9c8e5aec24b6a2.udd" 4378
"C:/Users/andrz/AppData/Local/UnrealEngine/Common/DerivedDataCache/Buckets/MaterialShaderMap/f1/6d/19bd638e3f547ed857be31ed4a293d2db2b6.udd" 4379
"F:/DANE/Project_2024/Content/StarterContent/Shapes/Shape_Cube.uasset" 4380
"F:/DANE/Project_2024/Content/StarterContent/Shapes/Shape_Cone.uasset" 4381
"F:/DANE/Project_2024/Content/StarterContent/Architecture/Wall_Window_400x400.uasset" 4382
"F:/DANE/Project_2024/Content/StarterContent/Architecture/Wall_Window_400x300.uasset" 4383
"F:/DANE/Project_2024/Content/StarterContent/Architecture/Wall_Door_400x400.uasset" 4384
"F:/DANE/Project_2024/Content/StarterContent/Architecture/Wall_Door_400x300.uasset" 4385
"F:/DANE/Project_2024/Content/StarterContent/Architecture/Wall_500x500.uasset" 4386
"F:/DANE/Project_2024/Content/StarterContent/Architecture/Wall_400x400.uasset" 4387
"F:/DANE/Project_2024/Content/StarterContent/Architecture/Wall_400x300.uasset" 4388
"F:/DANE/Project_2024/Content/StarterContent/Architecture/Wall_400x200.uasset" 4389
"F:/DANE/Project_2024/Content/StarterContent/Architecture/Pillar_50x500.uasset" 4390
"F:/DANE/Project_2024/Content/StarterContent/Props/SM_Stairs.uasset" 4391
"F:/DANE/Project_2024/Content/StarterContent/Architecture/Floor_400x400.uasset" 4392
"F:/DANE/Project_2024/Content/StarterContent/Architecture/SM_AssetPlatform.uasset" 4393
"F:/DANE/Project_2024/Content/FirstPersonArms/Animations/FP_Walk_Fwd.uasset" 4394
"F:/DANE/Project_2024/Content/FirstPersonArms/Animations/FP_Rifle_Fire.uasset" 4395
"../../../Engine/Content/EngineMaterials/PPM_DefaultCalibrationGrayscale.uasset" 4396
"../../../Engine/Content/EngineMaterials/PPM_DefaultCalibrationColor.uasset" 4397
"../../../Engine/Content/MobileResources/HUD/DefaultVirtualJoysticks.uasset" 4398
"../../../Engine/Content/EditorMaterials/PreviewShadowIndicatorMaterial.uasset" 4399
"F:/DANE/Project_2024/Content/StarterContent/Props/Materials/M_Rock.uasset" 4400
"F:/DANE/Project_2024/Content/StarterContent/Materials/M_Water_Ocean.uasset" 4401
"F:/DANE/Project_2024/Content/StarterContent/Materials/M_Tech_Hex_Tile.uasset" 4402
"F:/DANE/Project_2024/Content/StarterContent/Materials/M_Metal_Rust.uasset" 4403
"F:/DANE/Project_2024/Content/StarterContent/Particles/Materials/M_radial_ramp.uasset" 4404
"F:/DANE/Project_2024/Content/StarterContent/Particles/Materials/M_Radial_Gradient.uasset" 4405
"F:/DANE/Project_2024/Content/StarterContent/Materials/M_Wood_Floor_Walnut_Worn.uasset" 4406
"F:/DANE/Project_2024/Content/StarterContent/Materials/M_ColorGrid_LowSpec.uasset" 4407
"F:/DANE/Project_2024/Content/StarterContent/Blueprints/Assets/M_LightStage_Skybox_Master.uasset" 4408
"../../../Engine/Content/EngineMaterials/AntiAliasedTextMaterialTranslucent.uasset" 4409
"../../../Engine/Content/EditorMeshes/ColorCalibrator/M_ColorGrid.uasset" 4410
"../../../Engine/Content/EngineSky/M_Sky_Panning_Clouds2.uasset" 4411
"../../../Engine/Content/Maps/Entry.umap" 4412
"../../../Engine/Content/Functions/Engine_MaterialFunctions02/Texturing/ScreenAlignedUVs.uasset" 4413
"../../../Engine/Plugins/Animation/ControlRig/Content/Controls/ControlRig_Wedge_3mm.uasset" 4414
"../../../Engine/Plugins/Animation/ControlRig/Content/Controls/ControlRig_Wedge_1mm.uasset" 4415
"../../../Engine/Plugins/Animation/ControlRig/Content/Controls/ControlRig_Wedge_solid.uasset" 4416
"../../../Engine/Plugins/Animation/ControlRig/Content/Controls/ControlRig_Triangle_solid.uasset" 4417
"../../../Engine/Plugins/Animation/ControlRig/Content/Controls/ControlRig_Triangle_1mm.uasset" 4418
"../../../Engine/Plugins/Animation/ControlRig/Content/Controls/ControlRig_Triangle_3mm.uasset" 4419
"../../../Engine/Plugins/Animation/ControlRig/Content/Controls/ControlRig_Star4_solid.uasset" 4420
"../../../Engine/Plugins/Animation/ControlRig/Content/Controls/ControlRig_Star4_3mm.uasset" 4421
"../../../Engine/Plugins/Animation/ControlRig/Content/Controls/ControlRig_Star4_1mm.uasset" 4422
"../../../Engine/Plugins/Animation/ControlRig/Content/Controls/ControlRig_Square_solid.uasset" 4423
"../../../Engine/Plugins/Animation/ControlRig/Content/Controls/ControlRig_Square_3mm.uasset" 4424
"../../../Engine/Plugins/Animation/ControlRig/Content/Controls/ControlRig_Sphere_3mm.uasset" 4425
"../../../Engine/Plugins/Animation/ControlRig/Content/Controls/ControlRig_Square_1mm.uasset" 4426
"../../../Engine/Plugins/Animation/ControlRig/Content/Controls/ControlRig_Sphere_1mm.uasset" 4427
"../../../Engine/Plugins/Animation/ControlRig/Content/Controls/ControlRig_RoundedTriangle_solid.uasset" 4428
"../../../Engine/Plugins/Animation/ControlRig/Content/Controls/ControlRig_RoundedTriangle_3mm.uasset" 4429
"../../../Engine/Plugins/Animation/ControlRig/Content/Controls/ControlRig_RoundedTriangle_1mm.uasset" 4430
"../../../Engine/Plugins/Animation/ControlRig/Content/Controls/ControlRig_RoundedSquare_solid.uasset" 4431
"../../../Engine/Plugins/Animation/ControlRig/Content/Controls/ControlRig_RoundedSquare_3mm.uasset" 4432
"../../../Engine/Plugins/Animation/ControlRig/Content/Controls/ControlRig_RoundedSquare_1mm.uasset" 4433
"C:/Users/andrz/AppData/Local/UnrealEngine/Common/DerivedDataCache/Buckets/StaticMesh/f3/ae/58cd840e4b91c8e7cb75b97f8f5a8468b269.udd" 4434
"C:/Users/andrz/AppData/Local/UnrealEngine/Common/DerivedDataCache/Buckets/LegacyDIST/f2/3f/9c7ce5d46461bde21a88213ebf544c9ddf00.udd" 4435
"C:/Users/andrz/AppData/Local/UnrealEngine/Common/DerivedDataCache/Buckets/LegacyCARD/b2/16/fc67ebc5418473d8e15f3e2743c5f79349be.udd" 4436
"C:/Users/andrz/AppData/Local/UnrealEngine/Common/DerivedDataCache/Buckets/LegacyNavCollision/43/2a/bbeb431847ee8c13a7abc0c8cda094ecb3ba.udd" 4437
"../../../Engine/Plugins/Animation/ControlRig/Content/Controls/ControlRig_QuarterCircle_solid.uasset" 4438
"../../../Engine/Plugins/Animation/ControlRig/Content/Controls/ControlRig_QuarterCircle_3mm.uasset" 4439
"../../../Engine/Plugins/Animation/ControlRig/Content/Controls/ControlRig_QuarterCircle_1mm.uasset" 4440
"../../../Engine/Plugins/Animation/ControlRig/Content/Controls/ControlRig_Pyramid_solid.uasset" 4441
"../../../Engine/Plugins/Animation/ControlRig/Content/Controls/ControlRig_Pyramid_3mm.uasset" 4442
"../../../Engine/Plugins/Animation/ControlRig/Content/Controls/ControlRig_Pyramid_1mm.uasset" 4443
"../../../Engine/Plugins/Animation/ControlRig/Content/Controls/ControlRig_Octagon_solid.uasset" 4444
"../../../Engine/Plugins/Animation/ControlRig/Content/Controls/ControlRig_Octagon_3mm.uasset" 4445
"../../../Engine/Plugins/Animation/ControlRig/Content/Controls/ControlRig_Octagon_1mm.uasset" 4446
"../../../Engine/Plugins/Animation/ControlRig/Content/Controls/ControlRig_Hexagon_solid.uasset" 4447
"../../../Engine/Plugins/Animation/ControlRig/Content/Controls/ControlRig_Hexagon_1mm.uasset" 4448
"../../../Engine/Plugins/Animation/ControlRig/Content/Controls/ControlRig_Hexagon_3mm.uasset" 4449
"../../../Engine/Plugins/Animation/ControlRig/Content/Controls/ControlRig_HalfCircle_solid.uasset" 4450
"../../../Engine/Plugins/Animation/ControlRig/Content/Controls/ControlRig_HalfCircle_3mm.uasset" 4451
"../../../Engine/Plugins/Animation/ControlRig/Content/Controls/ControlRig_HalfCircle_1mm.uasset" 4452
"../../../Engine/Plugins/Animation/ControlRig/Content/Controls/ControlRig_Diamond_solid.uasset" 4453
"../../../Engine/Plugins/Animation/ControlRig/Content/Controls/ControlRig_Diamond_3mm.uasset" 4454
"../../../Engine/Plugins/Animation/ControlRig/Content/Controls/ControlRig_Diamond_1mm.uasset" 4455
"../../../Engine/Plugins/Animation/ControlRig/Content/Controls/ControlRig_Circle_solid.uasset" 4456
"../../../Engine/Plugins/Animation/ControlRig/Content/Controls/ControlRig_Circle_3mm.uasset" 4457
"../../../Engine/Plugins/Animation/ControlRig/Content/Controls/ControlRig_Circle_1mm.uasset" 4458
"../../../Engine/Plugins/Animation/ControlRig/Content/Controls/ControlRig_Box_solid.uasset" 4459
"../../../Engine/Plugins/Animation/ControlRig/Content/Controls/ControlRig_Box_3mm.uasset" 4460
"../../../Engine/Plugins/Animation/ControlRig/Content/Controls/ControlRig_Box_1mm.uasset" 4461
"../../../Engine/Plugins/Animation/ControlRig/Content/Controls/ControlRig_Arrow_solid.uasset" 4462
"../../../Engine/Plugins/Animation/ControlRig/Content/Controls/ControlRig_Arrow_3mm.uasset" 4463
"../../../Engine/Plugins/Animation/ControlRig/Content/Controls/ControlRig_Arrow_1mm.uasset" 4464
"../../../Engine/Plugins/Animation/ControlRig/Content/Controls/ControlRig_Arrow4_solid.uasset" 4465
"../../../Engine/Plugins/Animation/ControlRig/Content/Controls/ControlRig_Arrow4_3mm.uasset" 4466
"../../../Engine/Plugins/Animation/ControlRig/Content/Controls/ControlRig_Arrow4_1mm.uasset" 4467
"../../../Engine/Plugins/Animation/ControlRig/Content/Controls/ControlRig_Arrow2_solid.uasset" 4468
"../../../Engine/Plugins/Animation/ControlRig/Content/Controls/ControlRig_Arrow2_3mm.uasset" 4469
"../../../Engine/Plugins/Animation/ControlRig/Content/Controls/ControlRig_Sphere_solid.uasset" 4470
"../../../Engine/Plugins/Animation/ControlRig/Content/Controls/ControlRig_Arrow2_1mm.uasset" 4471
"F:/DANE/Project_2024/Content/Maps/WinMap.umap" 4472
"F:/DANE/Project_2024/Content/Maps/MainMenuMap.umap" 4473
"F:/DANE/Project_2024/Content/Maps/GameOverMap.umap" 4474
"F:/DANE/Project_2024/Content/StarterContent/Blueprints/Assets/SM_Arrows.uasset" 4475
"F:/DANE/Project_2024/Content/StarterContent/Props/MaterialSphere.uasset" 4476
"F:/DANE/Project_2024/Content/StarterContent/Props/SM_TableRound.uasset" 4477
"F:/DANE/Project_2024/Content/StarterContent/Props/SM_Statue.uasset" 4478
"F:/DANE/Project_2024/Content/StarterContent/Particles/P_Steam_Lit.uasset" 4479
"F:/DANE/Project_2024/Content/StarterContent/Particles/P_Smoke.uasset" 4480
"F:/DANE/Project_2024/Content/StarterContent/Props/SM_Shelf.uasset" 4481
"F:/DANE/Project_2024/Content/StarterContent/Props/SM_Lamp_Wall.uasset" 4482
"F:/DANE/Project_2024/Content/StarterContent/Props/SM_Lamp_Ceiling.uasset" 4483
"F:/DANE/Project_2024/Content/StarterContent/Props/SM_WindowFrame.uasset" 4484
"F:/DANE/Project_2024/Content/StarterContent/Props/SM_PillarFrame300.uasset" 4485
"F:/DANE/Project_2024/Content/StarterContent/Props/SM_PillarFrame.uasset" 4486
"F:/DANE/Project_2024/Content/StarterContent/Props/SM_CornerFrame.uasset" 4487
"F:/DANE/Project_2024/Content/StarterContent/Particles/P_Ambient_Dust.uasset" 4488
"F:/DANE/Project_2024/Content/StarterContent/Props/SM_Couch.uasset" 4489
"F:/DANE/Project_2024/Content/StarterContent/Props/SM_Chair.uasset" 4490
"F:/DANE/Project_2024/Content/StarterContent/Props/SM_Bush.uasset" 4491
"F:/DANE/Project_2024/Content/LevelPrototyping/Meshes/SM_ChamferCube.uasset" 4492
"F:/DANE/Project_2024/Content/FPWeapon/Mesh/FirstPersonProjectileMesh.uasset" 4493
"F:/DANE/Project_2024/Content/FirstPersonArms/Animations/FP_Rifle_Shoot_Montage.uasset" 4494
"F:/DANE/Project_2024/Content/StarterContent/Props/SM_Rock.uasset" 4495
"C:/Users/andrz/AppData/Local/UnrealEngine/Common/DerivedDataCache/Buckets/BulkDataList/5f/9d/23139be0dcdbb1df832ac4437afa59b69e92.udd" 4496
"C:/Users/andrz/AppData/Local/UnrealEngine/Common/DerivedDataCache/Buckets/BulkDataList/2f/be/cd7eda03818b49aeceec9cc0c3b6d52e285c.udd" 4497
"F:/DANE/Project_2024/Content/StarterContent/Particles/P_Sparks.uasset" 4498
"F:/DANE/Project_2024/Content/StarterContent/Particles/P_Explosion.uasset" 4499
"F:/DANE/Project_2024/Content/StarterContent/Particles/P_Fire.uasset" 4500
"F:/DANE/Project_2024/Content/StarterContent/Blueprints/Assets/M_LightStage_Skybox_HDRI.uasset" 4501
"../../../Engine/Content/EngineSky/SM_SkySphere.uasset" 4502
"F:/DANE/Project_2024/Content/StarterContent/Blueprints/Assets/M_LightStage_Skybox_Black.uasset" 4503
"../../../Engine/Content/EditorMeshes/ColorCalibrator/SM_ColorCalibrator.uasset" 4504
"../../../Engine/Content/EditorMaterials/Thumbnails/SkySphereMaterial.uasset" 4505
"F:/DANE/Project_2024/Content/Blueprints/BP_SpawnPlace.uasset" 4506
"F:/DANE/Project_2024/Content/Blueprints/BP_Enemy_04.uasset" 4507
"F:/DANE/Project_2024/Content/Blueprints/BP_Button01.uasset" 4508
"F:/DANE/Project_2024/Content/StarterContent/Blueprints/Blueprint_Effect_Steam.uasset" 4509
"F:/DANE/Project_2024/Content/StarterContent/Blueprints/Blueprint_Effect_Smoke.uasset" 4510
"F:/DANE/Project_2024/Content/StarterContent/Blueprints/Blueprint_WallSconce.uasset" 4511
"F:/DANE/Project_2024/Content/StarterContent/Blueprints/Blueprint_CeilingLight.uasset" 4512
"F:/DANE/Project_2024/Content/FirstPerson/Blueprints/BP_FirstPersonProjectile.uasset" 4513
"F:/DANE/Project_2024/Content/StarterContent/Blueprints/Blueprint_Effect_Explosion.uasset" 4514
"F:/DANE/Project_2024/Content/StarterContent/Blueprints/Blueprint_Effect_Fire.uasset" 4515
"F:/DANE/Project_2024/Content/StarterContent/Blueprints/Blueprint_Effect_Sparks.uasset" 4516
"F:/DANE/Project_2024/Content/StarterContent/Maps/Minimal_Default.umap" 4517
"C:/Users/andrz/AppData/Local/UnrealEngine/Common/DerivedDataCache/Buckets/BulkDataList/29/83/f72d61da88221e1083fc5c5eeeb1866db385.udd" 4518
"C:/Users/andrz/AppData/Local/UnrealEngine/Common/DerivedDataCache/Buckets/BulkDataList/7c/60/83538ba818ed646c272df59d24469ecd0610.udd" 4519
"C:/Users/andrz/AppData/Local/UnrealEngine/Common/DerivedDataCache/Buckets/BulkDataList/82/ab/f375e978119b69b3286a9ff7b2400ec69f11.udd" 4520
"F:/DANE/Project_2024/Content/StarterContent/Blueprints/Assets/Skybox.uasset" 4521
"F:/DANE/Project_2024/Content/Blueprints/BP_Button03.uasset" 4522
"F:/DANE/Project_2024/Content/StarterContent/Maps/StarterMap.umap" 4523
"F:/DANE/Project_2024/Content/LevelPrototyping/Materials/MI_PrototypeGrid_TopDark.uasset" 4524
"F:/DANE/Project_2024/Content/StarterContent/Blueprints/BP_LightStudio.uasset" 4525
"F:/DANE/Project_2024/Content/LevelPrototyping/Materials/MI_PrototypeGrid_Gray_02.uasset" 4526
"F:/DANE/Project_2024/Content/LevelPrototyping/Meshes/SM_Ramp.uasset" 4527
"F:/DANE/Project_2024/Content/LevelPrototyping/Meshes/SM_QuarterCylinder.uasset" 4528
"F:/DANE/Project_2024/Content/LevelPrototyping/Meshes/SM_Cylinder.uasset" 4529
"F:/DANE/Project_2024/Content/LevelPrototyping/Meshes/SM_Cube.uasset" 4530
"F:/DANE/Project_2024/Content/StarterContent/Maps/Advanced_Lighting.umap" 4531
"../../../Engine/Content/EngineSounds/Submixes/MasterEQSubmixDefault.uasset" 4532
"../../../Engine/Content/EngineSounds/Submixes/MasterSubmixDefault.uasset" 4533
"../../../Engine/Content/EngineSounds/Submixes/MasterReverbSubmixDefault.uasset" 4534
"F:/DANE/Project_2024/Content/FirstPerson/Blueprints/BP_Weapon_Component.uasset" 4535
"F:/DANE/Project_2024/Content/Blueprints/BP_Enemy_02.uasset" 4536
"F:/DANE/Project_2024/Content/FirstPerson/Blueprints/BP_Pickup_Rifle.uasset" 4537
"F:/DANE/Project_2024/Content/Blueprints/BP_Enemy_03.uasset" 4538
"F:/DANE/Project_2024/Content/Maps/House.umap" 4539
"F:/DANE/Project_2024/Content/Blueprints/BP_Button02.uasset" 4540
"F:/DANE/Project_2024/Content/Widgets/WB_MapWidget.uasset" 4541
"F:/DANE/Project_2024/Content/Blueprints/BP_Station.uasset" 4542
"F:/DANE/Project_2024/Content/Widgets/WB_LogWidget.uasset" 4543
"F:/DANE/Project_2024/Content/Widgets/WB_ChatWidget.uasset" 4544
"F:/DANE/Project_2024/Content/Widgets/WB_CameraUI.uasset" 4545
"F:/DANE/Project_2024/Content/Maps/Bunker.umap" 4546
"F:/DANE/Project_2024/Content/Widgets/WB_CameraCheck.uasset" 4547
"F:/DANE/Project_2024/Content/__ExternalActors__/FirstPerson/Maps/FirstPersonMap/0/CL/381LM03PFI8AF9NED1SEV2.uasset" 4548
"F:/DANE/Project_2024/Content/__ExternalActors__/FirstPerson/Maps/FirstPersonMap/0/GO/I8WEFD3RY9V3NVQLSU6QM4.uasset" 4549
"F:/DANE/Project_2024/Content/__ExternalActors__/FirstPerson/Maps/FirstPersonMap/0/HA/VF7WBFXTDUGQI2YPOZQ1ZA.uasset" 4550
"F:/DANE/Project_2024/Content/__ExternalActors__/FirstPerson/Maps/FirstPersonMap/0/WB/V4ALNTJYOVWM8BU452CKV5.uasset" 4551
"F:/DANE/Project_2024/Content/__ExternalActors__/FirstPerson/Maps/FirstPersonMap/0/WD/QDRGZ1WLZM37TN028WITE7.uasset" 4552
"C:/Users/andrz/AppData/Local/UnrealEngine/Common/DerivedDataCache/Buckets/AnimationSequence/91/3f/739e5ddbb1d010d2f2e5f18555693fc15c6e.udd" 4553
"F:/DANE/Project_2024/Content/__ExternalActors__/FirstPerson/Maps/FirstPersonMap/1/LK/5DXFTB78OLNGRQ9IFC5ZBG.uasset" 4554
"F:/DANE/Project_2024/Content/__ExternalActors__/FirstPerson/Maps/FirstPersonMap/1/O3/F65PD0K97TNPR2S9CP491D.uasset" 4555
"F:/DANE/Project_2024/Content/__ExternalActors__/FirstPerson/Maps/FirstPersonMap/1/RN/55P1SMQLAF7OK6300D5I8N.uasset" 4556
"F:/DANE/Project_2024/Content/__ExternalActors__/FirstPerson/Maps/FirstPersonMap/2/9R/FPR8G78FDLAFDNRVHP8CQB.uasset" 4557
"F:/DANE/Project_2024/Content/__ExternalActors__/FirstPerson/Maps/FirstPersonMap/2/NC/6IWOAOETTN85U6VJ1R6RIR.uasset" 4558
"F:/DANE/Project_2024/Content/__ExternalActors__/FirstPerson/Maps/FirstPersonMap/2/PD/E4T6WOJJXR5YYBUMBE0UMG.uasset" 4559
"F:/DANE/Project_2024/Content/__ExternalActors__/FirstPerson/Maps/FirstPersonMap/2/WU/HSS4Z9MQBL6LHG6AL58FPE.uasset" 4560
"F:/DANE/Project_2024/Content/__ExternalActors__/FirstPerson/Maps/FirstPersonMap/2/WV/M2J80UYX1EW826GBFXUG3W.uasset" 4561
"F:/DANE/Project_2024/Content/__ExternalActors__/FirstPerson/Maps/FirstPersonMap/3/AI/0XWE3RNM2XQC0ST1KXG02O.uasset" 4562
"F:/DANE/Project_2024/Content/__ExternalActors__/FirstPerson/Maps/FirstPersonMap/3/CK/79T9QABAB9FAQO3NJI8TU3.uasset" 4563
"F:/DANE/Project_2024/Content/__ExternalActors__/FirstPerson/Maps/FirstPersonMap/3/JK/C0DXZO2KWBGCHWRI730AR1.uasset" 4564
"F:/DANE/Project_2024/Content/__ExternalActors__/FirstPerson/Maps/FirstPersonMap/3/W8/I4TON04239GFZAA8ES9XVX.uasset" 4565
"F:/DANE/Project_2024/Content/__ExternalActors__/FirstPerson/Maps/FirstPersonMap/3/XP/UPXGD9043RS3LJ3D08QO91.uasset" 4566
"F:/DANE/Project_2024/Content/__ExternalActors__/FirstPerson/Maps/FirstPersonMap/4/1T/BZVGY6Q6U5V33Q43E3I7AR.uasset" 4567
"F:/DANE/Project_2024/Content/__ExternalActors__/FirstPerson/Maps/FirstPersonMap/4/M1/FAKICDKV8SVZ6IMIH7A3JG.uasset" 4568
"F:/DANE/Project_2024/Content/__ExternalActors__/FirstPerson/Maps/FirstPersonMap/5/8C/EAHCBN229IT8APJO305AH5.uasset" 4569
"F:/DANE/Project_2024/Content/__ExternalActors__/FirstPerson/Maps/FirstPersonMap/5/Z2/RYT4QGSE9THHK8O5LOMR2K.uasset" 4570
"F:/DANE/Project_2024/Content/__ExternalActors__/FirstPerson/Maps/FirstPersonMap/6/0Z/5RQIHCZ9W3UXRGL4LTLQAK.uasset" 4571
"F:/DANE/Project_2024/Content/__ExternalActors__/FirstPerson/Maps/FirstPersonMap/6/AJ/2XZ3RUK0LFB63FVNQE7P5R.uasset" 4572
"F:/DANE/Project_2024/Content/__ExternalActors__/FirstPerson/Maps/FirstPersonMap/6/G8/Y5HEDECDVV7FHHMY2UBFQP.uasset" 4573
"F:/DANE/Project_2024/Content/__ExternalActors__/FirstPerson/Maps/FirstPersonMap/7/KC/62BKUEXW36MQFH596QRLTA.uasset" 4574
"F:/DANE/Project_2024/Content/__ExternalActors__/FirstPerson/Maps/FirstPersonMap/7/L5/1ZJ54FMA0DAL3I2Q8RFAIB.uasset" 4575
"F:/DANE/Project_2024/Content/__ExternalActors__/FirstPerson/Maps/FirstPersonMap/7/NT/I2W5YM6HTF084WYAHC0WBV.uasset" 4576
"F:/DANE/Project_2024/Content/__ExternalActors__/FirstPerson/Maps/FirstPersonMap/7/UN/DP9RJ0XI3TZPW2QYAWGKZX.uasset" 4577
"F:/DANE/Project_2024/Content/__ExternalActors__/FirstPerson/Maps/FirstPersonMap/8/Z7/W1SXRCM1KAKBJOIZDLHZ47.uasset" 4578
"F:/DANE/Project_2024/Content/__ExternalActors__/FirstPerson/Maps/FirstPersonMap/9/VB/G3E9JX4685KR0RE139CW26.uasset" 4579
"F:/DANE/Project_2024/Content/__ExternalActors__/FirstPerson/Maps/FirstPersonMap/9/XX/VE30KG9EA2FLZ9YMNLGKWW.uasset" 4580
"F:/DANE/Project_2024/Content/__ExternalActors__/FirstPerson/Maps/FirstPersonMap/9/XX/5AAVSOG76YAE9P05B9J36C.uasset" 4581
"F:/DANE/Project_2024/Content/__ExternalActors__/FirstPerson/Maps/FirstPersonMap/A/XJ/HL558UUAGCS9HVVOI0S7PX.uasset" 4582
"F:/DANE/Project_2024/Content/__ExternalActors__/FirstPerson/Maps/FirstPersonMap/B/3T/RHDBIQG50Q29B34KTRNJW2.uasset" 4583
"F:/DANE/Project_2024/Content/__ExternalActors__/FirstPerson/Maps/FirstPersonMap/B/9Z/1V8RT6G54ILM9UYBJUGEJ3.uasset" 4584
"F:/DANE/Project_2024/Content/__ExternalActors__/FirstPerson/Maps/FirstPersonMap/C/5S/PKJUXJN2LQH5MPDK2GL83W.uasset" 4585
"F:/DANE/Project_2024/Content/__ExternalActors__/FirstPerson/Maps/FirstPersonMap/C/7A/TPO9WGZOSX9GJ9Z0Y23HCC.uasset" 4586
"F:/DANE/Project_2024/Content/__ExternalActors__/FirstPerson/Maps/FirstPersonMap/C/VO/VMN4G7K3NKKV6F8HTPHHDB.uasset" 4587
"F:/DANE/Project_2024/Content/__ExternalActors__/FirstPerson/Maps/FirstPersonMap/C/ZU/PDQ0AB8RLNMVID876FD49G.uasset" 4588
"F:/DANE/Project_2024/Content/__ExternalActors__/FirstPerson/Maps/FirstPersonMap/D/ED/CWSOK05K4YSOULE2J8T1E4.uasset" 4589
"F:/DANE/Project_2024/Content/__ExternalActors__/FirstPerson/Maps/FirstPersonMap/E/9A/ILGCBMFWU63NHH5FUGI5FM.uasset" 4590
"F:/DANE/Project_2024/Content/__ExternalActors__/FirstPerson/Maps/FirstPersonMap/E/MX/R1GV431P5FDO08OFULRA01.uasset" 4591
"F:/DANE/Project_2024/Content/__ExternalActors__/FirstPerson/Maps/FirstPersonMap/E/UE/YUZ9741T50O1SYRX90OB0S.uasset" 4592
"F:/DANE/Project_2024/Content/__ExternalActors__/FirstPerson/Maps/FirstPersonMap/E/Z9/SUB8FLYGXNJAMIXRNO5F42.uasset" 4593
"../../../Engine/Content/EditorResources/EmptyActor.uasset" 4594
"C:/Users/andrz/AppData/Local/UnrealEngine/Common/DerivedDataCache/Buckets/BulkDataList/72/45/f81a362606074a50812f5ad4d72aea6b686f.udd" 4595
"../../../Engine/Content/EditorResources/LightIcons/S_LightError.uasset" 4596
"C:/Users/andrz/AppData/Local/UnrealEngine/Common/DerivedDataCache/Buckets/BulkDataList/00/cf/a3dd2b6623f75f0139ebcb22edab9d5c47cc.udd" 4597
"../../../Engine/Content/EditorResources/AudioIcons/S_AudioComponent_AutoActivate.uasset" 4598
"C:/Users/andrz/AppData/Local/UnrealEngine/Common/DerivedDataCache/Buckets/BulkDataList/a5/9f/c712f8e09fb5e066417e2621da5cf9b7e0c8.udd" 4599
"../../../Engine/Content/EditorResources/AudioIcons/S_AudioComponent.uasset" 4600
"C:/Users/andrz/AppData/Local/UnrealEngine/Common/DerivedDataCache/Buckets/BulkDataList/89/83/f4f05a1623c02cf0cfe2c5235713def620ac.udd" 4601
